date,state,sales
2019-10-06,Alabama,129106730
2019-10-13,Alabama,123782286
2019-10-20,Alabama,116218909
2019-10-27,Alabama,109968011
2019-11-03,Alabama,112189104
2019-11-10,Alabama,110932913
2019-11-17,Alabama,109056410
2019-11-24,Alabama,113040422
2019-12-01,Alabama,109574036
2019-12-08,Alabama,108083724
2019-12-15,Alabama,108528456
2019-12-22,Alabama,116541575
2019-12-29,Alabama,106949922
2020-01-05,Alabama,104239954
2020-01-12,Alabama,108717628
2020-01-19,Alabama,105904866
2020-01-26,Alabama,106265737
2020-02-02,Alabama,108358280
2020-02-09,Alabama,109022482
2020-02-16,Alabama,107397612
2020-02-23,Alabama,107801054
2020-03-01,Alabama,116651493
2020-03-08,Alabama,119441834
2020-03-15,Alabama,132632134
2020-03-22,Alabama,127145065
2020-03-29,Alabama,116657084
2020-04-05,Alabama,123259529
2020-04-12,Alabama,117506179
2020-04-19,Alabama,117742073
2020-04-26,Alabama,118114595
2020-05-03,Alabama,128066131
2020-05-10,Alabama,127906087
2020-05-17,Alabama,130340051
2020-05-24,Alabama,134708619
2020-05-31,Alabama,129887877
2020-06-07,Alabama,132304541
2020-06-14,Alabama,131401893
2020-06-21,Alabama,133712552
2020-06-28,Alabama,132320128
2020-07-05,Alabama,138414683
2020-07-12,Alabama,129799793
2020-07-19,Alabama,133548791
2020-07-26,Alabama,132657649
2020-08-02,Alabama,131945461
2020-08-09,Alabama,137744835
2020-08-16,Alabama,137880677
2020-08-23,Alabama,131642695
2020-08-30,Alabama,128713002
2020-09-06,Alabama,137905687
2020-09-13,Alabama,134469488
2020-09-20,Alabama,129079260
2020-09-27,Alabama,127614100
2020-10-04,Alabama,133713630
2020-10-11,Alabama,128170886
2020-10-18,Alabama,122464550
2020-10-25,Alabama,121301025
2020-11-01,Alabama,120522114
2020-11-08,Alabama,120902500
2020-11-15,Alabama,117987142
2020-11-22,Alabama,124645965
2020-11-29,Alabama,118491656
2020-12-06,Alabama,116104621
2020-12-13,Alabama,116502691
2020-12-20,Alabama,122244236
2020-12-27,Alabama,115522663
2021-01-03,Alabama,115331048
2021-01-10,Alabama,117780959
2021-01-17,Alabama,115816664
2021-01-24,Alabama,113870548
2021-01-31,Alabama,115802738
2021-02-07,Alabama,117468184
2021-02-14,Alabama,115644582
2021-02-21,Alabama,112186375
2021-02-28,Alabama,124158003
2021-03-07,Alabama,126283023
2021-03-14,Alabama,143739698
2021-03-21,Alabama,138119750
2021-03-28,Alabama,124801756
2021-04-04,Alabama,131843895
2021-04-11,Alabama,126097509
2021-04-18,Alabama,126192682
2021-04-25,Alabama,127348328
2021-05-02,Alabama,134697460
2021-05-09,Alabama,136554064
2021-05-16,Alabama,135462842
2021-05-23,Alabama,140446890
2021-05-30,Alabama,139935911
2021-06-06,Alabama,140893518
2021-06-13,Alabama,137083192
2021-06-20,Alabama,144489981
2021-06-27,Alabama,140720826
2021-07-04,Alabama,150209239
2021-07-11,Alabama,137692247
2021-07-18,Alabama,143840884
2021-07-25,Alabama,143718288
2021-08-01,Alabama,146096098
2021-08-08,Alabama,151796623
2021-08-15,Alabama,149096388
2021-08-22,Alabama,142623393
2021-08-29,Alabama,140962323
2021-09-05,Alabama,148892734
2021-09-12,Alabama,142022733
2021-09-19,Alabama,133797917
2021-09-26,Alabama,133378009
2021-10-03,Alabama,203436378
2021-10-10,Alabama,198855812
2021-10-17,Alabama,195850755
2021-10-24,Alabama,189687422
2021-10-31,Alabama,189048085
2021-11-07,Alabama,184678477
2021-11-14,Alabama,184911321
2021-11-21,Alabama,190608741
2021-11-28,Alabama,177133617
2021-12-05,Alabama,180600248
2021-12-12,Alabama,182041354
2021-12-19,Alabama,189045387
2021-12-26,Alabama,183210806
2022-01-02,Alabama,179002839
2022-01-09,Alabama,178676924
2022-01-16,Alabama,180918293
2022-01-23,Alabama,177754219
2022-01-30,Alabama,179630073
2022-02-06,Alabama,184970125
2022-02-13,Alabama,181195482
2022-02-20,Alabama,178404182
2022-02-27,Alabama,192108735
2022-03-06,Alabama,197917628
2022-03-13,Alabama,194057784
2022-03-20,Alabama,194303303
2022-03-27,Alabama,195635389
2022-04-03,Alabama,200427370
2022-04-10,Alabama,202888791
2022-04-17,Alabama,199965775
2022-04-24,Alabama,197876829
2022-05-01,Alabama,207976103
2022-05-08,Alabama,207537233
2022-05-15,Alabama,208193477
2022-05-22,Alabama,219547509
2022-05-29,Alabama,212449962
2022-06-05,Alabama,209711182
2022-06-12,Alabama,209838488
2022-06-19,Alabama,220358695
2022-06-26,Alabama,220100179
2022-07-03,Alabama,226966251
2022-07-10,Alabama,212433149
2022-07-17,Alabama,212769923
2022-07-24,Alabama,215436686
2022-07-31,Alabama,221654891
2022-08-07,Alabama,226809535
2022-08-14,Alabama,224323610
2022-08-21,Alabama,215153556
2022-08-28,Alabama,215670829
2022-09-04,Alabama,227759611
2022-09-11,Alabama,215165395
2022-09-18,Alabama,213270228
2022-09-25,Alabama,215556916
2022-10-02,Alabama,218622107
2022-10-09,Alabama,211016006
2022-10-16,Alabama,204418181
2022-10-23,Alabama,198480435
2022-10-30,Alabama,194245502
2022-11-06,Alabama,197814663
2022-11-13,Alabama,194267617
2022-11-20,Alabama,197053090
2022-11-27,Alabama,192420637
2022-12-04,Alabama,191867741
2022-12-11,Alabama,194239369
2022-12-18,Alabama,200415284
2022-12-25,Alabama,200741724
2023-01-01,Alabama,184497797
2023-01-08,Alabama,186490148
2023-01-15,Alabama,185544784
2023-01-22,Alabama,182246125
2023-01-29,Alabama,183105938
2023-02-05,Alabama,192305584
2023-02-12,Alabama,191999971
2023-02-19,Alabama,191443698
2023-02-26,Alabama,199003416
2023-03-05,Alabama,209478343
2023-03-12,Alabama,218905536
2023-03-19,Alabama,210866567
2023-03-26,Alabama,202214026
2023-04-02,Alabama,205535419
2023-04-09,Alabama,202345732
2023-04-16,Alabama,203132041
2023-04-23,Alabama,206852539
2023-04-30,Alabama,211451723
2023-05-07,Alabama,219573277
2019-10-06,Arizona,119877789
2019-10-13,Arizona,117122712
2019-10-20,Arizona,116127754
2019-10-27,Arizona,115216831
2019-11-03,Arizona,115424159
2019-11-10,Arizona,120785283
2019-11-17,Arizona,116490977
2019-11-24,Arizona,114640798
2019-12-01,Arizona,109101595
2019-12-08,Arizona,110405117
2019-12-15,Arizona,110395321
2019-12-22,Arizona,117291974
2019-12-29,Arizona,108536780
2020-01-05,Arizona,109641291
2020-01-12,Arizona,110420623
2020-01-19,Arizona,110294022
2020-01-26,Arizona,109185129
2020-02-02,Arizona,115328264
2020-02-09,Arizona,111821590
2020-02-16,Arizona,110562942
2020-02-23,Arizona,110993229
2020-03-01,Arizona,118349206
2020-03-08,Arizona,127985444
2020-03-15,Arizona,139557887
2020-03-22,Arizona,135979843
2020-03-29,Arizona,119847336
2020-04-05,Arizona,125962618
2020-04-12,Arizona,123654446
2020-04-19,Arizona,125902822
2020-04-26,Arizona,127294783
2020-05-03,Arizona,134864797
2020-05-10,Arizona,136028525
2020-05-17,Arizona,130942705
2020-05-24,Arizona,131535235
2020-05-31,Arizona,131413795
2020-06-07,Arizona,138359363
2020-06-14,Arizona,139014231
2020-06-21,Arizona,134529099
2020-06-28,Arizona,135096231
2020-07-05,Arizona,144153475
2020-07-12,Arizona,136606142
2020-07-19,Arizona,135991553
2020-07-26,Arizona,132190421
2020-08-02,Arizona,135907144
2020-08-09,Arizona,139932969
2020-08-16,Arizona,139367250
2020-08-23,Arizona,135396922
2020-08-30,Arizona,135895403
2020-09-06,Arizona,140717021
2020-09-13,Arizona,132210326
2020-09-20,Arizona,130208125
2020-09-27,Arizona,127220754
2020-10-04,Arizona,132505937
2020-10-11,Arizona,133872032
2020-10-18,Arizona,130530706
2020-10-25,Arizona,125675792
2020-11-01,Arizona,123994824
2020-11-08,Arizona,130904551
2020-11-15,Arizona,123016313
2020-11-22,Arizona,126324975
2020-11-29,Arizona,119295868
2020-12-06,Arizona,118392564
2020-12-13,Arizona,120157853
2020-12-20,Arizona,123308776
2020-12-27,Arizona,117662825
2021-01-03,Arizona,119728725
2021-01-10,Arizona,121976001
2021-01-17,Arizona,123411183
2021-01-24,Arizona,118460351
2021-01-31,Arizona,119030151
2021-02-07,Arizona,126877371
2021-02-14,Arizona,123255297
2021-02-21,Arizona,122351717
2021-02-28,Arizona,124760494
2021-03-07,Arizona,136194918
2021-03-14,Arizona,150363246
2021-03-21,Arizona,144705321
2021-03-28,Arizona,125617568
2021-04-04,Arizona,140912772
2021-04-11,Arizona,138011956
2021-04-18,Arizona,134735709
2021-04-25,Arizona,139157806
2021-05-02,Arizona,144090339
2021-05-09,Arizona,152933491
2021-05-16,Arizona,147870671
2021-05-23,Arizona,146832911
2021-05-30,Arizona,149964412
2021-06-06,Arizona,153270396
2021-06-13,Arizona,152816611
2021-06-20,Arizona,154949376
2021-06-27,Arizona,147305127
2021-07-04,Arizona,155493045
2021-07-11,Arizona,150801486
2021-07-18,Arizona,146199274
2021-07-25,Arizona,140495761
2021-08-01,Arizona,144662532
2021-08-08,Arizona,154347015
2021-08-15,Arizona,149953473
2021-08-22,Arizona,146415000
2021-08-29,Arizona,147911738
2021-09-05,Arizona,155366160
2021-09-12,Arizona,149966653
2021-09-19,Arizona,148517047
2021-09-26,Arizona,143876042
2021-10-03,Arizona,200820085
2021-10-10,Arizona,201963815
2021-10-17,Arizona,197141587
2021-10-24,Arizona,195856140
2021-10-31,Arizona,194283831
2021-11-07,Arizona,201120667
2021-11-14,Arizona,196009266
2021-11-21,Arizona,199577574
2021-11-28,Arizona,184063174
2021-12-05,Arizona,186262764
2021-12-12,Arizona,187993597
2021-12-19,Arizona,191792532
2021-12-26,Arizona,187019454
2022-01-02,Arizona,182124831
2022-01-09,Arizona,187226998
2022-01-16,Arizona,190506028
2022-01-23,Arizona,184460687
2022-01-30,Arizona,184840307
2022-02-06,Arizona,191822690
2022-02-13,Arizona,193758115
2022-02-20,Arizona,186140486
2022-02-27,Arizona,191804856
2022-03-06,Arizona,204336119
2022-03-13,Arizona,199341790
2022-03-20,Arizona,203135958
2022-03-27,Arizona,204330837
2022-04-03,Arizona,216587578
2022-04-10,Arizona,219518921
2022-04-17,Arizona,217866947
2022-04-24,Arizona,207194456
2022-05-01,Arizona,210346537
2022-05-08,Arizona,219329549
2022-05-15,Arizona,215137302
2022-05-22,Arizona,215304100
2022-05-29,Arizona,219462134
2022-06-05,Arizona,221466462
2022-06-12,Arizona,228960137
2022-06-19,Arizona,224705587
2022-06-26,Arizona,215666630
2022-07-03,Arizona,230278334
2022-07-10,Arizona,220195810
2022-07-17,Arizona,218623208
2022-07-24,Arizona,213178650
2022-07-31,Arizona,211959851
2022-08-07,Arizona,225961035
2022-08-14,Arizona,220700930
2022-08-21,Arizona,215522849
2022-08-28,Arizona,222686060
2022-09-04,Arizona,232958487
2022-09-11,Arizona,226231108
2022-09-18,Arizona,218387231
2022-09-25,Arizona,211204050
2022-10-02,Arizona,214133475
2022-10-09,Arizona,218976019
2022-10-16,Arizona,211117837
2022-10-23,Arizona,206019098
2022-10-30,Arizona,203716151
2022-11-06,Arizona,212352076
2022-11-13,Arizona,209536787
2022-11-20,Arizona,206468807
2022-11-27,Arizona,200179530
2022-12-04,Arizona,195652307
2022-12-11,Arizona,200138362
2022-12-18,Arizona,204225387
2022-12-25,Arizona,206642210
2023-01-01,Arizona,188408490
2023-01-08,Arizona,194629091
2023-01-15,Arizona,199308521
2023-01-22,Arizona,191351464
2023-01-29,Arizona,193432652
2023-02-05,Arizona,203668153
2023-02-12,Arizona,210784001
2023-02-19,Arizona,200168687
2023-02-26,Arizona,201565059
2023-03-05,Arizona,216243765
2023-03-12,Arizona,235892871
2023-03-19,Arizona,227766017
2023-03-26,Arizona,207113292
2023-04-02,Arizona,215603138
2023-04-09,Arizona,229352435
2023-04-16,Arizona,223021337
2023-04-23,Arizona,220557323
2023-04-30,Arizona,231156458
2023-05-07,Arizona,240505460
2019-10-06,Arkansas,67349815
2019-10-13,Arkansas,63679443
2019-10-20,Arkansas,59248421
2019-10-27,Arkansas,57654430
2019-11-03,Arkansas,58551067
2019-11-10,Arkansas,59494648
2019-11-17,Arkansas,58265259
2019-11-24,Arkansas,59690104
2019-12-01,Arkansas,58049432
2019-12-08,Arkansas,59101265
2019-12-15,Arkansas,58035927
2019-12-22,Arkansas,61147230
2019-12-29,Arkansas,58290655
2020-01-05,Arkansas,56942259
2020-01-12,Arkansas,57854514
2020-01-19,Arkansas,56718756
2020-01-26,Arkansas,55036034
2020-02-02,Arkansas,58093735
2020-02-09,Arkansas,58021180
2020-02-16,Arkansas,56891696
2020-02-23,Arkansas,55979416
2020-03-01,Arkansas,61187920
2020-03-08,Arkansas,63599450
2020-03-15,Arkansas,69299262
2020-03-22,Arkansas,66672578
2020-03-29,Arkansas,59930918
2020-04-05,Arkansas,63610285
2020-04-12,Arkansas,63528109
2020-04-19,Arkansas,62510706
2020-04-26,Arkansas,63303777
2020-05-03,Arkansas,65718902
2020-05-10,Arkansas,66725736
2020-05-17,Arkansas,67059259
2020-05-24,Arkansas,69534675
2020-05-31,Arkansas,67420353
2020-06-07,Arkansas,70882885
2020-06-14,Arkansas,70697390
2020-06-21,Arkansas,70943346
2020-06-28,Arkansas,69082980
2020-07-05,Arkansas,76591713
2020-07-12,Arkansas,71426615
2020-07-19,Arkansas,71755452
2020-07-26,Arkansas,70313071
2020-08-02,Arkansas,70280652
2020-08-09,Arkansas,71170812
2020-08-16,Arkansas,72517548
2020-08-23,Arkansas,70270227
2020-08-30,Arkansas,69321237
2020-09-06,Arkansas,70544925
2020-09-13,Arkansas,71051325
2020-09-20,Arkansas,68622672
2020-09-27,Arkansas,64905092
2020-10-04,Arkansas,67850338
2020-10-11,Arkansas,67105075
2020-10-18,Arkansas,64996749
2020-10-25,Arkansas,62410736
2020-11-01,Arkansas,61173665
2020-11-08,Arkansas,63896293
2020-11-15,Arkansas,63680879
2020-11-22,Arkansas,64469135
2020-11-29,Arkansas,62518778
2020-12-06,Arkansas,60541396
2020-12-13,Arkansas,62551318
2020-12-20,Arkansas,63362785
2020-12-27,Arkansas,63040188
2021-01-03,Arkansas,61067745
2021-01-10,Arkansas,62054714
2021-01-17,Arkansas,61751789
2021-01-24,Arkansas,59692624
2021-01-31,Arkansas,60629838
2021-02-07,Arkansas,62729412
2021-02-14,Arkansas,63052100
2021-02-21,Arkansas,56331936
2021-02-28,Arkansas,65438140
2021-03-07,Arkansas,67470845
2021-03-14,Arkansas,73830082
2021-03-21,Arkansas,71996987
2021-03-28,Arkansas,64565241
2021-04-04,Arkansas,68515097
2021-04-11,Arkansas,68454423
2021-04-18,Arkansas,67525813
2021-04-25,Arkansas,67632914
2021-05-02,Arkansas,70271403
2021-05-09,Arkansas,71602056
2021-05-16,Arkansas,69891687
2021-05-23,Arkansas,71888898
2021-05-30,Arkansas,72688736
2021-06-06,Arkansas,73746656
2021-06-13,Arkansas,75043823
2021-06-20,Arkansas,78781472
2021-06-27,Arkansas,74788922
2021-07-04,Arkansas,80327966
2021-07-11,Arkansas,76636654
2021-07-18,Arkansas,77954786
2021-07-25,Arkansas,76727707
2021-08-01,Arkansas,76563570
2021-08-08,Arkansas,76788500
2021-08-15,Arkansas,78200292
2021-08-22,Arkansas,75360902
2021-08-29,Arkansas,76041639
2021-09-05,Arkansas,77173311
2021-09-12,Arkansas,76970529
2021-09-19,Arkansas,74662068
2021-09-26,Arkansas,70631842
2021-10-03,Arkansas,105087223
2021-10-10,Arkansas,104309748
2021-10-17,Arkansas,101130188
2021-10-24,Arkansas,98315876
2021-10-31,Arkansas,96518730
2021-11-07,Arkansas,98227444
2021-11-14,Arkansas,99626519
2021-11-21,Arkansas,100440189
2021-11-28,Arkansas,95547889
2021-12-05,Arkansas,95357790
2021-12-12,Arkansas,96826619
2021-12-19,Arkansas,99984094
2021-12-26,Arkansas,99759952
2022-01-02,Arkansas,93380357
2022-01-09,Arkansas,94532467
2022-01-16,Arkansas,98948580
2022-01-23,Arkansas,92112220
2022-01-30,Arkansas,94644193
2022-02-06,Arkansas,96618081
2022-02-13,Arkansas,97702066
2022-02-20,Arkansas,90819494
2022-02-27,Arkansas,99037115
2022-03-06,Arkansas,103093646
2022-03-13,Arkansas,102169602
2022-03-20,Arkansas,102381503
2022-03-27,Arkansas,99464637
2022-04-03,Arkansas,103811548
2022-04-10,Arkansas,105314661
2022-04-17,Arkansas,104085976
2022-04-24,Arkansas,100996169
2022-05-01,Arkansas,103805094
2022-05-08,Arkansas,105764203
2022-05-15,Arkansas,110749148
2022-05-22,Arkansas,110460402
2022-05-29,Arkansas,109863859
2022-06-05,Arkansas,109057664
2022-06-12,Arkansas,110363535
2022-06-19,Arkansas,117770997
2022-06-26,Arkansas,114411032
2022-07-03,Arkansas,119976406
2022-07-10,Arkansas,117172559
2022-07-17,Arkansas,114762339
2022-07-24,Arkansas,114581651
2022-07-31,Arkansas,114979802
2022-08-07,Arkansas,116148959
2022-08-14,Arkansas,118150219
2022-08-21,Arkansas,112180743
2022-08-28,Arkansas,113832344
2022-09-04,Arkansas,118942575
2022-09-11,Arkansas,116255198
2022-09-18,Arkansas,113416519
2022-09-25,Arkansas,110869552
2022-10-02,Arkansas,112136004
2022-10-09,Arkansas,112645109
2022-10-16,Arkansas,109648626
2022-10-23,Arkansas,105598575
2022-10-30,Arkansas,102518258
2022-11-06,Arkansas,104366457
2022-11-13,Arkansas,104922414
2022-11-20,Arkansas,104002357
2022-11-27,Arkansas,103751416
2022-12-04,Arkansas,99768472
2022-12-11,Arkansas,102920616
2022-12-18,Arkansas,104855820
2022-12-25,Arkansas,110014384
2023-01-01,Arkansas,96531612
2023-01-08,Arkansas,99012694
2023-01-15,Arkansas,101487862
2023-01-22,Arkansas,96226248
2023-01-29,Arkansas,98786791
2023-02-05,Arkansas,100758299
2023-02-12,Arkansas,103288441
2023-02-19,Arkansas,100840048
2023-02-26,Arkansas,102483063
2023-03-05,Arkansas,111201474
2023-03-12,Arkansas,116121676
2023-03-19,Arkansas,111784587
2023-03-26,Arkansas,102395451
2023-04-02,Arkansas,109455465
2023-04-09,Arkansas,112740581
2023-04-16,Arkansas,111327538
2023-04-23,Arkansas,110406153
2023-04-30,Arkansas,111996706
2023-05-07,Arkansas,116455073
2019-10-06,California,506587724
2019-10-13,California,504318966
2019-10-20,California,491957817
2019-10-27,California,505768872
2019-11-03,California,492597099
2019-11-10,California,497063952
2019-11-17,California,486794359
2019-11-24,California,477240955
2019-12-01,California,444766891
2019-12-08,California,449865324
2019-12-15,California,461461506
2019-12-22,California,491464690
2019-12-29,California,446846319
2020-01-05,California,450124199
2020-01-12,California,449525601
2020-01-19,California,439475032
2020-01-26,California,450336277
2020-02-02,California,467920813
2020-02-09,California,446322189
2020-02-16,California,446287373
2020-02-23,California,454404243
2020-03-01,California,488089630
2020-03-08,California,504525418
2020-03-15,California,594467897
2020-03-22,California,514100499
2020-03-29,California,465090389
2020-04-05,California,489779220
2020-04-12,California,484255477
2020-04-19,California,499937572
2020-04-26,California,511961313
2020-05-03,California,523453599
2020-05-10,California,532766128
2020-05-17,California,506672448
2020-05-24,California,528426454
2020-05-31,California,525499509
2020-06-07,California,556528877
2020-06-14,California,572134465
2020-06-21,California,539820647
2020-06-28,California,550818407
2020-07-05,California,585581852
2020-07-12,California,572401489
2020-07-19,California,566344439
2020-07-26,California,563610657
2020-08-02,California,571725103
2020-08-09,California,572375905
2020-08-16,California,590385374
2020-08-23,California,586280792
2020-08-30,California,577902644
2020-09-06,California,590828387
2020-09-13,California,555189447
2020-09-20,California,546802449
2020-09-27,California,536372040
2020-10-04,California,554931497
2020-10-11,California,543419228
2020-10-18,California,535362222
2020-10-25,California,529163244
2020-11-01,California,517917263
2020-11-08,California,513811149
2020-11-15,California,497866038
2020-11-22,California,521507022
2020-11-29,California,471884849
2020-12-06,California,479476192
2020-12-13,California,487555072
2020-12-20,California,505770196
2020-12-27,California,474551686
2021-01-03,California,479823371
2021-01-10,California,478632113
2021-01-17,California,488099008
2021-01-24,California,475172743
2021-01-31,California,476419790
2021-02-07,California,494320647
2021-02-14,California,485051221
2021-02-21,California,482836202
2021-02-28,California,514375629
2021-03-07,California,538794933
2021-03-14,California,612121418
2021-03-21,California,535505288
2021-03-28,California,488584342
2021-04-04,California,536621575
2021-04-11,California,508801549
2021-04-18,California,515453323
2021-04-25,California,532877586
2021-05-02,California,552679135
2021-05-09,California,576813823
2021-05-16,California,551703983
2021-05-23,California,564105034
2021-05-30,California,580968751
2021-06-06,California,578471229
2021-06-13,California,589885974
2021-06-20,California,602011587
2021-06-27,California,585311316
2021-07-04,California,622923228
2021-07-11,California,612497091
2021-07-18,California,608751471
2021-07-25,California,598589158
2021-08-01,California,602999392
2021-08-08,California,611364709
2021-08-15,California,638156864
2021-08-22,California,617148868
2021-08-29,California,595262791
2021-09-05,California,625640392
2021-09-12,California,602636475
2021-09-19,California,586302816
2021-09-26,California,580649015
2021-10-03,California,847187815
2021-10-10,California,815989724
2021-10-17,California,818621940
2021-10-24,California,782324756
2021-10-31,California,801781952
2021-11-07,California,783320346
2021-11-14,California,792175855
2021-11-21,California,804762762
2021-11-28,California,738558960
2021-12-05,California,748674115
2021-12-12,California,755743320
2021-12-19,California,774968962
2021-12-26,California,749275823
2022-01-02,California,729386633
2022-01-09,California,736430207
2022-01-16,California,755673421
2022-01-23,California,750604360
2022-01-30,California,732224035
2022-02-06,California,745632437
2022-02-13,California,762696333
2022-02-20,California,739917838
2022-02-27,California,757884374
2022-03-06,California,775923009
2022-03-13,California,779023246
2022-03-20,California,773456533
2022-03-27,California,798854528
2022-04-03,California,819513915
2022-04-10,California,831441980
2022-04-17,California,822280165
2022-04-24,California,798871465
2022-05-01,California,822427062
2022-05-08,California,837782910
2022-05-15,California,812869874
2022-05-22,California,823723310
2022-05-29,California,854870957
2022-06-05,California,867362897
2022-06-12,California,894410020
2022-06-19,California,886160929
2022-06-26,California,888243245
2022-07-03,California,935576185
2022-07-10,California,892737988
2022-07-17,California,896695790
2022-07-24,California,921542954
2022-07-31,California,903223651
2022-08-07,California,925362008
2022-08-14,California,938316356
2022-08-21,California,900851967
2022-08-28,California,909390979
2022-09-04,California,953230705
2022-09-11,California,941975597
2022-09-18,California,867638860
2022-09-25,California,855686656
2022-10-02,California,856445643
2022-10-09,California,866381839
2022-10-16,California,826542797
2022-10-23,California,836400784
2022-10-30,California,821263499
2022-11-06,California,813144569
2022-11-13,California,811480817
2022-11-20,California,832806518
2022-11-27,California,792984860
2022-12-04,California,764715118
2022-12-11,California,779963946
2022-12-18,California,802540094
2022-12-25,California,815368628
2023-01-01,California,756579579
2023-01-08,California,756624460
2023-01-15,California,766999017
2023-01-22,California,764986979
2023-01-29,California,778317435
2023-02-05,California,787384368
2023-02-12,California,845801292
2023-02-19,California,786199419
2023-02-26,California,786344636
2023-03-05,California,839560396
2023-03-12,California,921784604
2023-03-19,California,841308841
2023-03-26,California,789656125
2023-04-02,California,813344182
2023-04-09,California,860323110
2023-04-16,California,835223086
2023-04-23,California,850571754
2023-04-30,California,874642691
2023-05-07,California,883254116
2019-10-06,Colorado,100423016
2019-10-13,Colorado,96208959
2019-10-20,Colorado,96070971
2019-10-27,Colorado,97471702
2019-11-03,Colorado,92194329
2019-11-10,Colorado,95171405
2019-11-17,Colorado,94977961
2019-11-24,Colorado,95674566
2019-12-01,Colorado,89816716
2019-12-08,Colorado,92967545
2019-12-15,Colorado,97765963
2019-12-22,Colorado,102108204
2019-12-29,Colorado,91828009
2020-01-05,Colorado,93858490
2020-01-12,Colorado,94406018
2020-01-19,Colorado,93556021
2020-01-26,Colorado,91933087
2020-02-02,Colorado,96637422
2020-02-09,Colorado,91717705
2020-02-16,Colorado,93183877
2020-02-23,Colorado,92341806
2020-03-01,Colorado,98316102
2020-03-08,Colorado,103348721
2020-03-15,Colorado,117149278
2020-03-22,Colorado,104354543
2020-03-29,Colorado,94075698
2020-04-05,Colorado,96546501
2020-04-12,Colorado,100414296
2020-04-19,Colorado,99657930
2020-04-26,Colorado,100031056
2020-05-03,Colorado,105416647
2020-05-10,Colorado,105115083
2020-05-17,Colorado,106926596
2020-05-24,Colorado,110779344
2020-05-31,Colorado,106394738
2020-06-07,Colorado,115018399
2020-06-14,Colorado,114522305
2020-06-21,Colorado,111039373
2020-06-28,Colorado,116567565
2020-07-05,Colorado,124000018
2020-07-12,Colorado,119333472
2020-07-19,Colorado,119223162
2020-07-26,Colorado,115636420
2020-08-02,Colorado,116777704
2020-08-09,Colorado,119457331
2020-08-16,Colorado,118885840
2020-08-23,Colorado,116517361
2020-08-30,Colorado,114589946
2020-09-06,Colorado,115955629
2020-09-13,Colorado,107410888
2020-09-20,Colorado,109526977
2020-09-27,Colorado,107762178
2020-10-04,Colorado,106364272
2020-10-11,Colorado,107613660
2020-10-18,Colorado,103854518
2020-10-25,Colorado,101886131
2020-11-01,Colorado,97188916
2020-11-08,Colorado,104033043
2020-11-15,Colorado,100429080
2020-11-22,Colorado,104943497
2020-11-29,Colorado,94796796
2020-12-06,Colorado,97886273
2020-12-13,Colorado,102075751
2020-12-20,Colorado,104443758
2020-12-27,Colorado,99610494
2021-01-03,Colorado,99516019
2021-01-10,Colorado,99984581
2021-01-17,Colorado,100352533
2021-01-24,Colorado,98388621
2021-01-31,Colorado,99306860
2021-02-07,Colorado,101010049
2021-02-14,Colorado,98307861
2021-02-21,Colorado,97443599
2021-02-28,Colorado,101868950
2021-03-07,Colorado,110131176
2021-03-14,Colorado,128981248
2021-03-21,Colorado,105019247
2021-03-28,Colorado,99085283
2021-04-04,Colorado,104844289
2021-04-11,Colorado,107102293
2021-04-18,Colorado,99335213
2021-04-25,Colorado,104244477
2021-05-02,Colorado,113113760
2021-05-09,Colorado,112816691
2021-05-16,Colorado,109714051
2021-05-23,Colorado,117625053
2021-05-30,Colorado,116957171
2021-06-06,Colorado,121425334
2021-06-13,Colorado,125933476
2021-06-20,Colorado,127783969
2021-06-27,Colorado,120337964
2021-07-04,Colorado,129578194
2021-07-11,Colorado,127485651
2021-07-18,Colorado,124870676
2021-07-25,Colorado,124809030
2021-08-01,Colorado,123397870
2021-08-08,Colorado,126279291
2021-08-15,Colorado,127856917
2021-08-22,Colorado,124153756
2021-08-29,Colorado,120426229
2021-09-05,Colorado,125204216
2021-09-12,Colorado,117995179
2021-09-19,Colorado,118347312
2021-09-26,Colorado,116470675
2021-10-03,Colorado,164057354
2021-10-10,Colorado,163295548
2021-10-17,Colorado,158171905
2021-10-24,Colorado,157175507
2021-10-31,Colorado,155305036
2021-11-07,Colorado,156696702
2021-11-14,Colorado,156901319
2021-11-21,Colorado,160371575
2021-11-28,Colorado,147374438
2021-12-05,Colorado,151955870
2021-12-12,Colorado,158281659
2021-12-19,Colorado,163200759
2021-12-26,Colorado,156967757
2022-01-02,Colorado,151947526
2022-01-09,Colorado,153105243
2022-01-16,Colorado,156254016
2022-01-23,Colorado,150034320
2022-01-30,Colorado,152646637
2022-02-06,Colorado,153916049
2022-02-13,Colorado,155012983
2022-02-20,Colorado,151291673
2022-02-27,Colorado,155238168
2022-03-06,Colorado,162120987
2022-03-13,Colorado,165585877
2022-03-20,Colorado,154499195
2022-03-27,Colorado,156865111
2022-04-03,Colorado,166188104
2022-04-10,Colorado,164003270
2022-04-17,Colorado,166284416
2022-04-24,Colorado,160943182
2022-05-01,Colorado,166665063
2022-05-08,Colorado,168274038
2022-05-15,Colorado,172753762
2022-05-22,Colorado,170755925
2022-05-29,Colorado,175164905
2022-06-05,Colorado,176922383
2022-06-12,Colorado,189261835
2022-06-19,Colorado,188954673
2022-06-26,Colorado,183110601
2022-07-03,Colorado,192748764
2022-07-10,Colorado,188835247
2022-07-17,Colorado,191510122
2022-07-24,Colorado,190447519
2022-07-31,Colorado,187086252
2022-08-07,Colorado,191155092
2022-08-14,Colorado,194019813
2022-08-21,Colorado,185820296
2022-08-28,Colorado,184995507
2022-09-04,Colorado,190922801
2022-09-11,Colorado,183501225
2022-09-18,Colorado,178738199
2022-09-25,Colorado,173668948
2022-10-02,Colorado,171144803
2022-10-09,Colorado,171131407
2022-10-16,Colorado,168565630
2022-10-23,Colorado,165083338
2022-10-30,Colorado,159706082
2022-11-06,Colorado,163509210
2022-11-13,Colorado,165084506
2022-11-20,Colorado,166380492
2022-11-27,Colorado,159140609
2022-12-04,Colorado,158470699
2022-12-11,Colorado,166933507
2022-12-18,Colorado,172438878
2022-12-25,Colorado,174350869
2023-01-01,Colorado,157223682
2023-01-08,Colorado,159222412
2023-01-15,Colorado,164136085
2023-01-22,Colorado,157271988
2023-01-29,Colorado,159977860
2023-02-05,Colorado,160037908
2023-02-12,Colorado,167733877
2023-02-19,Colorado,161916342
2023-02-26,Colorado,162974536
2023-03-05,Colorado,176596202
2023-03-12,Colorado,187274807
2023-03-19,Colorado,175970340
2023-03-26,Colorado,162208711
2023-04-02,Colorado,164277029
2023-04-09,Colorado,176090726
2023-04-16,Colorado,171275346
2023-04-23,Colorado,171663318
2023-04-30,Colorado,176581204
2023-05-07,Colorado,184271719
2019-10-06,Connecticut,53879306
2019-10-13,Connecticut,50404578
2019-10-20,Connecticut,47666439
2019-10-27,Connecticut,48601957
2019-11-03,Connecticut,48505473
2019-11-10,Connecticut,51251705
2019-11-17,Connecticut,49800476
2019-11-24,Connecticut,51528058
2019-12-01,Connecticut,49715400
2019-12-08,Connecticut,50434583
2019-12-15,Connecticut,49935384
2019-12-22,Connecticut,52849555
2019-12-29,Connecticut,51807784
2020-01-05,Connecticut,51480725
2020-01-12,Connecticut,48415564
2020-01-19,Connecticut,49862781
2020-01-26,Connecticut,45722598
2020-02-02,Connecticut,47694239
2020-02-09,Connecticut,49722500
2020-02-16,Connecticut,45861184
2020-02-23,Connecticut,47425737
2020-03-01,Connecticut,49149289
2020-03-08,Connecticut,54082294
2020-03-15,Connecticut,59045572
2020-03-22,Connecticut,57791337
2020-03-29,Connecticut,49852833
2020-04-05,Connecticut,53631292
2020-04-12,Connecticut,53431059
2020-04-19,Connecticut,50759623
2020-04-26,Connecticut,48865178
2020-05-03,Connecticut,52974800
2020-05-10,Connecticut,54553226
2020-05-17,Connecticut,53808718
2020-05-24,Connecticut,58935643
2020-05-31,Connecticut,56522796
2020-06-07,Connecticut,59096839
2020-06-14,Connecticut,58424323
2020-06-21,Connecticut,57546803
2020-06-28,Connecticut,61324732
2020-07-05,Connecticut,64622007
2020-07-12,Connecticut,58824664
2020-07-19,Connecticut,60398187
2020-07-26,Connecticut,58895237
2020-08-02,Connecticut,61118341
2020-08-09,Connecticut,61462743
2020-08-16,Connecticut,59759999
2020-08-23,Connecticut,56648744
2020-08-30,Connecticut,56701168
2020-09-06,Connecticut,57635875
2020-09-13,Connecticut,53851190
2020-09-20,Connecticut,52199488
2020-09-27,Connecticut,52925030
2020-10-04,Connecticut,55141356
2020-10-11,Connecticut,52812896
2020-10-18,Connecticut,50287285
2020-10-25,Connecticut,51161593
2020-11-01,Connecticut,49676493
2020-11-08,Connecticut,53427773
2020-11-15,Connecticut,51093363
2020-11-22,Connecticut,53017864
2020-11-29,Connecticut,53722581
2020-12-06,Connecticut,50343532
2020-12-13,Connecticut,51911248
2020-12-20,Connecticut,53144300
2020-12-27,Connecticut,54173404
2021-01-03,Connecticut,51177328
2021-01-10,Connecticut,50935534
2021-01-17,Connecticut,50424393
2021-01-24,Connecticut,48601548
2021-01-31,Connecticut,49340663
2021-02-07,Connecticut,53205535
2021-02-14,Connecticut,48445497
2021-02-21,Connecticut,48419982
2021-02-28,Connecticut,50433784
2021-03-07,Connecticut,55369443
2021-03-14,Connecticut,61969853
2021-03-21,Connecticut,59840728
2021-03-28,Connecticut,53057117
2021-04-04,Connecticut,55135293
2021-04-11,Connecticut,54576849
2021-04-18,Connecticut,53130379
2021-04-25,Connecticut,54592900
2021-05-02,Connecticut,56650299
2021-05-09,Connecticut,58135893
2021-05-16,Connecticut,57398523
2021-05-23,Connecticut,62710962
2021-05-30,Connecticut,61165551
2021-06-06,Connecticut,60103152
2021-06-13,Connecticut,64410424
2021-06-20,Connecticut,62381124
2021-06-27,Connecticut,62839851
2021-07-04,Connecticut,65723602
2021-07-11,Connecticut,60408636
2021-07-18,Connecticut,60635363
2021-07-25,Connecticut,62040831
2021-08-01,Connecticut,62411953
2021-08-08,Connecticut,64615188
2021-08-15,Connecticut,64943055
2021-08-22,Connecticut,63753984
2021-08-29,Connecticut,61636786
2021-09-05,Connecticut,61558290
2021-09-12,Connecticut,58979019
2021-09-19,Connecticut,56803056
2021-09-26,Connecticut,57388239
2021-10-03,Connecticut,85104100
2021-10-10,Connecticut,83490394
2021-10-17,Connecticut,79115418
2021-10-24,Connecticut,79963454
2021-10-31,Connecticut,77952095
2021-11-07,Connecticut,81651391
2021-11-14,Connecticut,81330193
2021-11-21,Connecticut,84134166
2021-11-28,Connecticut,79050122
2021-12-05,Connecticut,79199934
2021-12-12,Connecticut,80338614
2021-12-19,Connecticut,84685486
2021-12-26,Connecticut,84664548
2022-01-02,Connecticut,78707960
2022-01-09,Connecticut,79982309
2022-01-16,Connecticut,79998410
2022-01-23,Connecticut,75730960
2022-01-30,Connecticut,79225631
2022-02-06,Connecticut,78867983
2022-02-13,Connecticut,77308768
2022-02-20,Connecticut,75044848
2022-02-27,Connecticut,78074992
2022-03-06,Connecticut,81244604
2022-03-13,Connecticut,79458363
2022-03-20,Connecticut,79850855
2022-03-27,Connecticut,80412221
2022-04-03,Connecticut,83539947
2022-04-10,Connecticut,84788564
2022-04-17,Connecticut,83716932
2022-04-24,Connecticut,78705229
2022-05-01,Connecticut,84565667
2022-05-08,Connecticut,87613823
2022-05-15,Connecticut,86752612
2022-05-22,Connecticut,95588771
2022-05-29,Connecticut,92648751
2022-06-05,Connecticut,92901720
2022-06-12,Connecticut,94343154
2022-06-19,Connecticut,91475329
2022-06-26,Connecticut,93202712
2022-07-03,Connecticut,101589519
2022-07-10,Connecticut,94364113
2022-07-17,Connecticut,93692699
2022-07-24,Connecticut,93947416
2022-07-31,Connecticut,94252644
2022-08-07,Connecticut,95748091
2022-08-14,Connecticut,93238518
2022-08-21,Connecticut,94701139
2022-08-28,Connecticut,93541954
2022-09-04,Connecticut,93921009
2022-09-11,Connecticut,87799469
2022-09-18,Connecticut,86482696
2022-09-25,Connecticut,87625522
2022-10-02,Connecticut,88582157
2022-10-09,Connecticut,88062177
2022-10-16,Connecticut,83598256
2022-10-23,Connecticut,84847909
2022-10-30,Connecticut,82234259
2022-11-06,Connecticut,88105835
2022-11-13,Connecticut,84784922
2022-11-20,Connecticut,87584796
2022-11-27,Connecticut,89099386
2022-12-04,Connecticut,81630154
2022-12-11,Connecticut,85484044
2022-12-18,Connecticut,87927075
2022-12-25,Connecticut,94160702
2023-01-01,Connecticut,81444066
2023-01-08,Connecticut,84761850
2023-01-15,Connecticut,81338879
2023-01-22,Connecticut,80180536
2023-01-29,Connecticut,81503818
2023-02-05,Connecticut,82428773
2023-02-12,Connecticut,82315194
2023-02-19,Connecticut,81341664
2023-02-26,Connecticut,82172857
2023-03-05,Connecticut,88221789
2023-03-12,Connecticut,95286711
2023-03-19,Connecticut,91217475
2023-03-26,Connecticut,83520434
2023-04-02,Connecticut,86141282
2023-04-09,Connecticut,91590689
2023-04-16,Connecticut,89649420
2023-04-23,Connecticut,87752373
2023-04-30,Connecticut,88123968
2023-05-07,Connecticut,93007531
2019-10-06,Florida,397812264
2019-10-13,Florida,391310684
2019-10-20,Florida,386318006
2019-10-27,Florida,383741451
2019-11-03,Florida,389736361
2019-11-10,Florida,386937678
2019-11-17,Florida,388918011
2019-11-24,Florida,382545144
2019-12-01,Florida,358112986
2019-12-08,Florida,369604455
2019-12-15,Florida,370622458
2019-12-22,Florida,392523627
2019-12-29,Florida,383971631
2020-01-05,Florida,384552791
2020-01-12,Florida,380194399
2020-01-19,Florida,379065263
2020-01-26,Florida,368781894
2020-02-02,Florida,384924916
2020-02-09,Florida,385408869
2020-02-16,Florida,394220223
2020-02-23,Florida,399232704
2020-03-01,Florida,418283544
2020-03-08,Florida,431690356
2020-03-15,Florida,501395272
2020-03-22,Florida,456728428
2020-03-29,Florida,415475922
2020-04-05,Florida,414217511
2020-04-12,Florida,405555022
2020-04-19,Florida,406314241
2020-04-26,Florida,403638588
2020-05-03,Florida,415458417
2020-05-10,Florida,414827332
2020-05-17,Florida,418764433
2020-05-24,Florida,433358493
2020-05-31,Florida,425634983
2020-06-07,Florida,418545831
2020-06-14,Florida,418428105
2020-06-21,Florida,430682946
2020-06-28,Florida,455034695
2020-07-05,Florida,448570751
2020-07-12,Florida,411049344
2020-07-19,Florida,428211674
2020-07-26,Florida,417570225
2020-08-02,Florida,430782300
2020-08-09,Florida,416202637
2020-08-16,Florida,420287992
2020-08-23,Florida,432183859
2020-08-30,Florida,498199309
2020-09-06,Florida,390860705
2020-09-13,Florida,389580757
2020-09-20,Florida,401149842
2020-09-27,Florida,402325925
2020-10-04,Florida,405135429
2020-10-11,Florida,408643647
2020-10-18,Florida,408146193
2020-10-25,Florida,404464567
2020-11-01,Florida,418301136
2020-11-08,Florida,402426821
2020-11-15,Florida,393181793
2020-11-22,Florida,428095160
2020-11-29,Florida,373685633
2020-12-06,Florida,386563175
2020-12-13,Florida,392477293
2020-12-20,Florida,418158147
2020-12-27,Florida,396895271
2021-01-03,Florida,407668717
2021-01-10,Florida,402837256
2021-01-17,Florida,404563342
2021-01-24,Florida,396317574
2021-01-31,Florida,407009773
2021-02-07,Florida,408426576
2021-02-14,Florida,417646270
2021-02-21,Florida,416763944
2021-02-28,Florida,437229448
2021-03-07,Florida,451704204
2021-03-14,Florida,528051577
2021-03-21,Florida,500049042
2021-03-28,Florida,458062675
2021-04-04,Florida,452821844
2021-04-11,Florida,431834953
2021-04-18,Florida,439545091
2021-04-25,Florida,437757560
2021-05-02,Florida,456177068
2021-05-09,Florida,463060774
2021-05-16,Florida,454518216
2021-05-23,Florida,461793037
2021-05-30,Florida,468613673
2021-06-06,Florida,453226022
2021-06-13,Florida,468182255
2021-06-20,Florida,463942370
2021-06-27,Florida,471658231
2021-07-04,Florida,495492035
2021-07-11,Florida,445551996
2021-07-18,Florida,461906089
2021-07-25,Florida,464260466
2021-08-01,Florida,474960315
2021-08-08,Florida,460012877
2021-08-15,Florida,465739561
2021-08-22,Florida,462049706
2021-08-29,Florida,451769857
2021-09-05,Florida,463238158
2021-09-12,Florida,434420849
2021-09-19,Florida,441054934
2021-09-26,Florida,443549009
2021-10-03,Florida,650291094
2021-10-10,Florida,658073956
2021-10-17,Florida,649087749
2021-10-24,Florida,636492810
2021-10-31,Florida,639670899
2021-11-07,Florida,626921179
2021-11-14,Florida,641627352
2021-11-21,Florida,647095618
2021-11-28,Florida,580412388
2021-12-05,Florida,614205922
2021-12-12,Florida,621894064
2021-12-19,Florida,657419273
2021-12-26,Florida,637666452
2022-01-02,Florida,646500604
2022-01-09,Florida,629065725
2022-01-16,Florida,632875898
2022-01-23,Florida,621955679
2022-01-30,Florida,628041476
2022-02-06,Florida,637532932
2022-02-13,Florida,645108904
2022-02-20,Florida,659433678
2022-02-27,Florida,689853278
2022-03-06,Florida,690201657
2022-03-13,Florida,690230810
2022-03-20,Florida,689715126
2022-03-27,Florida,705833672
2022-04-03,Florida,700061265
2022-04-10,Florida,708494982
2022-04-17,Florida,700335011
2022-04-24,Florida,691133574
2022-05-01,Florida,702046035
2022-05-08,Florida,715244615
2022-05-15,Florida,699768170
2022-05-22,Florida,717341218
2022-05-29,Florida,729620556
2022-06-05,Florida,697035016
2022-06-12,Florida,697115836
2022-06-19,Florida,707407753
2022-06-26,Florida,711378458
2022-07-03,Florida,735338902
2022-07-10,Florida,681830724
2022-07-17,Florida,705424400
2022-07-24,Florida,707109542
2022-07-31,Florida,711378170
2022-08-07,Florida,716789624
2022-08-14,Florida,706877466
2022-08-21,Florida,725848244
2022-08-28,Florida,782741440
2022-09-04,Florida,681125304
2022-09-11,Florida,667077992
2022-09-18,Florida,670728453
2022-09-25,Florida,755860884
2022-10-02,Florida,693030079
2022-10-09,Florida,688756403
2022-10-16,Florida,700430110
2022-10-23,Florida,687631033
2022-10-30,Florida,693609731
2022-11-06,Florida,699055504
2022-11-13,Florida,673068718
2022-11-20,Florida,714995053
2022-11-27,Florida,627978196
2022-12-04,Florida,672178981
2022-12-11,Florida,686888529
2022-12-18,Florida,710659033
2022-12-25,Florida,705162943
2023-01-01,Florida,684937806
2023-01-08,Florida,681025299
2023-01-15,Florida,682750237
2023-01-22,Florida,669250018
2023-01-29,Florida,674965745
2023-02-05,Florida,697150558
2023-02-12,Florida,705981954
2023-02-19,Florida,713110008
2023-02-26,Florida,742464646
2023-03-05,Florida,771680293
2023-03-12,Florida,831072061
2023-03-19,Florida,789712001
2023-03-26,Florida,744549564
2023-04-02,Florida,758696512
2023-04-09,Florida,743252354
2023-04-16,Florida,733380086
2023-04-23,Florida,732692298
2023-04-30,Florida,740510455
2023-05-07,Florida,756307225
2019-10-06,Georgia,234203406
2019-10-13,Georgia,222103635
2019-10-20,Georgia,212086740
2019-10-27,Georgia,203641241
2019-11-03,Georgia,204848830
2019-11-10,Georgia,202242823
2019-11-17,Georgia,201290193
2019-11-24,Georgia,208396414
2019-12-01,Georgia,198967927
2019-12-08,Georgia,200151766
2019-12-15,Georgia,200972765
2019-12-22,Georgia,216037052
2019-12-29,Georgia,198566370
2020-01-05,Georgia,193036456
2020-01-12,Georgia,200613878
2020-01-19,Georgia,199106822
2020-01-26,Georgia,193934425
2020-02-02,Georgia,200642376
2020-02-09,Georgia,201281095
2020-02-16,Georgia,196362471
2020-02-23,Georgia,194551782
2020-03-01,Georgia,210589115
2020-03-08,Georgia,216011117
2020-03-15,Georgia,248795257
2020-03-22,Georgia,232566670
2020-03-29,Georgia,214214934
2020-04-05,Georgia,222801139
2020-04-12,Georgia,214020656
2020-04-19,Georgia,218540152
2020-04-26,Georgia,218926837
2020-05-03,Georgia,232382556
2020-05-10,Georgia,233306058
2020-05-17,Georgia,239786256
2020-05-24,Georgia,248894330
2020-05-31,Georgia,235973654
2020-06-07,Georgia,235192873
2020-06-14,Georgia,234400321
2020-06-21,Georgia,239868511
2020-06-28,Georgia,244150500
2020-07-05,Georgia,255137714
2020-07-12,Georgia,238917136
2020-07-19,Georgia,251597267
2020-07-26,Georgia,248674782
2020-08-02,Georgia,248666926
2020-08-09,Georgia,252157409
2020-08-16,Georgia,255956752
2020-08-23,Georgia,245783095
2020-08-30,Georgia,243810936
2020-09-06,Georgia,249712778
2020-09-13,Georgia,244525536
2020-09-20,Georgia,235833613
2020-09-27,Georgia,235304027
2020-10-04,Georgia,237617892
2020-10-11,Georgia,228323938
2020-10-18,Georgia,223960846
2020-10-25,Georgia,224262383
2020-11-01,Georgia,222344499
2020-11-08,Georgia,220289341
2020-11-15,Georgia,219240355
2020-11-22,Georgia,229627656
2020-11-29,Georgia,216485518
2020-12-06,Georgia,208040534
2020-12-13,Georgia,215266327
2020-12-20,Georgia,226573997
2020-12-27,Georgia,214648294
2021-01-03,Georgia,208934979
2021-01-10,Georgia,214363912
2021-01-17,Georgia,214238532
2021-01-24,Georgia,208876210
2021-01-31,Georgia,212596583
2021-02-07,Georgia,213638444
2021-02-14,Georgia,210672517
2021-02-21,Georgia,206944928
2021-02-28,Georgia,225430198
2021-03-07,Georgia,229526110
2021-03-14,Georgia,267795169
2021-03-21,Georgia,252912763
2021-03-28,Georgia,232747666
2021-04-04,Georgia,242501064
2021-04-11,Georgia,230404565
2021-04-18,Georgia,237770629
2021-04-25,Georgia,234825958
2021-05-02,Georgia,247764853
2021-05-09,Georgia,249585217
2021-05-16,Georgia,249325087
2021-05-23,Georgia,258169301
2021-05-30,Georgia,259966083
2021-06-06,Georgia,255134239
2021-06-13,Georgia,253894710
2021-06-20,Georgia,258893196
2021-06-27,Georgia,253975877
2021-07-04,Georgia,274063879
2021-07-11,Georgia,252953400
2021-07-18,Georgia,266538614
2021-07-25,Georgia,265685591
2021-08-01,Georgia,272363200
2021-08-08,Georgia,270212454
2021-08-15,Georgia,272436319
2021-08-22,Georgia,260774673
2021-08-29,Georgia,261886848
2021-09-05,Georgia,271945814
2021-09-12,Georgia,256028112
2021-09-19,Georgia,247987379
2021-09-26,Georgia,244814212
2021-10-03,Georgia,369777977
2021-10-10,Georgia,356385301
2021-10-17,Georgia,358048744
2021-10-24,Georgia,348127397
2021-10-31,Georgia,346260582
2021-11-07,Georgia,336660309
2021-11-14,Georgia,344501414
2021-11-21,Georgia,354222036
2021-11-28,Georgia,328540754
2021-12-05,Georgia,329236652
2021-12-12,Georgia,333122176
2021-12-19,Georgia,352359919
2021-12-26,Georgia,337901545
2022-01-02,Georgia,328585374
2022-01-09,Georgia,329252569
2022-01-16,Georgia,347151523
2022-01-23,Georgia,327200418
2022-01-30,Georgia,336182789
2022-02-06,Georgia,337213215
2022-02-13,Georgia,333802365
2022-02-20,Georgia,328715272
2022-02-27,Georgia,352766123
2022-03-06,Georgia,358685339
2022-03-13,Georgia,360956610
2022-03-20,Georgia,359985779
2022-03-27,Georgia,364039433
2022-04-03,Georgia,363376987
2022-04-10,Georgia,364285113
2022-04-17,Georgia,374126940
2022-04-24,Georgia,367838163
2022-05-01,Georgia,386374893
2022-05-08,Georgia,385078069
2022-05-15,Georgia,383504531
2022-05-22,Georgia,410982915
2022-05-29,Georgia,401053272
2022-06-05,Georgia,381414563
2022-06-12,Georgia,381382227
2022-06-19,Georgia,402468013
2022-06-26,Georgia,395036685
2022-07-03,Georgia,402606623
2022-07-10,Georgia,383730360
2022-07-17,Georgia,390307593
2022-07-24,Georgia,388923198
2022-07-31,Georgia,403928382
2022-08-07,Georgia,406489668
2022-08-14,Georgia,411516993
2022-08-21,Georgia,397965157
2022-08-28,Georgia,402234122
2022-09-04,Georgia,407907755
2022-09-11,Georgia,394161387
2022-09-18,Georgia,391431161
2022-09-25,Georgia,395074477
2022-10-02,Georgia,400501219
2022-10-09,Georgia,376048076
2022-10-16,Georgia,376757118
2022-10-23,Georgia,368951982
2022-10-30,Georgia,363390718
2022-11-06,Georgia,361574736
2022-11-13,Georgia,360856331
2022-11-20,Georgia,373185740
2022-11-27,Georgia,358143174
2022-12-04,Georgia,350833583
2022-12-11,Georgia,353241000
2022-12-18,Georgia,373390982
2022-12-25,Georgia,379725854
2023-01-01,Georgia,346758544
2023-01-08,Georgia,346855322
2023-01-15,Georgia,359865759
2023-01-22,Georgia,342184672
2023-01-29,Georgia,347824435
2023-02-05,Georgia,350918544
2023-02-12,Georgia,357158483
2023-02-19,Georgia,352448462
2023-02-26,Georgia,369505222
2023-03-05,Georgia,379897876
2023-03-12,Georgia,405494386
2023-03-19,Georgia,386918415
2023-03-26,Georgia,374538068
2023-04-02,Georgia,387840198
2023-04-09,Georgia,367936367
2023-04-16,Georgia,382272127
2023-04-23,Georgia,387642648
2023-04-30,Georgia,395601559
2023-05-07,Georgia,404105159
2019-10-06,Illinois,181091999
2019-10-13,Illinois,179473339
2019-10-20,Illinois,171747245
2019-10-27,Illinois,169394537
2019-11-03,Illinois,169707087
2019-11-10,Illinois,172375681
2019-11-17,Illinois,175223243
2019-11-24,Illinois,177531816
2019-12-01,Illinois,167913697
2019-12-08,Illinois,173166397
2019-12-15,Illinois,177846809
2019-12-22,Illinois,191928058
2019-12-29,Illinois,171748546
2020-01-05,Illinois,167140897
2020-01-12,Illinois,172692449
2020-01-19,Illinois,169757178
2020-01-26,Illinois,165295901
2020-02-02,Illinois,171263875
2020-02-09,Illinois,169341636
2020-02-16,Illinois,166798755
2020-02-23,Illinois,169047636
2020-03-01,Illinois,177994077
2020-03-08,Illinois,185463112
2020-03-15,Illinois,219442899
2020-03-22,Illinois,199431898
2020-03-29,Illinois,165303611
2020-04-05,Illinois,181787541
2020-04-12,Illinois,190544086
2020-04-19,Illinois,187133889
2020-04-26,Illinois,182357648
2020-05-03,Illinois,189455076
2020-05-10,Illinois,191978797
2020-05-17,Illinois,192199668
2020-05-24,Illinois,200253495
2020-05-31,Illinois,194605742
2020-06-07,Illinois,204592725
2020-06-14,Illinois,203480045
2020-06-21,Illinois,202414363
2020-06-28,Illinois,206700072
2020-07-05,Illinois,225472693
2020-07-12,Illinois,209603298
2020-07-19,Illinois,206801535
2020-07-26,Illinois,198012496
2020-08-02,Illinois,201691236
2020-08-09,Illinois,205098054
2020-08-16,Illinois,201018393
2020-08-23,Illinois,198010028
2020-08-30,Illinois,202292392
2020-09-06,Illinois,197631548
2020-09-13,Illinois,188541211
2020-09-20,Illinois,187393954
2020-09-27,Illinois,184003042
2020-10-04,Illinois,186846618
2020-10-11,Illinois,189641773
2020-10-18,Illinois,182486649
2020-10-25,Illinois,176608690
2020-11-01,Illinois,179673232
2020-11-08,Illinois,183691948
2020-11-15,Illinois,184675766
2020-11-22,Illinois,190376093
2020-11-29,Illinois,176420194
2020-12-06,Illinois,177749653
2020-12-13,Illinois,185424146
2020-12-20,Illinois,191245120
2020-12-27,Illinois,182005351
2021-01-03,Illinois,175411414
2021-01-10,Illinois,179843016
2021-01-17,Illinois,176009848
2021-01-24,Illinois,173498389
2021-01-31,Illinois,178906160
2021-02-07,Illinois,180591262
2021-02-14,Illinois,173567181
2021-02-21,Illinois,174743017
2021-02-28,Illinois,182399001
2021-03-07,Illinois,194041117
2021-03-14,Illinois,227953426
2021-03-21,Illinois,207344506
2021-03-28,Illinois,174024961
2021-04-04,Illinois,196802111
2021-04-11,Illinois,197492725
2021-04-18,Illinois,191078036
2021-04-25,Illinois,196608506
2021-05-02,Illinois,205547366
2021-05-09,Illinois,203636305
2021-05-16,Illinois,199445722
2021-05-23,Illinois,211622439
2021-05-30,Illinois,215845234
2021-06-06,Illinois,215831841
2021-06-13,Illinois,223371607
2021-06-20,Illinois,224377051
2021-06-27,Illinois,206643417
2021-07-04,Illinois,235170642
2021-07-11,Illinois,215153860
2021-07-18,Illinois,211555287
2021-07-25,Illinois,216729520
2021-08-01,Illinois,215890758
2021-08-08,Illinois,215452540
2021-08-15,Illinois,218662234
2021-08-22,Illinois,220926048
2021-08-29,Illinois,227183378
2021-09-05,Illinois,221934070
2021-09-12,Illinois,203910158
2021-09-19,Illinois,205718170
2021-09-26,Illinois,202708357
2021-10-03,Illinois,296380378
2021-10-10,Illinois,295098248
2021-10-17,Illinois,282872885
2021-10-24,Illinois,278433539
2021-10-31,Illinois,280869616
2021-11-07,Illinois,281852380
2021-11-14,Illinois,290798411
2021-11-21,Illinois,288337807
2021-11-28,Illinois,269485168
2021-12-05,Illinois,276496520
2021-12-12,Illinois,287001795
2021-12-19,Illinois,296964594
2021-12-26,Illinois,285742748
2022-01-02,Illinois,274788693
2022-01-09,Illinois,272958611
2022-01-16,Illinois,282114331
2022-01-23,Illinois,270482373
2022-01-30,Illinois,278716822
2022-02-06,Illinois,275702914
2022-02-13,Illinois,276682043
2022-02-20,Illinois,268026848
2022-02-27,Illinois,283594386
2022-03-06,Illinois,291370429
2022-03-13,Illinois,292041460
2022-03-20,Illinois,285403066
2022-03-27,Illinois,284209193
2022-04-03,Illinois,298511323
2022-04-10,Illinois,300737051
2022-04-17,Illinois,306965125
2022-04-24,Illinois,289583066
2022-05-01,Illinois,304066449
2022-05-08,Illinois,307796462
2022-05-15,Illinois,323031481
2022-05-22,Illinois,320361780
2022-05-29,Illinois,323720624
2022-06-05,Illinois,326723707
2022-06-12,Illinois,329303480
2022-06-19,Illinois,332607271
2022-06-26,Illinois,329321501
2022-07-03,Illinois,351403843
2022-07-10,Illinois,325136997
2022-07-17,Illinois,322944142
2022-07-24,Illinois,326426322
2022-07-31,Illinois,330043855
2022-08-07,Illinois,331640631
2022-08-14,Illinois,326737720
2022-08-21,Illinois,329101262
2022-08-28,Illinois,331581767
2022-09-04,Illinois,329332330
2022-09-11,Illinois,320151749
2022-09-18,Illinois,315605854
2022-09-25,Illinois,307020258
2022-10-02,Illinois,312342154
2022-10-09,Illinois,311670696
2022-10-16,Illinois,300046468
2022-10-23,Illinois,296777577
2022-10-30,Illinois,299171322
2022-11-06,Illinois,297530775
2022-11-13,Illinois,301720764
2022-11-20,Illinois,304754900
2022-11-27,Illinois,297964400
2022-12-04,Illinois,292748360
2022-12-11,Illinois,303436767
2022-12-18,Illinois,314639056
2022-12-25,Illinois,315346157
2023-01-01,Illinois,288821985
2023-01-08,Illinois,282394916
2023-01-15,Illinois,288290274
2023-01-22,Illinois,280675073
2023-01-29,Illinois,289687954
2023-02-05,Illinois,291522543
2023-02-12,Illinois,304521956
2023-02-19,Illinois,287407472
2023-02-26,Illinois,296223461
2023-03-05,Illinois,315399969
2023-03-12,Illinois,345355526
2023-03-19,Illinois,324581348
2023-03-26,Illinois,286576558
2023-04-02,Illinois,300303597
2023-04-09,Illinois,324769883
2023-04-16,Illinois,320376885
2023-04-23,Illinois,309761429
2023-04-30,Illinois,317674936
2023-05-07,Illinois,327722103
2019-10-06,Indiana,127850725
2019-10-13,Indiana,124695383
2019-10-20,Indiana,119459991
2019-10-27,Indiana,117871951
2019-11-03,Indiana,117416242
2019-11-10,Indiana,116620226
2019-11-17,Indiana,118206970
2019-11-24,Indiana,122410437
2019-12-01,Indiana,117489219
2019-12-08,Indiana,116356931
2019-12-15,Indiana,120252021
2019-12-22,Indiana,128150634
2019-12-29,Indiana,119937601
2020-01-05,Indiana,115775164
2020-01-12,Indiana,116809953
2020-01-19,Indiana,118935094
2020-01-26,Indiana,111034723
2020-02-02,Indiana,116658532
2020-02-09,Indiana,115649156
2020-02-16,Indiana,115526771
2020-02-23,Indiana,117564245
2020-03-01,Indiana,122128860
2020-03-08,Indiana,124331397
2020-03-15,Indiana,139416011
2020-03-22,Indiana,138751371
2020-03-29,Indiana,117694236
2020-04-05,Indiana,121100727
2020-04-12,Indiana,127886318
2020-04-19,Indiana,127241009
2020-04-26,Indiana,126769643
2020-05-03,Indiana,131456101
2020-05-10,Indiana,134548294
2020-05-17,Indiana,134296408
2020-05-24,Indiana,143051261
2020-05-31,Indiana,138437086
2020-06-07,Indiana,144255565
2020-06-14,Indiana,143814236
2020-06-21,Indiana,143264040
2020-06-28,Indiana,146009547
2020-07-05,Indiana,157947108
2020-07-12,Indiana,143800891
2020-07-19,Indiana,146675199
2020-07-26,Indiana,140947398
2020-08-02,Indiana,140146752
2020-08-09,Indiana,141463339
2020-08-16,Indiana,142549613
2020-08-23,Indiana,140948983
2020-08-30,Indiana,141686411
2020-09-06,Indiana,138670536
2020-09-13,Indiana,136944933
2020-09-20,Indiana,136103330
2020-09-27,Indiana,134674309
2020-10-04,Indiana,132507588
2020-10-11,Indiana,131283884
2020-10-18,Indiana,129107106
2020-10-25,Indiana,127075613
2020-11-01,Indiana,126201511
2020-11-08,Indiana,128086368
2020-11-15,Indiana,130455323
2020-11-22,Indiana,133432690
2020-11-29,Indiana,128159889
2020-12-06,Indiana,122077377
2020-12-13,Indiana,128019493
2020-12-20,Indiana,133118911
2020-12-27,Indiana,130197786
2021-01-03,Indiana,124091850
2021-01-10,Indiana,123636113
2021-01-17,Indiana,128577177
2021-01-24,Indiana,124676972
2021-01-31,Indiana,127354831
2021-02-07,Indiana,125502845
2021-02-14,Indiana,125762667
2021-02-21,Indiana,124536407
2021-02-28,Indiana,129668750
2021-03-07,Indiana,134629998
2021-03-14,Indiana,150372215
2021-03-21,Indiana,150386321
2021-03-28,Indiana,130329188
2021-04-04,Indiana,135173535
2021-04-11,Indiana,136162877
2021-04-18,Indiana,135305521
2021-04-25,Indiana,138778033
2021-05-02,Indiana,143657224
2021-05-09,Indiana,143864880
2021-05-16,Indiana,143572669
2021-05-23,Indiana,152381777
2021-05-30,Indiana,156489210
2021-06-06,Indiana,152115833
2021-06-13,Indiana,157382641
2021-06-20,Indiana,160605817
2021-06-27,Indiana,151626564
2021-07-04,Indiana,166676546
2021-07-11,Indiana,153095084
2021-07-18,Indiana,152121652
2021-07-25,Indiana,154413738
2021-08-01,Indiana,151862964
2021-08-08,Indiana,150564393
2021-08-15,Indiana,155768675
2021-08-22,Indiana,155327368
2021-08-29,Indiana,157342317
2021-09-05,Indiana,153501543
2021-09-12,Indiana,146855493
2021-09-19,Indiana,148392708
2021-09-26,Indiana,144973769
2021-10-03,Indiana,205571442
2021-10-10,Indiana,204222463
2021-10-17,Indiana,201261578
2021-10-24,Indiana,198294087
2021-10-31,Indiana,194870633
2021-11-07,Indiana,195899422
2021-11-14,Indiana,201623508
2021-11-21,Indiana,205513525
2021-11-28,Indiana,192477586
2021-12-05,Indiana,189111354
2021-12-12,Indiana,198276752
2021-12-19,Indiana,208021927
2021-12-26,Indiana,202810432
2022-01-02,Indiana,190740274
2022-01-09,Indiana,190489567
2022-01-16,Indiana,200986654
2022-01-23,Indiana,190665257
2022-01-30,Indiana,194169760
2022-02-06,Indiana,194929081
2022-02-13,Indiana,195285776
2022-02-20,Indiana,191968142
2022-02-27,Indiana,200298365
2022-03-06,Indiana,202181303
2022-03-13,Indiana,205372538
2022-03-20,Indiana,205327214
2022-03-27,Indiana,201956399
2022-04-03,Indiana,206089832
2022-04-10,Indiana,208023752
2022-04-17,Indiana,215450721
2022-04-24,Indiana,205818236
2022-05-01,Indiana,212444441
2022-05-08,Indiana,213902089
2022-05-15,Indiana,222954021
2022-05-22,Indiana,231422188
2022-05-29,Indiana,231492773
2022-06-05,Indiana,223844828
2022-06-12,Indiana,224741381
2022-06-19,Indiana,232822647
2022-06-26,Indiana,231333341
2022-07-03,Indiana,245802193
2022-07-10,Indiana,225822175
2022-07-17,Indiana,226763655
2022-07-24,Indiana,230490077
2022-07-31,Indiana,228600502
2022-08-07,Indiana,233222693
2022-08-14,Indiana,231687005
2022-08-21,Indiana,232468230
2022-08-28,Indiana,233265352
2022-09-04,Indiana,231355927
2022-09-11,Indiana,225562302
2022-09-18,Indiana,226801841
2022-09-25,Indiana,220893361
2022-10-02,Indiana,219252982
2022-10-09,Indiana,216869531
2022-10-16,Indiana,213503257
2022-10-23,Indiana,209982292
2022-10-30,Indiana,208293556
2022-11-06,Indiana,207047247
2022-11-13,Indiana,212211042
2022-11-20,Indiana,214986854
2022-11-27,Indiana,213289682
2022-12-04,Indiana,200675535
2022-12-11,Indiana,209083531
2022-12-18,Indiana,218718280
2022-12-25,Indiana,229211987
2023-01-01,Indiana,198002149
2023-01-08,Indiana,196394618
2023-01-15,Indiana,204160488
2023-01-22,Indiana,202091664
2023-01-29,Indiana,201375177
2023-02-05,Indiana,206145477
2023-02-12,Indiana,210189134
2023-02-19,Indiana,207748355
2023-02-26,Indiana,210958999
2023-03-05,Indiana,218242635
2023-03-12,Indiana,233961027
2023-03-19,Indiana,231016339
2023-03-26,Indiana,207930971
2023-04-02,Indiana,209455408
2023-04-09,Indiana,223116175
2023-04-16,Indiana,225317024
2023-04-23,Indiana,224558086
2023-04-30,Indiana,227926725
2023-05-07,Indiana,232091906
2019-10-06,Iowa,63444415
2019-10-13,Iowa,63034590
2019-10-20,Iowa,62527284
2019-10-27,Iowa,63267657
2019-11-03,Iowa,62361904
2019-11-10,Iowa,62117990
2019-11-17,Iowa,64211461
2019-11-24,Iowa,62835744
2019-12-01,Iowa,60702758
2019-12-08,Iowa,63074140
2019-12-15,Iowa,63146272
2019-12-22,Iowa,67258273
2019-12-29,Iowa,59575156
2020-01-05,Iowa,59067696
2020-01-12,Iowa,60918899
2020-01-19,Iowa,59727420
2020-01-26,Iowa,58551029
2020-02-02,Iowa,60863495
2020-02-09,Iowa,59036831
2020-02-16,Iowa,60434569
2020-02-23,Iowa,60677984
2020-03-01,Iowa,64202566
2020-03-08,Iowa,65961485
2020-03-15,Iowa,72534465
2020-03-22,Iowa,69277942
2020-03-29,Iowa,62548451
2020-04-05,Iowa,66389957
2020-04-12,Iowa,66163154
2020-04-19,Iowa,67003318
2020-04-26,Iowa,67021799
2020-05-03,Iowa,71602720
2020-05-10,Iowa,70346550
2020-05-17,Iowa,70218530
2020-05-24,Iowa,72411482
2020-05-31,Iowa,69696599
2020-06-07,Iowa,79630034
2020-06-14,Iowa,75197006
2020-06-21,Iowa,72152021
2020-06-28,Iowa,77381431
2020-07-05,Iowa,80322689
2020-07-12,Iowa,76363182
2020-07-19,Iowa,76522154
2020-07-26,Iowa,72772273
2020-08-02,Iowa,75647606
2020-08-09,Iowa,74943873
2020-08-16,Iowa,73974142
2020-08-23,Iowa,73771597
2020-08-30,Iowa,73745120
2020-09-06,Iowa,72476738
2020-09-13,Iowa,67693988
2020-09-20,Iowa,68574622
2020-09-27,Iowa,67464351
2020-10-04,Iowa,67069562
2020-10-11,Iowa,68954557
2020-10-18,Iowa,66751333
2020-10-25,Iowa,64181269
2020-11-01,Iowa,65694281
2020-11-08,Iowa,67146619
2020-11-15,Iowa,65557144
2020-11-22,Iowa,67064477
2020-11-29,Iowa,61554063
2020-12-06,Iowa,65202298
2020-12-13,Iowa,64664951
2020-12-20,Iowa,67615055
2020-12-27,Iowa,62352024
2021-01-03,Iowa,61085596
2021-01-10,Iowa,63759010
2021-01-17,Iowa,61756295
2021-01-24,Iowa,63355696
2021-01-31,Iowa,64409990
2021-02-07,Iowa,64829760
2021-02-14,Iowa,63001780
2021-02-21,Iowa,64439883
2021-02-28,Iowa,67613100
2021-03-07,Iowa,70225990
2021-03-14,Iowa,76630967
2021-03-21,Iowa,73557244
2021-03-28,Iowa,65324667
2021-04-04,Iowa,73011510
2021-04-11,Iowa,70719000
2021-04-18,Iowa,70207099
2021-04-25,Iowa,73279235
2021-05-02,Iowa,79067028
2021-05-09,Iowa,76275585
2021-05-16,Iowa,75215701
2021-05-23,Iowa,76143300
2021-05-30,Iowa,77550280
2021-06-06,Iowa,84625327
2021-06-13,Iowa,84954704
2021-06-20,Iowa,81627169
2021-06-27,Iowa,78577608
2021-07-04,Iowa,86352759
2021-07-11,Iowa,79246251
2021-07-18,Iowa,79597243
2021-07-25,Iowa,81060402
2021-08-01,Iowa,79648389
2021-08-08,Iowa,80043512
2021-08-15,Iowa,82384685
2021-08-22,Iowa,81136830
2021-08-29,Iowa,79453066
2021-09-05,Iowa,79767883
2021-09-12,Iowa,73285694
2021-09-19,Iowa,75359497
2021-09-26,Iowa,74902560
2021-10-03,Iowa,107123241
2021-10-10,Iowa,106932039
2021-10-17,Iowa,103822589
2021-10-24,Iowa,101866411
2021-10-31,Iowa,100572084
2021-11-07,Iowa,103094970
2021-11-14,Iowa,103832897
2021-11-21,Iowa,102844373
2021-11-28,Iowa,96761843
2021-12-05,Iowa,102169961
2021-12-12,Iowa,102182784
2021-12-19,Iowa,105762342
2021-12-26,Iowa,100465037
2022-01-02,Iowa,95784306
2022-01-09,Iowa,97403752
2022-01-16,Iowa,99577445
2022-01-23,Iowa,97405833
2022-01-30,Iowa,98044270
2022-02-06,Iowa,98650651
2022-02-13,Iowa,99808344
2022-02-20,Iowa,99853709
2022-02-27,Iowa,102026030
2022-03-06,Iowa,106337264
2022-03-13,Iowa,106060560
2022-03-20,Iowa,107590345
2022-03-27,Iowa,105383641
2022-04-03,Iowa,111445944
2022-04-10,Iowa,111233416
2022-04-17,Iowa,114022027
2022-04-24,Iowa,107798902
2022-05-01,Iowa,114451834
2022-05-08,Iowa,113497323
2022-05-15,Iowa,120045447
2022-05-22,Iowa,116091521
2022-05-29,Iowa,116918119
2022-06-05,Iowa,122942227
2022-06-12,Iowa,123855971
2022-06-19,Iowa,121225511
2022-06-26,Iowa,123142814
2022-07-03,Iowa,127666471
2022-07-10,Iowa,118292839
2022-07-17,Iowa,120250571
2022-07-24,Iowa,121581654
2022-07-31,Iowa,118833542
2022-08-07,Iowa,121017679
2022-08-14,Iowa,118799397
2022-08-21,Iowa,117909148
2022-08-28,Iowa,116479097
2022-09-04,Iowa,118474984
2022-09-11,Iowa,114040881
2022-09-18,Iowa,114396176
2022-09-25,Iowa,111609040
2022-10-02,Iowa,112398449
2022-10-09,Iowa,113810898
2022-10-16,Iowa,110027794
2022-10-23,Iowa,109087987
2022-10-30,Iowa,107437128
2022-11-06,Iowa,108982306
2022-11-13,Iowa,108897484
2022-11-20,Iowa,111104860
2022-11-27,Iowa,106727485
2022-12-04,Iowa,107410636
2022-12-11,Iowa,109326075
2022-12-18,Iowa,113552627
2022-12-25,Iowa,109408805
2023-01-01,Iowa,103388682
2023-01-08,Iowa,102855771
2023-01-15,Iowa,104857393
2023-01-22,Iowa,102454897
2023-01-29,Iowa,103796979
2023-02-05,Iowa,107185445
2023-02-12,Iowa,111245455
2023-02-19,Iowa,105959999
2023-02-26,Iowa,106334891
2023-03-05,Iowa,114188857
2023-03-12,Iowa,118082890
2023-03-19,Iowa,115425746
2023-03-26,Iowa,107398798
2023-04-02,Iowa,114064233
2023-04-09,Iowa,118362929
2023-04-16,Iowa,117667202
2023-04-23,Iowa,116093179
2023-04-30,Iowa,120826306
2023-05-07,Iowa,123791461
2019-10-06,Kansas,50331959
2019-10-13,Kansas,48317065
2019-10-20,Kansas,48601948
2019-10-27,Kansas,48102110
2019-11-03,Kansas,47489199
2019-11-10,Kansas,48524050
2019-11-17,Kansas,48710294
2019-11-24,Kansas,50469567
2019-12-01,Kansas,48255943
2019-12-08,Kansas,48371114
2019-12-15,Kansas,49474512
2019-12-22,Kansas,52416567
2019-12-29,Kansas,48921431
2020-01-05,Kansas,47926649
2020-01-12,Kansas,47874480
2020-01-19,Kansas,45970258
2020-01-26,Kansas,45578142
2020-02-02,Kansas,48454430
2020-02-09,Kansas,46767766
2020-02-16,Kansas,46986707
2020-02-23,Kansas,47027994
2020-03-01,Kansas,49739279
2020-03-08,Kansas,50679734
2020-03-15,Kansas,56199276
2020-03-22,Kansas,56741186
2020-03-29,Kansas,49573935
2020-04-05,Kansas,51139583
2020-04-12,Kansas,53992655
2020-04-19,Kansas,53915809
2020-04-26,Kansas,53151527
2020-05-03,Kansas,55107460
2020-05-10,Kansas,54867045
2020-05-17,Kansas,55211390
2020-05-24,Kansas,55036532
2020-05-31,Kansas,54431344
2020-06-07,Kansas,60420222
2020-06-14,Kansas,58714696
2020-06-21,Kansas,57777801
2020-06-28,Kansas,59540738
2020-07-05,Kansas,62341967
2020-07-12,Kansas,57070126
2020-07-19,Kansas,57934642
2020-07-26,Kansas,55812175
2020-08-02,Kansas,55336553
2020-08-09,Kansas,56686281
2020-08-16,Kansas,56533008
2020-08-23,Kansas,54631653
2020-08-30,Kansas,54662599
2020-09-06,Kansas,56449771
2020-09-13,Kansas,53396659
2020-09-20,Kansas,53610089
2020-09-27,Kansas,52805521
2020-10-04,Kansas,52679711
2020-10-11,Kansas,53467896
2020-10-18,Kansas,52216444
2020-10-25,Kansas,50123548
2020-11-01,Kansas,49731547
2020-11-08,Kansas,52059074
2020-11-15,Kansas,50940709
2020-11-22,Kansas,52763618
2020-11-29,Kansas,51187350
2020-12-06,Kansas,50030283
2020-12-13,Kansas,51776970
2020-12-20,Kansas,52936446
2020-12-27,Kansas,52101711
2021-01-03,Kansas,50868820
2021-01-10,Kansas,50589576
2021-01-17,Kansas,49405363
2021-01-24,Kansas,49264081
2021-01-31,Kansas,50249197
2021-02-07,Kansas,51903922
2021-02-14,Kansas,49473049
2021-02-21,Kansas,48029085
2021-02-28,Kansas,52003516
2021-03-07,Kansas,54781179
2021-03-14,Kansas,59343851
2021-03-21,Kansas,59205729
2021-03-28,Kansas,52129782
2021-04-04,Kansas,55653199
2021-04-11,Kansas,56348860
2021-04-18,Kansas,54961229
2021-04-25,Kansas,56106391
2021-05-02,Kansas,59355868
2021-05-09,Kansas,58628492
2021-05-16,Kansas,56506821
2021-05-23,Kansas,58120185
2021-05-30,Kansas,58608591
2021-06-06,Kansas,62516133
2021-06-13,Kansas,63747306
2021-06-20,Kansas,64694666
2021-06-27,Kansas,61546477
2021-07-04,Kansas,65793576
2021-07-11,Kansas,61453800
2021-07-18,Kansas,60484849
2021-07-25,Kansas,61028084
2021-08-01,Kansas,60808014
2021-08-08,Kansas,61015142
2021-08-15,Kansas,61587649
2021-08-22,Kansas,60003063
2021-08-29,Kansas,60315652
2021-09-05,Kansas,61220164
2021-09-12,Kansas,58019746
2021-09-19,Kansas,58620693
2021-09-26,Kansas,57965250
2021-10-03,Kansas,82900044
2021-10-10,Kansas,84206741
2021-10-17,Kansas,81123034
2021-10-24,Kansas,79347468
2021-10-31,Kansas,78863272
2021-11-07,Kansas,79954985
2021-11-14,Kansas,80314797
2021-11-21,Kansas,82999329
2021-11-28,Kansas,78440980
2021-12-05,Kansas,78480381
2021-12-12,Kansas,80608216
2021-12-19,Kansas,84460876
2021-12-26,Kansas,83443647
2022-01-02,Kansas,79504173
2022-01-09,Kansas,76822109
2022-01-16,Kansas,78883181
2022-01-23,Kansas,75806888
2022-01-30,Kansas,78220590
2022-02-06,Kansas,78785428
2022-02-13,Kansas,79062421
2022-02-20,Kansas,75767595
2022-02-27,Kansas,80457892
2022-03-06,Kansas,83339037
2022-03-13,Kansas,81663312
2022-03-20,Kansas,83082913
2022-03-27,Kansas,82019286
2022-04-03,Kansas,86725019
2022-04-10,Kansas,86064766
2022-04-17,Kansas,87097621
2022-04-24,Kansas,83057568
2022-05-01,Kansas,86997853
2022-05-08,Kansas,86153843
2022-05-15,Kansas,90747539
2022-05-22,Kansas,87205384
2022-05-29,Kansas,88373730
2022-06-05,Kansas,90128642
2022-06-12,Kansas,92872869
2022-06-19,Kansas,95907245
2022-06-26,Kansas,92862803
2022-07-03,Kansas,97005014
2022-07-10,Kansas,92985889
2022-07-17,Kansas,92242837
2022-07-24,Kansas,91465019
2022-07-31,Kansas,90742378
2022-08-07,Kansas,93112554
2022-08-14,Kansas,92208149
2022-08-21,Kansas,88534643
2022-08-28,Kansas,89760228
2022-09-04,Kansas,93015446
2022-09-11,Kansas,90032274
2022-09-18,Kansas,89581306
2022-09-25,Kansas,87433217
2022-10-02,Kansas,87253392
2022-10-09,Kansas,88764637
2022-10-16,Kansas,85774103
2022-10-23,Kansas,84007160
2022-10-30,Kansas,83002733
2022-11-06,Kansas,84389780
2022-11-13,Kansas,83975554
2022-11-20,Kansas,85163591
2022-11-27,Kansas,86453163
2022-12-04,Kansas,82078819
2022-12-11,Kansas,84610185
2022-12-18,Kansas,87682837
2022-12-25,Kansas,91741790
2023-01-01,Kansas,82286821
2023-01-08,Kansas,80180821
2023-01-15,Kansas,81402484
2023-01-22,Kansas,79711319
2023-01-29,Kansas,82211005
2023-02-05,Kansas,82693189
2023-02-12,Kansas,85796601
2023-02-19,Kansas,82138038
2023-02-26,Kansas,84463677
2023-03-05,Kansas,90385105
2023-03-12,Kansas,93010721
2023-03-19,Kansas,92039959
2023-03-26,Kansas,84923537
2023-04-02,Kansas,88919304
2023-04-09,Kansas,94272251
2023-04-16,Kansas,92228322
2023-04-23,Kansas,91618567
2023-04-30,Kansas,93432681
2023-05-07,Kansas,94692553
2019-10-06,Kentucky,106008269
2019-10-13,Kentucky,98289687
2019-10-20,Kentucky,94431653
2019-10-27,Kentucky,91910509
2019-11-03,Kentucky,92866945
2019-11-10,Kentucky,92808301
2019-11-17,Kentucky,92285214
2019-11-24,Kentucky,95351247
2019-12-01,Kentucky,91340443
2019-12-08,Kentucky,92458439
2019-12-15,Kentucky,92535178
2019-12-22,Kentucky,97877583
2019-12-29,Kentucky,92581515
2020-01-05,Kentucky,91668507
2020-01-12,Kentucky,91660185
2020-01-19,Kentucky,89904459
2020-01-26,Kentucky,87337779
2020-02-02,Kentucky,90383282
2020-02-09,Kentucky,90103077
2020-02-16,Kentucky,88680140
2020-02-23,Kentucky,89359545
2020-03-01,Kentucky,96896523
2020-03-08,Kentucky,98146652
2020-03-15,Kentucky,108537873
2020-03-22,Kentucky,106471733
2020-03-29,Kentucky,93433676
2020-04-05,Kentucky,98418689
2020-04-12,Kentucky,101853088
2020-04-19,Kentucky,99475279
2020-04-26,Kentucky,98793976
2020-05-03,Kentucky,105113498
2020-05-10,Kentucky,105641997
2020-05-17,Kentucky,105373534
2020-05-24,Kentucky,111736558
2020-05-31,Kentucky,108405879
2020-06-07,Kentucky,112052844
2020-06-14,Kentucky,110489789
2020-06-21,Kentucky,108919624
2020-06-28,Kentucky,109608395
2020-07-05,Kentucky,118344909
2020-07-12,Kentucky,111351523
2020-07-19,Kentucky,110998494
2020-07-26,Kentucky,107452067
2020-08-02,Kentucky,108364954
2020-08-09,Kentucky,110548963
2020-08-16,Kentucky,110780991
2020-08-23,Kentucky,107156718
2020-08-30,Kentucky,106359011
2020-09-06,Kentucky,108898997
2020-09-13,Kentucky,108814338
2020-09-20,Kentucky,106393444
2020-09-27,Kentucky,102811444
2020-10-04,Kentucky,105812853
2020-10-11,Kentucky,101261775
2020-10-18,Kentucky,100459116
2020-10-25,Kentucky,99021954
2020-11-01,Kentucky,97721872
2020-11-08,Kentucky,99884015
2020-11-15,Kentucky,101550362
2020-11-22,Kentucky,103523877
2020-11-29,Kentucky,98671875
2020-12-06,Kentucky,96239479
2020-12-13,Kentucky,98495215
2020-12-20,Kentucky,100865902
2020-12-27,Kentucky,99073802
2021-01-03,Kentucky,97850319
2021-01-10,Kentucky,97469454
2021-01-17,Kentucky,99316228
2021-01-24,Kentucky,95310488
2021-01-31,Kentucky,96229501
2021-02-07,Kentucky,98295922
2021-02-14,Kentucky,97978469
2021-02-21,Kentucky,92934125
2021-02-28,Kentucky,99976449
2021-03-07,Kentucky,105832542
2021-03-14,Kentucky,116409590
2021-03-21,Kentucky,115326865
2021-03-28,Kentucky,103167420
2021-04-04,Kentucky,108849186
2021-04-11,Kentucky,110300930
2021-04-18,Kentucky,107204172
2021-04-25,Kentucky,107620403
2021-05-02,Kentucky,112421502
2021-05-09,Kentucky,112626698
2021-05-16,Kentucky,111966687
2021-05-23,Kentucky,118306199
2021-05-30,Kentucky,119293343
2021-06-06,Kentucky,118342925
2021-06-13,Kentucky,120608753
2021-06-20,Kentucky,123091896
2021-06-27,Kentucky,117190358
2021-07-04,Kentucky,125646304
2021-07-11,Kentucky,118579601
2021-07-18,Kentucky,117990161
2021-07-25,Kentucky,118148968
2021-08-01,Kentucky,117300344
2021-08-08,Kentucky,119557385
2021-08-15,Kentucky,120277717
2021-08-22,Kentucky,117423059
2021-08-29,Kentucky,120550385
2021-09-05,Kentucky,119446257
2021-09-12,Kentucky,115777033
2021-09-19,Kentucky,115075277
2021-09-26,Kentucky,109298752
2021-10-03,Kentucky,163410999
2021-10-10,Kentucky,160624310
2021-10-17,Kentucky,158469038
2021-10-24,Kentucky,154857048
2021-10-31,Kentucky,152099528
2021-11-07,Kentucky,154353903
2021-11-14,Kentucky,157931326
2021-11-21,Kentucky,162353803
2021-11-28,Kentucky,149030290
2021-12-05,Kentucky,150843600
2021-12-12,Kentucky,153606722
2021-12-19,Kentucky,160380710
2021-12-26,Kentucky,154868195
2022-01-02,Kentucky,150002540
2022-01-09,Kentucky,150103193
2022-01-16,Kentucky,156262856
2022-01-23,Kentucky,144556709
2022-01-30,Kentucky,147313253
2022-02-06,Kentucky,153560694
2022-02-13,Kentucky,152843859
2022-02-20,Kentucky,145625624
2022-02-27,Kentucky,156479216
2022-03-06,Kentucky,160721353
2022-03-13,Kentucky,161981216
2022-03-20,Kentucky,163477369
2022-03-27,Kentucky,164099533
2022-04-03,Kentucky,166881514
2022-04-10,Kentucky,167126414
2022-04-17,Kentucky,169953128
2022-04-24,Kentucky,164162639
2022-05-01,Kentucky,171664151
2022-05-08,Kentucky,170241063
2022-05-15,Kentucky,172918709
2022-05-22,Kentucky,180195378
2022-05-29,Kentucky,175426519
2022-06-05,Kentucky,175125576
2022-06-12,Kentucky,173551981
2022-06-19,Kentucky,181679225
2022-06-26,Kentucky,178023500
2022-07-03,Kentucky,188779241
2022-07-10,Kentucky,177231551
2022-07-17,Kentucky,176803762
2022-07-24,Kentucky,175521543
2022-07-31,Kentucky,176939927
2022-08-07,Kentucky,182657159
2022-08-14,Kentucky,182433637
2022-08-21,Kentucky,178715627
2022-08-28,Kentucky,180785746
2022-09-04,Kentucky,183658226
2022-09-11,Kentucky,177213325
2022-09-18,Kentucky,176248303
2022-09-25,Kentucky,175430228
2022-10-02,Kentucky,176005999
2022-10-09,Kentucky,169675964
2022-10-16,Kentucky,169028833
2022-10-23,Kentucky,164783227
2022-10-30,Kentucky,161908388
2022-11-06,Kentucky,163543172
2022-11-13,Kentucky,164839821
2022-11-20,Kentucky,165319823
2022-11-27,Kentucky,163202264
2022-12-04,Kentucky,156960935
2022-12-11,Kentucky,159951955
2022-12-18,Kentucky,167654027
2022-12-25,Kentucky,171908926
2023-01-01,Kentucky,154450235
2023-01-08,Kentucky,155431103
2023-01-15,Kentucky,159888962
2023-01-22,Kentucky,151381165
2023-01-29,Kentucky,152849459
2023-02-05,Kentucky,159539414
2023-02-12,Kentucky,161038287
2023-02-19,Kentucky,162073335
2023-02-26,Kentucky,163522695
2023-03-05,Kentucky,172605245
2023-03-12,Kentucky,182420654
2023-03-19,Kentucky,176332061
2023-03-26,Kentucky,163351236
2023-04-02,Kentucky,169379033
2023-04-09,Kentucky,173760111
2023-04-16,Kentucky,174619209
2023-04-23,Kentucky,175063639
2023-04-30,Kentucky,177480411
2023-05-07,Kentucky,182477460
2019-10-06,Louisiana,110909955
2019-10-13,Louisiana,109354747
2019-10-20,Louisiana,100499699
2019-10-27,Louisiana,94643764
2019-11-03,Louisiana,98130561
2019-11-10,Louisiana,99092392
2019-11-17,Louisiana,97123839
2019-11-24,Louisiana,98028446
2019-12-01,Louisiana,94697655
2019-12-08,Louisiana,96719430
2019-12-15,Louisiana,96959218
2019-12-22,Louisiana,100853710
2019-12-29,Louisiana,90497589
2020-01-05,Louisiana,89999954
2020-01-12,Louisiana,95317538
2020-01-19,Louisiana,93011764
2020-01-26,Louisiana,88883700
2020-02-02,Louisiana,93133151
2020-02-09,Louisiana,94376733
2020-02-16,Louisiana,94246834
2020-02-23,Louisiana,92767325
2020-03-01,Louisiana,100284982
2020-03-08,Louisiana,104279827
2020-03-15,Louisiana,121196145
2020-03-22,Louisiana,111529227
2020-03-29,Louisiana,97224312
2020-04-05,Louisiana,102909681
2020-04-12,Louisiana,102756057
2020-04-19,Louisiana,102183591
2020-04-26,Louisiana,102360002
2020-05-03,Louisiana,109850443
2020-05-10,Louisiana,110854351
2020-05-17,Louisiana,109640846
2020-05-24,Louisiana,114631357
2020-05-31,Louisiana,109870801
2020-06-07,Louisiana,117541818
2020-06-14,Louisiana,113522143
2020-06-21,Louisiana,115258588
2020-06-28,Louisiana,107808978
2020-07-05,Louisiana,120137016
2020-07-12,Louisiana,120242882
2020-07-19,Louisiana,107757841
2020-07-26,Louisiana,105961502
2020-08-02,Louisiana,109735019
2020-08-09,Louisiana,119096376
2020-08-16,Louisiana,117135983
2020-08-23,Louisiana,117579801
2020-08-30,Louisiana,113353059
2020-09-06,Louisiana,123030206
2020-09-13,Louisiana,116867036
2020-09-20,Louisiana,110526069
2020-09-27,Louisiana,106003069
2020-10-04,Louisiana,117294523
2020-10-11,Louisiana,113938298
2020-10-18,Louisiana,104986484
2020-10-25,Louisiana,103272852
2020-11-01,Louisiana,104994962
2020-11-08,Louisiana,107041449
2020-11-15,Louisiana,103533351
2020-11-22,Louisiana,107565398
2020-11-29,Louisiana,99539467
2020-12-06,Louisiana,100212642
2020-12-13,Louisiana,103283351
2020-12-20,Louisiana,103692118
2020-12-27,Louisiana,96683773
2021-01-03,Louisiana,96612059
2021-01-10,Louisiana,103409390
2021-01-17,Louisiana,99444705
2021-01-24,Louisiana,95771377
2021-01-31,Louisiana,96830454
2021-02-07,Louisiana,103625081
2021-02-14,Louisiana,101323999
2021-02-21,Louisiana,93576882
2021-02-28,Louisiana,105990169
2021-03-07,Louisiana,110243755
2021-03-14,Louisiana,129302802
2021-03-21,Louisiana,119445818
2021-03-28,Louisiana,102299326
2021-04-04,Louisiana,111799498
2021-04-11,Louisiana,109647914
2021-04-18,Louisiana,106648614
2021-04-25,Louisiana,111133389
2021-05-02,Louisiana,115298735
2021-05-09,Louisiana,119514121
2021-05-16,Louisiana,115508714
2021-05-23,Louisiana,115983095
2021-05-30,Louisiana,117946581
2021-06-06,Louisiana,121498262
2021-06-13,Louisiana,121378724
2021-06-20,Louisiana,127441197
2021-06-27,Louisiana,113377115
2021-07-04,Louisiana,125522125
2021-07-11,Louisiana,117870621
2021-07-18,Louisiana,122116303
2021-07-25,Louisiana,118351246
2021-08-01,Louisiana,120506481
2021-08-08,Louisiana,128188335
2021-08-15,Louisiana,127627599
2021-08-22,Louisiana,130957347
2021-08-29,Louisiana,128868690
2021-09-05,Louisiana,120514382
2021-09-12,Louisiana,121134945
2021-09-19,Louisiana,115984166
2021-09-26,Louisiana,113668155
2021-10-03,Louisiana,173218605
2021-10-10,Louisiana,177059756
2021-10-17,Louisiana,168011334
2021-10-24,Louisiana,163730358
2021-10-31,Louisiana,164478871
2021-11-07,Louisiana,163231952
2021-11-14,Louisiana,162728719
2021-11-21,Louisiana,162507492
2021-11-28,Louisiana,149328484
2021-12-05,Louisiana,155559149
2021-12-12,Louisiana,159058610
2021-12-19,Louisiana,161572466
2021-12-26,Louisiana,152224240
2022-01-02,Louisiana,148960742
2022-01-09,Louisiana,155342817
2022-01-16,Louisiana,156687248
2022-01-23,Louisiana,149990486
2022-01-30,Louisiana,149359134
2022-02-06,Louisiana,157396925
2022-02-13,Louisiana,157276015
2022-02-20,Louisiana,148218415
2022-02-27,Louisiana,166316041
2022-03-06,Louisiana,167521896
2022-03-13,Louisiana,165907039
2022-03-20,Louisiana,167508573
2022-03-27,Louisiana,164240358
2022-04-03,Louisiana,171748523
2022-04-10,Louisiana,174670882
2022-04-17,Louisiana,169258764
2022-04-24,Louisiana,166594559
2022-05-01,Louisiana,174211278
2022-05-08,Louisiana,180020154
2022-05-15,Louisiana,181429033
2022-05-22,Louisiana,178706788
2022-05-29,Louisiana,179804432
2022-06-05,Louisiana,179757689
2022-06-12,Louisiana,186536877
2022-06-19,Louisiana,187019146
2022-06-26,Louisiana,179657907
2022-07-03,Louisiana,186831003
2022-07-10,Louisiana,185262751
2022-07-17,Louisiana,175186925
2022-07-24,Louisiana,179277668
2022-07-31,Louisiana,181707227
2022-08-07,Louisiana,190762050
2022-08-14,Louisiana,190112553
2022-08-21,Louisiana,183999611
2022-08-28,Louisiana,189354774
2022-09-04,Louisiana,184547199
2022-09-11,Louisiana,187018948
2022-09-18,Louisiana,179685597
2022-09-25,Louisiana,185329803
2022-10-02,Louisiana,186352065
2022-10-09,Louisiana,190158068
2022-10-16,Louisiana,183986892
2022-10-23,Louisiana,175022139
2022-10-30,Louisiana,171403891
2022-11-06,Louisiana,174802411
2022-11-13,Louisiana,172481938
2022-11-20,Louisiana,173115456
2022-11-27,Louisiana,162599691
2022-12-04,Louisiana,165763269
2022-12-11,Louisiana,171279354
2022-12-18,Louisiana,171487542
2022-12-25,Louisiana,168922814
2023-01-01,Louisiana,154640918
2023-01-08,Louisiana,161935636
2023-01-15,Louisiana,163716219
2023-01-22,Louisiana,156680224
2023-01-29,Louisiana,155106852
2023-02-05,Louisiana,164619111
2023-02-12,Louisiana,171534051
2023-02-19,Louisiana,165177666
2023-02-26,Louisiana,172155748
2023-03-05,Louisiana,180681856
2023-03-12,Louisiana,198036327
2023-03-19,Louisiana,184514764
2023-03-26,Louisiana,169522981
2023-04-02,Louisiana,176985211
2023-04-09,Louisiana,181956635
2023-04-16,Louisiana,173702708
2023-04-23,Louisiana,177272792
2023-04-30,Louisiana,181174167
2023-05-07,Louisiana,193168731
2019-10-06,Maine,26536448
2019-10-13,Maine,26810547
2019-10-20,Maine,26272241
2019-10-27,Maine,24846763
2019-11-03,Maine,24844075
2019-11-10,Maine,24804826
2019-11-17,Maine,25124019
2019-11-24,Maine,25092646
2019-12-01,Maine,25031693
2019-12-08,Maine,24713978
2019-12-15,Maine,25869599
2019-12-22,Maine,26726615
2019-12-29,Maine,25243165
2020-01-05,Maine,25024726
2020-01-12,Maine,24355262
2020-01-19,Maine,26100870
2020-01-26,Maine,23671917
2020-02-02,Maine,24839107
2020-02-09,Maine,24780924
2020-02-16,Maine,25099315
2020-02-23,Maine,25238852
2020-03-01,Maine,25700047
2020-03-08,Maine,26842940
2020-03-15,Maine,28773986
2020-03-22,Maine,28465733
2020-03-29,Maine,25032203
2020-04-05,Maine,26134163
2020-04-12,Maine,25833008
2020-04-19,Maine,27337985
2020-04-26,Maine,25890806
2020-05-03,Maine,27783408
2020-05-10,Maine,28044139
2020-05-17,Maine,29233513
2020-05-24,Maine,31587575
2020-05-31,Maine,30695406
2020-06-07,Maine,31030852
2020-06-14,Maine,31735652
2020-06-21,Maine,33461790
2020-06-28,Maine,32666217
2020-07-05,Maine,35955266
2020-07-12,Maine,32885624
2020-07-19,Maine,34398251
2020-07-26,Maine,34256704
2020-08-02,Maine,35887496
2020-08-09,Maine,34201022
2020-08-16,Maine,34846874
2020-08-23,Maine,32438671
2020-08-30,Maine,31354861
2020-09-06,Maine,30068749
2020-09-13,Maine,29549898
2020-09-20,Maine,29477979
2020-09-27,Maine,28839967
2020-10-04,Maine,28196622
2020-10-11,Maine,28329169
2020-10-18,Maine,28172232
2020-10-25,Maine,26759991
2020-11-01,Maine,26208036
2020-11-08,Maine,26444945
2020-11-15,Maine,27075404
2020-11-22,Maine,26885825
2020-11-29,Maine,26273516
2020-12-06,Maine,25819043
2020-12-13,Maine,26552093
2020-12-20,Maine,27075289
2020-12-27,Maine,27093729
2021-01-03,Maine,26270827
2021-01-10,Maine,26118467
2021-01-17,Maine,27089363
2021-01-24,Maine,26264301
2021-01-31,Maine,26116338
2021-02-07,Maine,26379036
2021-02-14,Maine,27211331
2021-02-21,Maine,26945072
2021-02-28,Maine,27028028
2021-03-07,Maine,27970334
2021-03-14,Maine,30657060
2021-03-21,Maine,30670986
2021-03-28,Maine,26865895
2021-04-04,Maine,28185004
2021-04-11,Maine,27250032
2021-04-18,Maine,28809628
2021-04-25,Maine,28539333
2021-05-02,Maine,29137324
2021-05-09,Maine,29339259
2021-05-16,Maine,31277692
2021-05-23,Maine,33579851
2021-05-30,Maine,33587975
2021-06-06,Maine,32751826
2021-06-13,Maine,34354336
2021-06-20,Maine,35928123
2021-06-27,Maine,34567762
2021-07-04,Maine,36680245
2021-07-11,Maine,33697577
2021-07-18,Maine,35155857
2021-07-25,Maine,35574007
2021-08-01,Maine,36198814
2021-08-08,Maine,36088447
2021-08-15,Maine,37660012
2021-08-22,Maine,35352231
2021-08-29,Maine,33851395
2021-09-05,Maine,33063174
2021-09-12,Maine,31746175
2021-09-19,Maine,31713373
2021-09-26,Maine,31024787
2021-10-03,Maine,43463387
2021-10-10,Maine,43838076
2021-10-17,Maine,43846988
2021-10-24,Maine,41226743
2021-10-31,Maine,40259829
2021-11-07,Maine,41105433
2021-11-14,Maine,42309515
2021-11-21,Maine,41755769
2021-11-28,Maine,39584633
2021-12-05,Maine,40174636
2021-12-12,Maine,41096061
2021-12-19,Maine,43594914
2021-12-26,Maine,41576613
2022-01-02,Maine,40280283
2022-01-09,Maine,39650663
2022-01-16,Maine,43350787
2022-01-23,Maine,39822332
2022-01-30,Maine,41230769
2022-02-06,Maine,40438798
2022-02-13,Maine,41681664
2022-02-20,Maine,41618979
2022-02-27,Maine,41625884
2022-03-06,Maine,42524511
2022-03-13,Maine,42707838
2022-03-20,Maine,42695172
2022-03-27,Maine,42142863
2022-04-03,Maine,42883243
2022-04-10,Maine,42469419
2022-04-17,Maine,45834936
2022-04-24,Maine,41993771
2022-05-01,Maine,44706505
2022-05-08,Maine,46270969
2022-05-15,Maine,49489860
2022-05-22,Maine,49955615
2022-05-29,Maine,50620252
2022-06-05,Maine,50254515
2022-06-12,Maine,52791108
2022-06-19,Maine,53278673
2022-06-26,Maine,53405147
2022-07-03,Maine,60165439
2022-07-10,Maine,54669440
2022-07-17,Maine,57223096
2022-07-24,Maine,56848076
2022-07-31,Maine,56910943
2022-08-07,Maine,56130667
2022-08-14,Maine,55607960
2022-08-21,Maine,54262439
2022-08-28,Maine,52309755
2022-09-04,Maine,50340572
2022-09-11,Maine,48100551
2022-09-18,Maine,49097846
2022-09-25,Maine,46571182
2022-10-02,Maine,45716879
2022-10-09,Maine,46496664
2022-10-16,Maine,46908089
2022-10-23,Maine,44300277
2022-10-30,Maine,43331366
2022-11-06,Maine,43840591
2022-11-13,Maine,44716273
2022-11-20,Maine,44409591
2022-11-27,Maine,43874865
2022-12-04,Maine,42473739
2022-12-11,Maine,44077650
2022-12-18,Maine,46588231
2022-12-25,Maine,47018806
2023-01-01,Maine,42599536
2023-01-08,Maine,42122441
2023-01-15,Maine,44353321
2023-01-22,Maine,43405432
2023-01-29,Maine,43975211
2023-02-05,Maine,42648132
2023-02-12,Maine,46050376
2023-02-19,Maine,45523131
2023-02-26,Maine,44869121
2023-03-05,Maine,46290151
2023-03-12,Maine,48906544
2023-03-19,Maine,48532857
2023-03-26,Maine,44174255
2023-04-02,Maine,44473895
2023-04-09,Maine,45983215
2023-04-16,Maine,48286698
2023-04-23,Maine,45977852
2023-04-30,Maine,47178282
2023-05-07,Maine,49205689
2019-10-06,Maryland,97008034
2019-10-13,Maryland,93758115
2019-10-20,Maryland,90181316
2019-10-27,Maryland,88416679
2019-11-03,Maryland,88673878
2019-11-10,Maryland,88525553
2019-11-17,Maryland,90307205
2019-11-24,Maryland,93588028
2019-12-01,Maryland,89261853
2019-12-08,Maryland,87415041
2019-12-15,Maryland,90575816
2019-12-22,Maryland,97500112
2019-12-29,Maryland,92797310
2020-01-05,Maryland,88313854
2020-01-12,Maryland,89531136
2020-01-19,Maryland,88445894
2020-01-26,Maryland,85581663
2020-02-02,Maryland,87410693
2020-02-09,Maryland,88660395
2020-02-16,Maryland,87373770
2020-02-23,Maryland,88053306
2020-03-01,Maryland,90814110
2020-03-08,Maryland,95686987
2020-03-15,Maryland,111894147
2020-03-22,Maryland,106607340
2020-03-29,Maryland,92700910
2020-04-05,Maryland,94743296
2020-04-12,Maryland,95539930
2020-04-19,Maryland,96380381
2020-04-26,Maryland,93906193
2020-05-03,Maryland,95277517
2020-05-10,Maryland,96078169
2020-05-17,Maryland,98558237
2020-05-24,Maryland,105278232
2020-05-31,Maryland,103364485
2020-06-07,Maryland,104723816
2020-06-14,Maryland,105414880
2020-06-21,Maryland,104003906
2020-06-28,Maryland,108601124
2020-07-05,Maryland,115323226
2020-07-12,Maryland,106991408
2020-07-19,Maryland,112171286
2020-07-26,Maryland,108600663
2020-08-02,Maryland,107791835
2020-08-09,Maryland,105563907
2020-08-16,Maryland,104793631
2020-08-23,Maryland,103139793
2020-08-30,Maryland,103695376
2020-09-06,Maryland,103513800
2020-09-13,Maryland,100237643
2020-09-20,Maryland,99489150
2020-09-27,Maryland,99204981
2020-10-04,Maryland,98860220
2020-10-11,Maryland,97253304
2020-10-18,Maryland,94137274
2020-10-25,Maryland,94352307
2020-11-01,Maryland,92795122
2020-11-08,Maryland,94532177
2020-11-15,Maryland,95314038
2020-11-22,Maryland,98100247
2020-11-29,Maryland,97386230
2020-12-06,Maryland,87783075
2020-12-13,Maryland,94176748
2020-12-20,Maryland,97236200
2020-12-27,Maryland,98295541
2021-01-03,Maryland,91957431
2021-01-10,Maryland,91814739
2021-01-17,Maryland,94368591
2021-01-24,Maryland,92456852
2021-01-31,Maryland,93789248
2021-02-07,Maryland,91691006
2021-02-14,Maryland,91850611
2021-02-21,Maryland,92005610
2021-02-28,Maryland,94576326
2021-03-07,Maryland,98503358
2021-03-14,Maryland,116997061
2021-03-21,Maryland,112804604
2021-03-28,Maryland,98218067
2021-04-04,Maryland,99821595
2021-04-11,Maryland,99364240
2021-04-18,Maryland,99378358
2021-04-25,Maryland,98801109
2021-05-02,Maryland,102050026
2021-05-09,Maryland,102307391
2021-05-16,Maryland,104297428
2021-05-23,Maryland,109786682
2021-05-30,Maryland,108404730
2021-06-06,Maryland,110224578
2021-06-13,Maryland,112928439
2021-06-20,Maryland,110913679
2021-06-27,Maryland,112115089
2021-07-04,Maryland,120566973
2021-07-11,Maryland,114821638
2021-07-18,Maryland,117222485
2021-07-25,Maryland,115587895
2021-08-01,Maryland,113493003
2021-08-08,Maryland,109789879
2021-08-15,Maryland,111549136
2021-08-22,Maryland,109293517
2021-08-29,Maryland,111588540
2021-09-05,Maryland,110387783
2021-09-12,Maryland,107980698
2021-09-19,Maryland,107129225
2021-09-26,Maryland,104892964
2021-10-03,Maryland,153026721
2021-10-10,Maryland,151554136
2021-10-17,Maryland,148289348
2021-10-24,Maryland,146769139
2021-10-31,Maryland,144129654
2021-11-07,Maryland,143534790
2021-11-14,Maryland,149358981
2021-11-21,Maryland,151367134
2021-11-28,Maryland,145305604
2021-12-05,Maryland,137448770
2021-12-12,Maryland,146342295
2021-12-19,Maryland,152395983
2021-12-26,Maryland,154213595
2022-01-02,Maryland,141611466
2022-01-09,Maryland,143613037
2022-01-16,Maryland,147214262
2022-01-23,Maryland,141914537
2022-01-30,Maryland,144339585
2022-02-06,Maryland,141116007
2022-02-13,Maryland,144626242
2022-02-20,Maryland,141913018
2022-02-27,Maryland,145837844
2022-03-06,Maryland,146518927
2022-03-13,Maryland,150915471
2022-03-20,Maryland,150518690
2022-03-27,Maryland,151339044
2022-04-03,Maryland,151946477
2022-04-10,Maryland,153379324
2022-04-17,Maryland,159304621
2022-04-24,Maryland,154619703
2022-05-01,Maryland,156961460
2022-05-08,Maryland,155643664
2022-05-15,Maryland,159139094
2022-05-22,Maryland,171654882
2022-05-29,Maryland,166991883
2022-06-05,Maryland,167237091
2022-06-12,Maryland,165507600
2022-06-19,Maryland,169788282
2022-06-26,Maryland,169627955
2022-07-03,Maryland,175871844
2022-07-10,Maryland,167386564
2022-07-17,Maryland,173216759
2022-07-24,Maryland,172047281
2022-07-31,Maryland,168398689
2022-08-07,Maryland,168221663
2022-08-14,Maryland,170001105
2022-08-21,Maryland,167354557
2022-08-28,Maryland,169874500
2022-09-04,Maryland,170224235
2022-09-11,Maryland,165517969
2022-09-18,Maryland,165694956
2022-09-25,Maryland,164059545
2022-10-02,Maryland,160004007
2022-10-09,Maryland,156839384
2022-10-16,Maryland,157264032
2022-10-23,Maryland,154739355
2022-10-30,Maryland,151763864
2022-11-06,Maryland,152058115
2022-11-13,Maryland,155282600
2022-11-20,Maryland,156895972
2022-11-27,Maryland,161803868
2022-12-04,Maryland,143324166
2022-12-11,Maryland,152772242
2022-12-18,Maryland,159337882
2022-12-25,Maryland,166936861
2023-01-01,Maryland,150104016
2023-01-08,Maryland,149468285
2023-01-15,Maryland,152126380
2023-01-22,Maryland,147502187
2023-01-29,Maryland,147866864
2023-02-05,Maryland,146919673
2023-02-12,Maryland,152386026
2023-02-19,Maryland,152990036
2023-02-26,Maryland,154630462
2023-03-05,Maryland,158093685
2023-03-12,Maryland,174669998
2023-03-19,Maryland,171998766
2023-03-26,Maryland,156952581
2023-04-02,Maryland,156180976
2023-04-09,Maryland,161274665
2023-04-16,Maryland,166631665
2023-04-23,Maryland,163795397
2023-04-30,Maryland,160364863
2023-05-07,Maryland,160481700
2019-10-06,Massachusetts,102038881
2019-10-13,Massachusetts,100926963
2019-10-20,Massachusetts,98350433
2019-10-27,Massachusetts,97284879
2019-11-03,Massachusetts,97717029
2019-11-10,Massachusetts,99983395
2019-11-17,Massachusetts,101260431
2019-11-24,Massachusetts,100546660
2019-12-01,Massachusetts,98820411
2019-12-08,Massachusetts,98415703
2019-12-15,Massachusetts,101028461
2019-12-22,Massachusetts,106502083
2019-12-29,Massachusetts,100487052
2020-01-05,Massachusetts,98080456
2020-01-12,Massachusetts,97046660
2020-01-19,Massachusetts,103176944
2020-01-26,Massachusetts,93592336
2020-02-02,Massachusetts,98287115
2020-02-09,Massachusetts,98116057
2020-02-16,Massachusetts,95306387
2020-02-23,Massachusetts,96000960
2020-03-01,Massachusetts,100072373
2020-03-08,Massachusetts,107069451
2020-03-15,Massachusetts,122297192
2020-03-22,Massachusetts,118886720
2020-03-29,Massachusetts,100640614
2020-04-05,Massachusetts,103980879
2020-04-12,Massachusetts,105781835
2020-04-19,Massachusetts,101856766
2020-04-26,Massachusetts,97588683
2020-05-03,Massachusetts,104091231
2020-05-10,Massachusetts,109906368
2020-05-17,Massachusetts,107763998
2020-05-24,Massachusetts,115031093
2020-05-31,Massachusetts,114382692
2020-06-07,Massachusetts,117164234
2020-06-14,Massachusetts,117959015
2020-06-21,Massachusetts,117600667
2020-06-28,Massachusetts,120778035
2020-07-05,Massachusetts,126221632
2020-07-12,Massachusetts,120946165
2020-07-19,Massachusetts,121563171
2020-07-26,Massachusetts,121049651
2020-08-02,Massachusetts,126577658
2020-08-09,Massachusetts,124107249
2020-08-16,Massachusetts,121577326
2020-08-23,Massachusetts,116069140
2020-08-30,Massachusetts,114640152
2020-09-06,Massachusetts,115596196
2020-09-13,Massachusetts,111668740
2020-09-20,Massachusetts,109099053
2020-09-27,Massachusetts,109181659
2020-10-04,Massachusetts,108992157
2020-10-11,Massachusetts,106668504
2020-10-18,Massachusetts,104434742
2020-10-25,Massachusetts,103649446
2020-11-01,Massachusetts,101437846
2020-11-08,Massachusetts,106566022
2020-11-15,Massachusetts,105674941
2020-11-22,Massachusetts,106618339
2020-11-29,Massachusetts,105979943
2020-12-06,Massachusetts,100040170
2020-12-13,Massachusetts,105601030
2020-12-20,Massachusetts,107378984
2020-12-27,Massachusetts,107240560
2021-01-03,Massachusetts,100200812
2021-01-10,Massachusetts,101930997
2021-01-17,Massachusetts,105181890
2021-01-24,Massachusetts,101011304
2021-01-31,Massachusetts,101284680
2021-02-07,Massachusetts,105261774
2021-02-14,Massachusetts,101586370
2021-02-21,Massachusetts,101300592
2021-02-28,Massachusetts,104298975
2021-03-07,Massachusetts,112113204
2021-03-14,Massachusetts,129799071
2021-03-21,Massachusetts,125122200
2021-03-28,Massachusetts,108325976
2021-04-04,Massachusetts,111306106
2021-04-11,Massachusetts,110485619
2021-04-18,Massachusetts,107478311
2021-04-25,Massachusetts,107558960
2021-05-02,Massachusetts,111117669
2021-05-09,Massachusetts,115952141
2021-05-16,Massachusetts,115585390
2021-05-23,Massachusetts,124162314
2021-05-30,Massachusetts,123610501
2021-06-06,Massachusetts,122917889
2021-06-13,Massachusetts,129161970
2021-06-20,Massachusetts,127096548
2021-06-27,Massachusetts,126489173
2021-07-04,Massachusetts,130187266
2021-07-11,Massachusetts,123103940
2021-07-18,Massachusetts,122629909
2021-07-25,Massachusetts,126815289
2021-08-01,Massachusetts,129061308
2021-08-08,Massachusetts,131700960
2021-08-15,Massachusetts,132546156
2021-08-22,Massachusetts,127194933
2021-08-29,Massachusetts,123227747
2021-09-05,Massachusetts,123991822
2021-09-12,Massachusetts,122654220
2021-09-19,Massachusetts,118252910
2021-09-26,Massachusetts,116054678
2021-10-03,Massachusetts,165592566
2021-10-10,Massachusetts,168719601
2021-10-17,Massachusetts,163959288
2021-10-24,Massachusetts,159998296
2021-10-31,Massachusetts,156339095
2021-11-07,Massachusetts,164369047
2021-11-14,Massachusetts,166340125
2021-11-21,Massachusetts,166372087
2021-11-28,Massachusetts,156827506
2021-12-05,Massachusetts,158595895
2021-12-12,Massachusetts,164054126
2021-12-19,Massachusetts,170030427
2021-12-26,Massachusetts,166617351
2022-01-02,Massachusetts,153065563
2022-01-09,Massachusetts,158862331
2022-01-16,Massachusetts,164439406
2022-01-23,Massachusetts,153540342
2022-01-30,Massachusetts,161443006
2022-02-06,Massachusetts,158406497
2022-02-13,Massachusetts,159118510
2022-02-20,Massachusetts,154232600
2022-02-27,Massachusetts,157138186
2022-03-06,Massachusetts,163066212
2022-03-13,Massachusetts,163037760
2022-03-20,Massachusetts,163395006
2022-03-27,Massachusetts,162460276
2022-04-03,Massachusetts,167967264
2022-04-10,Massachusetts,170005396
2022-04-17,Massachusetts,172565019
2022-04-24,Massachusetts,158701796
2022-05-01,Massachusetts,167023123
2022-05-08,Massachusetts,176540605
2022-05-15,Massachusetts,177877294
2022-05-22,Massachusetts,189028816
2022-05-29,Massachusetts,185048236
2022-06-05,Massachusetts,186095043
2022-06-12,Massachusetts,193394268
2022-06-19,Massachusetts,188196405
2022-06-26,Massachusetts,187493717
2022-07-03,Massachusetts,204951138
2022-07-10,Massachusetts,193110485
2022-07-17,Massachusetts,193560295
2022-07-24,Massachusetts,195271675
2022-07-31,Massachusetts,196278490
2022-08-07,Massachusetts,202942318
2022-08-14,Massachusetts,196904701
2022-08-21,Massachusetts,193340173
2022-08-28,Massachusetts,188222737
2022-09-04,Massachusetts,191887582
2022-09-11,Massachusetts,184280870
2022-09-18,Massachusetts,181562852
2022-09-25,Massachusetts,175969773
2022-10-02,Massachusetts,173632118
2022-10-09,Massachusetts,178377597
2022-10-16,Massachusetts,176001420
2022-10-23,Massachusetts,171676982
2022-10-30,Massachusetts,167136325
2022-11-06,Massachusetts,176404236
2022-11-13,Massachusetts,176252526
2022-11-20,Massachusetts,176237995
2022-11-27,Massachusetts,174763674
2022-12-04,Massachusetts,166677968
2022-12-11,Massachusetts,177121214
2022-12-18,Massachusetts,178862351
2022-12-25,Massachusetts,186342066
2023-01-01,Massachusetts,160477106
2023-01-08,Massachusetts,171797787
2023-01-15,Massachusetts,171327113
2023-01-22,Massachusetts,165436773
2023-01-29,Massachusetts,168952907
2023-02-05,Massachusetts,166383018
2023-02-12,Massachusetts,172523686
2023-02-19,Massachusetts,168441552
2023-02-26,Massachusetts,167491556
2023-03-05,Massachusetts,178456878
2023-03-12,Massachusetts,198158712
2023-03-19,Massachusetts,193309289
2023-03-26,Massachusetts,171791059
2023-04-02,Massachusetts,173074201
2023-04-09,Massachusetts,186152613
2023-04-16,Massachusetts,186665075
2023-04-23,Massachusetts,175645878
2023-04-30,Massachusetts,178048134
2023-05-07,Massachusetts,189283132
2019-10-06,Michigan,162440135
2019-10-13,Michigan,168139636
2019-10-20,Michigan,160589166
2019-10-27,Michigan,158253214
2019-11-03,Michigan,160641810
2019-11-10,Michigan,155458754
2019-11-17,Michigan,160513280
2019-11-24,Michigan,165476023
2019-12-01,Michigan,161601849
2019-12-08,Michigan,160909877
2019-12-15,Michigan,162990876
2019-12-22,Michigan,177117117
2019-12-29,Michigan,164138402
2020-01-05,Michigan,160060281
2020-01-12,Michigan,159009553
2020-01-19,Michigan,163068417
2020-01-26,Michigan,155634421
2020-02-02,Michigan,158579175
2020-02-09,Michigan,156307498
2020-02-16,Michigan,159950056
2020-02-23,Michigan,160533882
2020-03-01,Michigan,160937018
2020-03-08,Michigan,169691117
2020-03-15,Michigan,193774523
2020-03-22,Michigan,183042984
2020-03-29,Michigan,159059104
2020-04-05,Michigan,161383567
2020-04-12,Michigan,168931513
2020-04-19,Michigan,167545769
2020-04-26,Michigan,168937387
2020-05-03,Michigan,173001965
2020-05-10,Michigan,179161368
2020-05-17,Michigan,179738021
2020-05-24,Michigan,192231243
2020-05-31,Michigan,186690850
2020-06-07,Michigan,195960018
2020-06-14,Michigan,193843110
2020-06-21,Michigan,199111018
2020-06-28,Michigan,203494179
2020-07-05,Michigan,225361219
2020-07-12,Michigan,201011507
2020-07-19,Michigan,205059564
2020-07-26,Michigan,197142081
2020-08-02,Michigan,195412528
2020-08-09,Michigan,193099997
2020-08-16,Michigan,197251509
2020-08-23,Michigan,190621389
2020-08-30,Michigan,190178820
2020-09-06,Michigan,182313622
2020-09-13,Michigan,175433575
2020-09-20,Michigan,177142088
2020-09-27,Michigan,178833440
2020-10-04,Michigan,171357368
2020-10-11,Michigan,174354212
2020-10-18,Michigan,169329452
2020-10-25,Michigan,169076115
2020-11-01,Michigan,169836316
2020-11-08,Michigan,170455154
2020-11-15,Michigan,175140544
2020-11-22,Michigan,175298866
2020-11-29,Michigan,171246211
2020-12-06,Michigan,167074284
2020-12-13,Michigan,170268476
2020-12-20,Michigan,179747536
2020-12-27,Michigan,175213629
2021-01-03,Michigan,167656813
2021-01-10,Michigan,168509581
2021-01-17,Michigan,172757738
2021-01-24,Michigan,164797691
2021-01-31,Michigan,168703717
2021-02-07,Michigan,167159465
2021-02-14,Michigan,166337862
2021-02-21,Michigan,166888782
2021-02-28,Michigan,171250581
2021-03-07,Michigan,176250345
2021-03-14,Michigan,203367036
2021-03-21,Michigan,197126612
2021-03-28,Michigan,175334448
2021-04-04,Michigan,178056650
2021-04-11,Michigan,177152745
2021-04-18,Michigan,176226692
2021-04-25,Michigan,179434937
2021-05-02,Michigan,187527660
2021-05-09,Michigan,189621245
2021-05-16,Michigan,188840159
2021-05-23,Michigan,209732476
2021-05-30,Michigan,208722391
2021-06-06,Michigan,206905514
2021-06-13,Michigan,212793407
2021-06-20,Michigan,216301358
2021-06-27,Michigan,203598154
2021-07-04,Michigan,234922042
2021-07-11,Michigan,211704347
2021-07-18,Michigan,210437920
2021-07-25,Michigan,211852514
2021-08-01,Michigan,208089145
2021-08-08,Michigan,203345533
2021-08-15,Michigan,211394867
2021-08-22,Michigan,210581436
2021-08-29,Michigan,211585141
2021-09-05,Michigan,205489318
2021-09-12,Michigan,190209866
2021-09-19,Michigan,192769391
2021-09-26,Michigan,192597473
2021-10-03,Michigan,272388963
2021-10-10,Michigan,272107322
2021-10-17,Michigan,266644798
2021-10-24,Michigan,265041404
2021-10-31,Michigan,264137985
2021-11-07,Michigan,262312014
2021-11-14,Michigan,270617457
2021-11-21,Michigan,272869740
2021-11-28,Michigan,258449519
2021-12-05,Michigan,256907912
2021-12-12,Michigan,263995027
2021-12-19,Michigan,280540700
2021-12-26,Michigan,272997721
2022-01-02,Michigan,258795361
2022-01-09,Michigan,253295724
2022-01-16,Michigan,267939091
2022-01-23,Michigan,260937458
2022-01-30,Michigan,258918927
2022-02-06,Michigan,259324079
2022-02-13,Michigan,259641534
2022-02-20,Michigan,255986594
2022-02-27,Michigan,263844273
2022-03-06,Michigan,267495330
2022-03-13,Michigan,272357558
2022-03-20,Michigan,270874843
2022-03-27,Michigan,271333899
2022-04-03,Michigan,269775009
2022-04-10,Michigan,272790230
2022-04-17,Michigan,287040671
2022-04-24,Michigan,275580398
2022-05-01,Michigan,282586895
2022-05-08,Michigan,285495850
2022-05-15,Michigan,300641016
2022-05-22,Michigan,314840284
2022-05-29,Michigan,306388135
2022-06-05,Michigan,306853012
2022-06-12,Michigan,308788146
2022-06-19,Michigan,320570867
2022-06-26,Michigan,316322911
2022-07-03,Michigan,336691120
2022-07-10,Michigan,307970545
2022-07-17,Michigan,313980317
2022-07-24,Michigan,317499495
2022-07-31,Michigan,310660975
2022-08-07,Michigan,311504645
2022-08-14,Michigan,312440272
2022-08-21,Michigan,314265560
2022-08-28,Michigan,315632708
2022-09-04,Michigan,304680805
2022-09-11,Michigan,294312537
2022-09-18,Michigan,294166542
2022-09-25,Michigan,288160495
2022-10-02,Michigan,282399899
2022-10-09,Michigan,286499168
2022-10-16,Michigan,279710141
2022-10-23,Michigan,278567340
2022-10-30,Michigan,278843205
2022-11-06,Michigan,271352831
2022-11-13,Michigan,278438333
2022-11-20,Michigan,281746513
2022-11-27,Michigan,283287869
2022-12-04,Michigan,267733289
2022-12-11,Michigan,274538192
2022-12-18,Michigan,289247309
2022-12-25,Michigan,306638295
2023-01-01,Michigan,265936218
2023-01-08,Michigan,260463422
2023-01-15,Michigan,271479464
2023-01-22,Michigan,267805472
2023-01-29,Michigan,268217254
2023-02-05,Michigan,269131633
2023-02-12,Michigan,277413870
2023-02-19,Michigan,271158933
2023-02-26,Michigan,278286361
2023-03-05,Michigan,285143962
2023-03-12,Michigan,307906237
2023-03-19,Michigan,298998448
2023-03-26,Michigan,274857748
2023-04-02,Michigan,270892077
2023-04-09,Michigan,289077747
2023-04-16,Michigan,294447762
2023-04-23,Michigan,290478740
2023-04-30,Michigan,293332903
2023-05-07,Michigan,302279586
2019-10-06,Minnesota,86019275
2019-10-13,Minnesota,85073032
2019-10-20,Minnesota,86824087
2019-10-27,Minnesota,85277458
2019-11-03,Minnesota,86713264
2019-11-10,Minnesota,84792562
2019-11-17,Minnesota,88150642
2019-11-24,Minnesota,88882997
2019-12-01,Minnesota,85728575
2019-12-08,Minnesota,84846098
2019-12-15,Minnesota,89138966
2019-12-22,Minnesota,97405942
2019-12-29,Minnesota,85599586
2020-01-05,Minnesota,84911772
2020-01-12,Minnesota,84123001
2020-01-19,Minnesota,83780774
2020-01-26,Minnesota,83457389
2020-02-02,Minnesota,86519041
2020-02-09,Minnesota,83420524
2020-02-16,Minnesota,84249164
2020-02-23,Minnesota,85538889
2020-03-01,Minnesota,87428014
2020-03-08,Minnesota,93072470
2020-03-15,Minnesota,98503916
2020-03-22,Minnesota,100365404
2020-03-29,Minnesota,89170025
2020-04-05,Minnesota,86761913
2020-04-12,Minnesota,91817825
2020-04-19,Minnesota,95089557
2020-04-26,Minnesota,93791800
2020-05-03,Minnesota,98819370
2020-05-10,Minnesota,100800109
2020-05-17,Minnesota,99939397
2020-05-24,Minnesota,105025249
2020-05-31,Minnesota,100116563
2020-06-07,Minnesota,110837793
2020-06-14,Minnesota,106339901
2020-06-21,Minnesota,104235251
2020-06-28,Minnesota,108051411
2020-07-05,Minnesota,113631395
2020-07-12,Minnesota,102530353
2020-07-19,Minnesota,106131721
2020-07-26,Minnesota,102315871
2020-08-02,Minnesota,103683539
2020-08-09,Minnesota,102633994
2020-08-16,Minnesota,100593499
2020-08-23,Minnesota,100912474
2020-08-30,Minnesota,101213004
2020-09-06,Minnesota,97276162
2020-09-13,Minnesota,90902813
2020-09-20,Minnesota,94896310
2020-09-27,Minnesota,93622893
2020-10-04,Minnesota,90137231
2020-10-11,Minnesota,92733966
2020-10-18,Minnesota,91361911
2020-10-25,Minnesota,88195717
2020-11-01,Minnesota,90227674
2020-11-08,Minnesota,92381903
2020-11-15,Minnesota,90527955
2020-11-22,Minnesota,94588919
2020-11-29,Minnesota,90436876
2020-12-06,Minnesota,88823001
2020-12-13,Minnesota,91835639
2020-12-20,Minnesota,97675929
2020-12-27,Minnesota,91777387
2021-01-03,Minnesota,90331996
2021-01-10,Minnesota,89294777
2021-01-17,Minnesota,89602683
2021-01-24,Minnesota,88667427
2021-01-31,Minnesota,90183510
2021-02-07,Minnesota,90126133
2021-02-14,Minnesota,86753736
2021-02-21,Minnesota,88350366
2021-02-28,Minnesota,92126306
2021-03-07,Minnesota,93828613
2021-03-14,Minnesota,104257441
2021-03-21,Minnesota,104974234
2021-03-28,Minnesota,92657850
2021-04-04,Minnesota,94421283
2021-04-11,Minnesota,95832544
2021-04-18,Minnesota,93521570
2021-04-25,Minnesota,100056679
2021-05-02,Minnesota,103977711
2021-05-09,Minnesota,105321958
2021-05-16,Minnesota,104100075
2021-05-23,Minnesota,110002060
2021-05-30,Minnesota,109039999
2021-06-06,Minnesota,115436091
2021-06-13,Minnesota,117915848
2021-06-20,Minnesota,114274509
2021-06-27,Minnesota,111124011
2021-07-04,Minnesota,122951160
2021-07-11,Minnesota,106159315
2021-07-18,Minnesota,111405611
2021-07-25,Minnesota,111300951
2021-08-01,Minnesota,110440238
2021-08-08,Minnesota,107412088
2021-08-15,Minnesota,108478416
2021-08-22,Minnesota,109695212
2021-08-29,Minnesota,106212318
2021-09-05,Minnesota,106419904
2021-09-12,Minnesota,98946363
2021-09-19,Minnesota,101096975
2021-09-26,Minnesota,101130925
2021-10-03,Minnesota,142310494
2021-10-10,Minnesota,142365708
2021-10-17,Minnesota,141654269
2021-10-24,Minnesota,138827291
2021-10-31,Minnesota,139945356
2021-11-07,Minnesota,139426569
2021-11-14,Minnesota,142219907
2021-11-21,Minnesota,144134749
2021-11-28,Minnesota,135947926
2021-12-05,Minnesota,136907438
2021-12-12,Minnesota,143149995
2021-12-19,Minnesota,150556757
2021-12-26,Minnesota,143077721
2022-01-02,Minnesota,136647628
2022-01-09,Minnesota,136449092
2022-01-16,Minnesota,138917297
2022-01-23,Minnesota,137356428
2022-01-30,Minnesota,137044187
2022-02-06,Minnesota,136857025
2022-02-13,Minnesota,137682763
2022-02-20,Minnesota,137238387
2022-02-27,Minnesota,137778767
2022-03-06,Minnesota,143332612
2022-03-13,Minnesota,139805622
2022-03-20,Minnesota,143171252
2022-03-27,Minnesota,140142116
2022-04-03,Minnesota,146116218
2022-04-10,Minnesota,143712011
2022-04-17,Minnesota,154502102
2022-04-24,Minnesota,143095708
2022-05-01,Minnesota,149729277
2022-05-08,Minnesota,156582183
2022-05-15,Minnesota,161717721
2022-05-22,Minnesota,163927826
2022-05-29,Minnesota,164135791
2022-06-05,Minnesota,168279111
2022-06-12,Minnesota,173059131
2022-06-19,Minnesota,169844069
2022-06-26,Minnesota,170761157
2022-07-03,Minnesota,177884742
2022-07-10,Minnesota,160262968
2022-07-17,Minnesota,168999832
2022-07-24,Minnesota,167503484
2022-07-31,Minnesota,165469005
2022-08-07,Minnesota,164476856
2022-08-14,Minnesota,162917111
2022-08-21,Minnesota,161040274
2022-08-28,Minnesota,157247429
2022-09-04,Minnesota,158827611
2022-09-11,Minnesota,152012109
2022-09-18,Minnesota,155422657
2022-09-25,Minnesota,150349561
2022-10-02,Minnesota,147925689
2022-10-09,Minnesota,149476006
2022-10-16,Minnesota,148281618
2022-10-23,Minnesota,146004889
2022-10-30,Minnesota,145187253
2022-11-06,Minnesota,147112423
2022-11-13,Minnesota,145251407
2022-11-20,Minnesota,148888193
2022-11-27,Minnesota,149075120
2022-12-04,Minnesota,141815147
2022-12-11,Minnesota,147925775
2022-12-18,Minnesota,155565500
2022-12-25,Minnesota,158967123
2023-01-01,Minnesota,142235161
2023-01-08,Minnesota,139611641
2023-01-15,Minnesota,146028384
2023-01-22,Minnesota,142633406
2023-01-29,Minnesota,143647987
2023-02-05,Minnesota,142903528
2023-02-12,Minnesota,149857578
2023-02-19,Minnesota,144808511
2023-02-26,Minnesota,145381583
2023-03-05,Minnesota,150408045
2023-03-12,Minnesota,159753821
2023-03-19,Minnesota,160661473
2023-03-26,Minnesota,148335593
2023-04-02,Minnesota,145671349
2023-04-09,Minnesota,158004187
2023-04-16,Minnesota,156591378
2023-04-23,Minnesota,153923321
2023-04-30,Minnesota,160640376
2023-05-07,Minnesota,168499755
2019-10-06,Mississippi,44056171
2019-10-13,Mississippi,41552217
2019-10-20,Mississippi,38851699
2019-10-27,Mississippi,36538417
2019-11-03,Mississippi,36599073
2019-11-10,Mississippi,38349706
2019-11-17,Mississippi,36392273
2019-11-24,Mississippi,38443750
2019-12-01,Mississippi,37637324
2019-12-08,Mississippi,36069396
2019-12-15,Mississippi,35860883
2019-12-22,Mississippi,37353845
2019-12-29,Mississippi,35853471
2020-01-05,Mississippi,68052452
2020-01-12,Mississippi,70894239
2020-01-19,Mississippi,70297795
2020-01-26,Mississippi,68431296
2020-02-02,Mississippi,70528160
2020-02-09,Mississippi,71994582
2020-02-16,Mississippi,68943575
2020-02-23,Mississippi,67299689
2020-03-01,Mississippi,74436058
2020-03-08,Mississippi,76961885
2020-03-15,Mississippi,80995359
2020-03-22,Mississippi,83519431
2020-03-29,Mississippi,72978267
2020-04-05,Mississippi,77455655
2020-04-12,Mississippi,73920525
2020-04-19,Mississippi,74645568
2020-04-26,Mississippi,74321524
2020-05-03,Mississippi,80084004
2020-05-10,Mississippi,80520035
2020-05-17,Mississippi,81316607
2020-05-24,Mississippi,85387819
2020-05-31,Mississippi,83005768
2020-06-07,Mississippi,85302924
2020-06-14,Mississippi,84243209
2020-06-21,Mississippi,85725635
2020-06-28,Mississippi,83644914
2020-07-05,Mississippi,88490037
2020-07-12,Mississippi,84387136
2020-07-19,Mississippi,84440406
2020-07-26,Mississippi,83261697
2020-08-02,Mississippi,84643249
2020-08-09,Mississippi,88015157
2020-08-16,Mississippi,87084174
2020-08-23,Mississippi,85014743
2020-08-30,Mississippi,82928450
2020-09-06,Mississippi,88797296
2020-09-13,Mississippi,86952829
2020-09-20,Mississippi,85302068
2020-09-27,Mississippi,80731913
2020-10-04,Mississippi,84063070
2020-10-11,Mississippi,82272528
2020-10-18,Mississippi,78326190
2020-10-25,Mississippi,76949399
2020-11-01,Mississippi,75112491
2020-11-08,Mississippi,78938981
2020-11-15,Mississippi,76427039
2020-11-22,Mississippi,78777516
2020-11-29,Mississippi,74642425
2020-12-06,Mississippi,72702237
2020-12-13,Mississippi,73894361
2020-12-20,Mississippi,75204508
2020-12-27,Mississippi,74054031
2021-01-03,Mississippi,72374353
2021-01-10,Mississippi,74935324
2021-01-17,Mississippi,73378114
2021-01-24,Mississippi,71537284
2021-01-31,Mississippi,71007272
2021-02-07,Mississippi,73886810
2021-02-14,Mississippi,72133584
2021-02-21,Mississippi,65114278
2021-02-28,Mississippi,77157319
2021-03-07,Mississippi,77050481
2021-03-14,Mississippi,84884720
2021-03-21,Mississippi,84883463
2021-03-28,Mississippi,73043661
2021-04-04,Mississippi,78613964
2021-04-11,Mississippi,75948633
2021-04-18,Mississippi,75186879
2021-04-25,Mississippi,76356586
2021-05-02,Mississippi,80162039
2021-05-09,Mississippi,83166644
2021-05-16,Mississippi,80190784
2021-05-23,Mississippi,83026106
2021-05-30,Mississippi,83526280
2021-06-06,Mississippi,84919031
2021-06-13,Mississippi,83357018
2021-06-20,Mississippi,88850382
2021-06-27,Mississippi,83858614
2021-07-04,Mississippi,89465561
2021-07-11,Mississippi,83019370
2021-07-18,Mississippi,87160318
2021-07-25,Mississippi,85932976
2021-08-01,Mississippi,87989100
2021-08-08,Mississippi,90401766
2021-08-15,Mississippi,89407334
2021-08-22,Mississippi,88266535
2021-08-29,Mississippi,88796969
2021-09-05,Mississippi,90661871
2021-09-12,Mississippi,87545104
2021-09-19,Mississippi,83689759
2021-09-26,Mississippi,79384217
2021-10-03,Mississippi,81310913
2021-10-10,Mississippi,84218998
2021-10-17,Mississippi,83952608
2021-10-24,Mississippi,82838945
2021-10-31,Mississippi,78428832
2021-11-07,Mississippi,81938578
2021-11-14,Mississippi,81282714
2021-11-21,Mississippi,81753713
2021-11-28,Mississippi,77581365
2021-12-05,Mississippi,76082822
2021-12-12,Mississippi,77581164
2021-12-19,Mississippi,79507132
2021-12-26,Mississippi,80883670
2022-01-02,Mississippi,110968258
2022-01-09,Mississippi,112145741
2022-01-16,Mississippi,113551277
2022-01-23,Mississippi,109174948
2022-01-30,Mississippi,109188689
2022-02-06,Mississippi,113290910
2022-02-13,Mississippi,113033145
2022-02-20,Mississippi,106562405
2022-02-27,Mississippi,120831667
2022-03-06,Mississippi,123696413
2022-03-13,Mississippi,121263063
2022-03-20,Mississippi,122723018
2022-03-27,Mississippi,119940036
2022-04-03,Mississippi,122095739
2022-04-10,Mississippi,125207942
2022-04-17,Mississippi,122894624
2022-04-24,Mississippi,119312727
2022-05-01,Mississippi,126600178
2022-05-08,Mississippi,128793331
2022-05-15,Mississippi,127925111
2022-05-22,Mississippi,132576708
2022-05-29,Mississippi,129924948
2022-06-05,Mississippi,128096228
2022-06-12,Mississippi,129274780
2022-06-19,Mississippi,135929880
2022-06-26,Mississippi,131695553
2022-07-03,Mississippi,136207450
2022-07-10,Mississippi,130807997
2022-07-17,Mississippi,128249542
2022-07-24,Mississippi,130097352
2022-07-31,Mississippi,135051986
2022-08-07,Mississippi,137049614
2022-08-14,Mississippi,136515381
2022-08-21,Mississippi,132428742
2022-08-28,Mississippi,131486639
2022-09-04,Mississippi,138658756
2022-09-11,Mississippi,133104584
2022-09-18,Mississippi,129734298
2022-09-25,Mississippi,130304299
2022-10-02,Mississippi,129796112
2022-10-09,Mississippi,130359054
2022-10-16,Mississippi,128427931
2022-10-23,Mississippi,122593677
2022-10-30,Mississippi,119071387
2022-11-06,Mississippi,124153469
2022-11-13,Mississippi,122102914
2022-11-20,Mississippi,122286981
2022-11-27,Mississippi,121026307
2022-12-04,Mississippi,115121332
2022-12-11,Mississippi,117254143
2022-12-18,Mississippi,120542508
2022-12-25,Mississippi,124193300
2023-01-01,Mississippi,112027974
2023-01-08,Mississippi,112685742
2023-01-15,Mississippi,113277510
2023-01-22,Mississippi,111098227
2023-01-29,Mississippi,110578234
2023-02-05,Mississippi,114310973
2023-02-12,Mississippi,116622414
2023-02-19,Mississippi,114050480
2023-02-26,Mississippi,119099292
2023-03-05,Mississippi,125689687
2023-03-12,Mississippi,129739899
2023-03-19,Mississippi,127423751
2023-03-26,Mississippi,119034341
2023-04-02,Mississippi,126251456
2023-04-09,Mississippi,122958103
2023-04-16,Mississippi,120893701
2023-04-23,Mississippi,122557413
2023-04-30,Mississippi,126906993
2023-05-07,Mississippi,132113210
2019-10-06,Missouri,111888230
2019-10-13,Missouri,105383406
2019-10-20,Missouri,105172325
2019-10-27,Missouri,103986310
2019-11-03,Missouri,102216389
2019-11-10,Missouri,102978285
2019-11-17,Missouri,104244425
2019-11-24,Missouri,106955334
2019-12-01,Missouri,101366118
2019-12-08,Missouri,101956161
2019-12-15,Missouri,104799080
2019-12-22,Missouri,112573327
2019-12-29,Missouri,104085174
2020-01-05,Missouri,100260344
2020-01-12,Missouri,101623052
2020-01-19,Missouri,99197303
2020-01-26,Missouri,94975743
2020-02-02,Missouri,102451507
2020-02-09,Missouri,97937045
2020-02-16,Missouri,99080113
2020-02-23,Missouri,99512943
2020-03-01,Missouri,106212849
2020-03-08,Missouri,107370254
2020-03-15,Missouri,119199349
2020-03-22,Missouri,121451834
2020-03-29,Missouri,104915820
2020-04-05,Missouri,112583580
2020-04-12,Missouri,112802890
2020-04-19,Missouri,115367891
2020-04-26,Missouri,113425514
2020-05-03,Missouri,118208045
2020-05-10,Missouri,116614554
2020-05-17,Missouri,119008041
2020-05-24,Missouri,124723233
2020-05-31,Missouri,119399493
2020-06-07,Missouri,127937538
2020-06-14,Missouri,125420452
2020-06-21,Missouri,125519533
2020-06-28,Missouri,128509528
2020-07-05,Missouri,133882926
2020-07-12,Missouri,126230431
2020-07-19,Missouri,128088848
2020-07-26,Missouri,124167502
2020-08-02,Missouri,120643198
2020-08-09,Missouri,122345675
2020-08-16,Missouri,123662078
2020-08-23,Missouri,121890879
2020-08-30,Missouri,121102970
2020-09-06,Missouri,122107584
2020-09-13,Missouri,118947582
2020-09-20,Missouri,118825054
2020-09-27,Missouri,115422362
2020-10-04,Missouri,115285442
2020-10-11,Missouri,115422860
2020-10-18,Missouri,114326214
2020-10-25,Missouri,110115923
2020-11-01,Missouri,108363219
2020-11-08,Missouri,112621860
2020-11-15,Missouri,112293116
2020-11-22,Missouri,115585928
2020-11-29,Missouri,109778471
2020-12-06,Missouri,108184374
2020-12-13,Missouri,111915490
2020-12-20,Missouri,116101349
2020-12-27,Missouri,113912367
2021-01-03,Missouri,108200137
2021-01-10,Missouri,108211246
2021-01-17,Missouri,107281946
2021-01-24,Missouri,106374644
2021-01-31,Missouri,107265091
2021-02-07,Missouri,109879804
2021-02-14,Missouri,105721019
2021-02-21,Missouri,104928173
2021-02-28,Missouri,113346368
2021-03-07,Missouri,118309710
2021-03-14,Missouri,127423363
2021-03-21,Missouri,130041835
2021-03-28,Missouri,115232280
2021-04-04,Missouri,124240001
2021-04-11,Missouri,121180874
2021-04-18,Missouri,122020893
2021-04-25,Missouri,123558039
2021-05-02,Missouri,130134582
2021-05-09,Missouri,127252315
2021-05-16,Missouri,124654431
2021-05-23,Missouri,130997443
2021-05-30,Missouri,131211942
2021-06-06,Missouri,135533682
2021-06-13,Missouri,140536017
2021-06-20,Missouri,143891480
2021-06-27,Missouri,134304238
2021-07-04,Missouri,141538918
2021-07-11,Missouri,136230611
2021-07-18,Missouri,137132760
2021-07-25,Missouri,138734411
2021-08-01,Missouri,132578371
2021-08-08,Missouri,132526729
2021-08-15,Missouri,136489651
2021-08-22,Missouri,136950984
2021-08-29,Missouri,136263421
2021-09-05,Missouri,135476496
2021-09-12,Missouri,129961771
2021-09-19,Missouri,131425380
2021-09-26,Missouri,127916878
2021-10-03,Missouri,182835643
2021-10-10,Missouri,180974727
2021-10-17,Missouri,178740957
2021-10-24,Missouri,175697601
2021-10-31,Missouri,170593466
2021-11-07,Missouri,173301229
2021-11-14,Missouri,176262581
2021-11-21,Missouri,179524372
2021-11-28,Missouri,168366341
2021-12-05,Missouri,169212857
2021-12-12,Missouri,172977942
2021-12-19,Missouri,183283805
2021-12-26,Missouri,180054178
2022-01-02,Missouri,167821565
2022-01-09,Missouri,165807188
2022-01-16,Missouri,172225850
2022-01-23,Missouri,162857014
2022-01-30,Missouri,167447990
2022-02-06,Missouri,166723310
2022-02-13,Missouri,167496591
2022-02-20,Missouri,162813988
2022-02-27,Missouri,173793170
2022-03-06,Missouri,178493196
2022-03-13,Missouri,177612595
2022-03-20,Missouri,183364030
2022-03-27,Missouri,179106584
2022-04-03,Missouri,185211544
2022-04-10,Missouri,186091612
2022-04-17,Missouri,189193622
2022-04-24,Missouri,183150735
2022-05-01,Missouri,188196566
2022-05-08,Missouri,185103534
2022-05-15,Missouri,197212779
2022-05-22,Missouri,196122619
2022-05-29,Missouri,195011378
2022-06-05,Missouri,196704224
2022-06-12,Missouri,201898217
2022-06-19,Missouri,210417357
2022-06-26,Missouri,204501850
2022-07-03,Missouri,213912739
2022-07-10,Missouri,204171407
2022-07-17,Missouri,205623643
2022-07-24,Missouri,207379215
2022-07-31,Missouri,201243589
2022-08-07,Missouri,203997668
2022-08-14,Missouri,204559437
2022-08-21,Missouri,200875693
2022-08-28,Missouri,201905038
2022-09-04,Missouri,202748924
2022-09-11,Missouri,198281452
2022-09-18,Missouri,201210603
2022-09-25,Missouri,195111725
2022-10-02,Missouri,194612892
2022-10-09,Missouri,193244618
2022-10-16,Missouri,189430520
2022-10-23,Missouri,187022860
2022-10-30,Missouri,181175335
2022-11-06,Missouri,184611895
2022-11-13,Missouri,187165803
2022-11-20,Missouri,188697809
2022-11-27,Missouri,188064707
2022-12-04,Missouri,180518294
2022-12-11,Missouri,185716437
2022-12-18,Missouri,193565613
2022-12-25,Missouri,199608824
2023-01-01,Missouri,178578679
2023-01-08,Missouri,173449012
2023-01-15,Missouri,177948396
2023-01-22,Missouri,173196841
2023-01-29,Missouri,176567192
2023-02-05,Missouri,176332684
2023-02-12,Missouri,184335242
2023-02-19,Missouri,180401173
2023-02-26,Missouri,183563538
2023-03-05,Missouri,193981128
2023-03-12,Missouri,199928913
2023-03-19,Missouri,203569236
2023-03-26,Missouri,184675888
2023-04-02,Missouri,193109594
2023-04-09,Missouri,200406578
2023-04-16,Missouri,200965982
2023-04-23,Missouri,200625507
2023-04-30,Missouri,203869438
2023-05-07,Missouri,206321093
2019-10-06,Nebraska,17239751
2019-10-13,Nebraska,17030081
2019-10-20,Nebraska,17071019
2019-10-27,Nebraska,16701961
2019-11-03,Nebraska,16788387
2019-11-10,Nebraska,17193457
2019-11-17,Nebraska,17020702
2019-11-24,Nebraska,18010858
2019-12-01,Nebraska,16673878
2019-12-08,Nebraska,16976908
2019-12-15,Nebraska,16919654
2019-12-22,Nebraska,18450498
2019-12-29,Nebraska,33473866
2020-01-05,Nebraska,32423172
2020-01-12,Nebraska,32747886
2020-01-19,Nebraska,31776464
2020-01-26,Nebraska,31558750
2020-02-02,Nebraska,33877399
2020-02-09,Nebraska,32422202
2020-02-16,Nebraska,32815302
2020-02-23,Nebraska,32997894
2020-03-01,Nebraska,34374962
2020-03-08,Nebraska,36479356
2020-03-15,Nebraska,39516369
2020-03-22,Nebraska,37334582
2020-03-29,Nebraska,33896981
2020-04-05,Nebraska,36555823
2020-04-12,Nebraska,37024893
2020-04-19,Nebraska,37040343
2020-04-26,Nebraska,37244983
2020-05-03,Nebraska,38932415
2020-05-10,Nebraska,37490465
2020-05-17,Nebraska,38077723
2020-05-24,Nebraska,38957875
2020-05-31,Nebraska,37065928
2020-06-07,Nebraska,41905233
2020-06-14,Nebraska,39887322
2020-06-21,Nebraska,39112314
2020-06-28,Nebraska,41430551
2020-07-05,Nebraska,44288051
2020-07-12,Nebraska,39518175
2020-07-19,Nebraska,40208538
2020-07-26,Nebraska,38142813
2020-08-02,Nebraska,38613430
2020-08-09,Nebraska,39696525
2020-08-16,Nebraska,38958331
2020-08-23,Nebraska,38450857
2020-08-30,Nebraska,38965935
2020-09-06,Nebraska,39277235
2020-09-13,Nebraska,36429898
2020-09-20,Nebraska,36809613
2020-09-27,Nebraska,36614699
2020-10-04,Nebraska,36077435
2020-10-11,Nebraska,36696010
2020-10-18,Nebraska,35869570
2020-10-25,Nebraska,34697054
2020-11-01,Nebraska,34888718
2020-11-08,Nebraska,36671455
2020-11-15,Nebraska,35227912
2020-11-22,Nebraska,37326193
2020-11-29,Nebraska,34296044
2020-12-06,Nebraska,34976906
2020-12-13,Nebraska,35539177
2020-12-20,Nebraska,37398970
2020-12-27,Nebraska,35679775
2021-01-03,Nebraska,34043332
2021-01-10,Nebraska,34739030
2021-01-17,Nebraska,33822416
2021-01-24,Nebraska,33565602
2021-01-31,Nebraska,34362096
2021-02-07,Nebraska,35814513
2021-02-14,Nebraska,33478486
2021-02-21,Nebraska,33873493
2021-02-28,Nebraska,36015324
2021-03-07,Nebraska,39001062
2021-03-14,Nebraska,41167687
2021-03-21,Nebraska,38636851
2021-03-28,Nebraska,35500363
2021-04-04,Nebraska,39830294
2021-04-11,Nebraska,39110189
2021-04-18,Nebraska,37204752
2021-04-25,Nebraska,39276359
2021-05-02,Nebraska,41669746
2021-05-09,Nebraska,40469218
2021-05-16,Nebraska,39540825
2021-05-23,Nebraska,40873410
2021-05-30,Nebraska,40807178
2021-06-06,Nebraska,44229958
2021-06-13,Nebraska,43312046
2021-06-20,Nebraska,43628649
2021-06-27,Nebraska,42034852
2021-07-04,Nebraska,46436517
2021-07-11,Nebraska,42179838
2021-07-18,Nebraska,41661965
2021-07-25,Nebraska,41901680
2021-08-01,Nebraska,41127774
2021-08-08,Nebraska,42169856
2021-08-15,Nebraska,42930174
2021-08-22,Nebraska,42263728
2021-08-29,Nebraska,42011140
2021-09-05,Nebraska,42567635
2021-09-12,Nebraska,39638236
2021-09-19,Nebraska,39592255
2021-09-26,Nebraska,39895508
2021-10-03,Nebraska,39563000
2021-10-10,Nebraska,40690471
2021-10-17,Nebraska,38787217
2021-10-24,Nebraska,37588635
2021-10-31,Nebraska,37152745
2021-11-07,Nebraska,38952596
2021-11-14,Nebraska,37862667
2021-11-21,Nebraska,39394564
2021-11-28,Nebraska,36955690
2021-12-05,Nebraska,37286275
2021-12-12,Nebraska,38259833
2021-12-19,Nebraska,39207616
2021-12-26,Nebraska,55591360
2022-01-02,Nebraska,52721053
2022-01-09,Nebraska,52843541
2022-01-16,Nebraska,53150979
2022-01-23,Nebraska,51763722
2022-01-30,Nebraska,52701276
2022-02-06,Nebraska,54027199
2022-02-13,Nebraska,53101321
2022-02-20,Nebraska,52975864
2022-02-27,Nebraska,53752358
2022-03-06,Nebraska,57269771
2022-03-13,Nebraska,56276418
2022-03-20,Nebraska,56673575
2022-03-27,Nebraska,55527165
2022-04-03,Nebraska,59837590
2022-04-10,Nebraska,58445989
2022-04-17,Nebraska,60373972
2022-04-24,Nebraska,57413627
2022-05-01,Nebraska,60761867
2022-05-08,Nebraska,59652654
2022-05-15,Nebraska,62192915
2022-05-22,Nebraska,62018499
2022-05-29,Nebraska,61734864
2022-06-05,Nebraska,64149691
2022-06-12,Nebraska,63555288
2022-06-19,Nebraska,64947062
2022-06-26,Nebraska,64803843
2022-07-03,Nebraska,68693042
2022-07-10,Nebraska,63630442
2022-07-17,Nebraska,63405634
2022-07-24,Nebraska,62820540
2022-07-31,Nebraska,62361079
2022-08-07,Nebraska,64972563
2022-08-14,Nebraska,63717536
2022-08-21,Nebraska,62001822
2022-08-28,Nebraska,62691105
2022-09-04,Nebraska,63642685
2022-09-11,Nebraska,62012249
2022-09-18,Nebraska,61544262
2022-09-25,Nebraska,59888531
2022-10-02,Nebraska,59902191
2022-10-09,Nebraska,60631555
2022-10-16,Nebraska,58606007
2022-10-23,Nebraska,58055609
2022-10-30,Nebraska,56993638
2022-11-06,Nebraska,58864878
2022-11-13,Nebraska,57836379
2022-11-20,Nebraska,59455635
2022-11-27,Nebraska,57463118
2022-12-04,Nebraska,56644525
2022-12-11,Nebraska,58180609
2022-12-18,Nebraska,60849963
2022-12-25,Nebraska,61161806
2023-01-01,Nebraska,54783969
2023-01-08,Nebraska,55025910
2023-01-15,Nebraska,56199887
2023-01-22,Nebraska,54665878
2023-01-29,Nebraska,56352510
2023-02-05,Nebraska,57387680
2023-02-12,Nebraska,59413146
2023-02-19,Nebraska,56849362
2023-02-26,Nebraska,57354969
2023-03-05,Nebraska,62690153
2023-03-12,Nebraska,63087624
2023-03-19,Nebraska,61751231
2023-03-26,Nebraska,58216656
2023-04-02,Nebraska,61436801
2023-04-09,Nebraska,65159258
2023-04-16,Nebraska,63190843
2023-04-23,Nebraska,63119163
2023-04-30,Nebraska,64836582
2023-05-07,Nebraska,66219089
2019-10-06,Nevada,59598259
2019-10-13,Nevada,56865241
2019-10-20,Nevada,55655905
2019-10-27,Nevada,55435695
2019-11-03,Nevada,55645617
2019-11-10,Nevada,56627804
2019-11-17,Nevada,55198522
2019-11-24,Nevada,53734862
2019-12-01,Nevada,51173890
2019-12-08,Nevada,51787525
2019-12-15,Nevada,52516064
2019-12-22,Nevada,54479450
2019-12-29,Nevada,51213464
2020-01-05,Nevada,54213053
2020-01-12,Nevada,52250331
2020-01-19,Nevada,51146176
2020-01-26,Nevada,52519403
2020-02-02,Nevada,53906524
2020-02-09,Nevada,51924422
2020-02-16,Nevada,51464698
2020-02-23,Nevada,51884021
2020-03-01,Nevada,57088407
2020-03-08,Nevada,60574985
2020-03-15,Nevada,66151206
2020-03-22,Nevada,61176731
2020-03-29,Nevada,53269143
2020-04-05,Nevada,58613629
2020-04-12,Nevada,55733782
2020-04-19,Nevada,57376305
2020-04-26,Nevada,59408863
2020-05-03,Nevada,64109292
2020-05-10,Nevada,63097298
2020-05-17,Nevada,61020764
2020-05-24,Nevada,60459076
2020-05-31,Nevada,61455634
2020-06-07,Nevada,65003756
2020-06-14,Nevada,63360793
2020-06-21,Nevada,63040337
2020-06-28,Nevada,64796347
2020-07-05,Nevada,68944055
2020-07-12,Nevada,66813756
2020-07-19,Nevada,66949515
2020-07-26,Nevada,65194969
2020-08-02,Nevada,66665727
2020-08-09,Nevada,67504943
2020-08-16,Nevada,68326381
2020-08-23,Nevada,66356210
2020-08-30,Nevada,66872973
2020-09-06,Nevada,68051245
2020-09-13,Nevada,63647744
2020-09-20,Nevada,62159597
2020-09-27,Nevada,61668977
2020-10-04,Nevada,61749107
2020-10-11,Nevada,62092755
2020-10-18,Nevada,60246781
2020-10-25,Nevada,58891009
2020-11-01,Nevada,57755197
2020-11-08,Nevada,60594594
2020-11-15,Nevada,58025126
2020-11-22,Nevada,58341572
2020-11-29,Nevada,53400289
2020-12-06,Nevada,53808329
2020-12-13,Nevada,55848431
2020-12-20,Nevada,55959938
2020-12-27,Nevada,53278907
2021-01-03,Nevada,56399456
2021-01-10,Nevada,56092416
2021-01-17,Nevada,55590850
2021-01-24,Nevada,54377456
2021-01-31,Nevada,54141629
2021-02-07,Nevada,57507947
2021-02-14,Nevada,57221258
2021-02-21,Nevada,56002332
2021-02-28,Nevada,57822290
2021-03-07,Nevada,63998928
2021-03-14,Nevada,69168470
2021-03-21,Nevada,64935937
2021-03-28,Nevada,55694462
2021-04-04,Nevada,62557191
2021-04-11,Nevada,62246843
2021-04-18,Nevada,61428869
2021-04-25,Nevada,63278448
2021-05-02,Nevada,66299297
2021-05-09,Nevada,68671167
2021-05-16,Nevada,66682846
2021-05-23,Nevada,66098473
2021-05-30,Nevada,68088692
2021-06-06,Nevada,70028862
2021-06-13,Nevada,67859295
2021-06-20,Nevada,71300167
2021-06-27,Nevada,70658003
2021-07-04,Nevada,73900787
2021-07-11,Nevada,73101283
2021-07-18,Nevada,73060444
2021-07-25,Nevada,70156233
2021-08-01,Nevada,69338528
2021-08-08,Nevada,72793873
2021-08-15,Nevada,73839067
2021-08-22,Nevada,71018291
2021-08-29,Nevada,69929214
2021-09-05,Nevada,72111711
2021-09-12,Nevada,70009887
2021-09-19,Nevada,69517287
2021-09-26,Nevada,68281705
2021-10-03,Nevada,97454406
2021-10-10,Nevada,94869756
2021-10-17,Nevada,92490701
2021-10-24,Nevada,92985096
2021-10-31,Nevada,93071769
2021-11-07,Nevada,92345973
2021-11-14,Nevada,92148151
2021-11-21,Nevada,91842417
2021-11-28,Nevada,84566191
2021-12-05,Nevada,85728485
2021-12-12,Nevada,87269917
2021-12-19,Nevada,87815423
2021-12-26,Nevada,85598096
2022-01-02,Nevada,87627145
2022-01-09,Nevada,86588437
2022-01-16,Nevada,87498306
2022-01-23,Nevada,85908588
2022-01-30,Nevada,84537714
2022-02-06,Nevada,86356797
2022-02-13,Nevada,88624513
2022-02-20,Nevada,86424096
2022-02-27,Nevada,89601702
2022-03-06,Nevada,92054046
2022-03-13,Nevada,91322776
2022-03-20,Nevada,94353742
2022-03-27,Nevada,95719422
2022-04-03,Nevada,100330711
2022-04-10,Nevada,100096904
2022-04-17,Nevada,99486368
2022-04-24,Nevada,97881485
2022-05-01,Nevada,100373381
2022-05-08,Nevada,102374030
2022-05-15,Nevada,102195108
2022-05-22,Nevada,102231901
2022-05-29,Nevada,104453182
2022-06-05,Nevada,107451031
2022-06-12,Nevada,108401002
2022-06-19,Nevada,107987659
2022-06-26,Nevada,104905199
2022-07-03,Nevada,113337636
2022-07-10,Nevada,110690505
2022-07-17,Nevada,111229610
2022-07-24,Nevada,107725767
2022-07-31,Nevada,105182079
2022-08-07,Nevada,109684428
2022-08-14,Nevada,111445680
2022-08-21,Nevada,107279199
2022-08-28,Nevada,108306289
2022-09-04,Nevada,110622906
2022-09-11,Nevada,107655422
2022-09-18,Nevada,102953859
2022-09-25,Nevada,100958965
2022-10-02,Nevada,100964519
2022-10-09,Nevada,102194629
2022-10-16,Nevada,100996830
2022-10-23,Nevada,99022283
2022-10-30,Nevada,95957195
2022-11-06,Nevada,97736557
2022-11-13,Nevada,97492295
2022-11-20,Nevada,96374656
2022-11-27,Nevada,91839129
2022-12-04,Nevada,91020179
2022-12-11,Nevada,93177556
2022-12-18,Nevada,93810022
2022-12-25,Nevada,94688707
2023-01-01,Nevada,90694672
2023-01-08,Nevada,90884399
2023-01-15,Nevada,91963891
2023-01-22,Nevada,90952640
2023-01-29,Nevada,90204647
2023-02-05,Nevada,92129655
2023-02-12,Nevada,96722302
2023-02-19,Nevada,94316073
2023-02-26,Nevada,93720961
2023-03-05,Nevada,100941906
2023-03-12,Nevada,108721285
2023-03-19,Nevada,103271404
2023-03-26,Nevada,93906382
2023-04-02,Nevada,98266678
2023-04-09,Nevada,102562118
2023-04-16,Nevada,101828070
2023-04-23,Nevada,101025635
2023-04-30,Nevada,107343566
2023-05-07,Nevada,109269132
2019-10-06,New Hampshire,30388827
2019-10-13,New Hampshire,30666339
2019-10-20,New Hampshire,29490225
2019-10-27,New Hampshire,29239812
2019-11-03,New Hampshire,29026634
2019-11-10,New Hampshire,29727550
2019-11-17,New Hampshire,29354792
2019-11-24,New Hampshire,30142040
2019-12-01,New Hampshire,30014723
2019-12-08,New Hampshire,29272283
2019-12-15,New Hampshire,30115314
2019-12-22,New Hampshire,32255625
2019-12-29,New Hampshire,30736142
2020-01-05,New Hampshire,30026949
2020-01-12,New Hampshire,28974786
2020-01-19,New Hampshire,31135066
2020-01-26,New Hampshire,27847797
2020-02-02,New Hampshire,29896449
2020-02-09,New Hampshire,29766584
2020-02-16,New Hampshire,29302521
2020-02-23,New Hampshire,30183516
2020-03-01,New Hampshire,29922102
2020-03-08,New Hampshire,32353977
2020-03-15,New Hampshire,35697445
2020-03-22,New Hampshire,35486245
2020-03-29,New Hampshire,30528128
2020-04-05,New Hampshire,30876075
2020-04-12,New Hampshire,31487081
2020-04-19,New Hampshire,32103743
2020-04-26,New Hampshire,30844385
2020-05-03,New Hampshire,32853085
2020-05-10,New Hampshire,34666000
2020-05-17,New Hampshire,34103279
2020-05-24,New Hampshire,37866615
2020-05-31,New Hampshire,37102777
2020-06-07,New Hampshire,37226621
2020-06-14,New Hampshire,37318376
2020-06-21,New Hampshire,38284287
2020-06-28,New Hampshire,38520872
2020-07-05,New Hampshire,41509380
2020-07-12,New Hampshire,38339929
2020-07-19,New Hampshire,38178048
2020-07-26,New Hampshire,37873622
2020-08-02,New Hampshire,39238217
2020-08-09,New Hampshire,38399975
2020-08-16,New Hampshire,37820712
2020-08-23,New Hampshire,36552859
2020-08-30,New Hampshire,35836629
2020-09-06,New Hampshire,34774832
2020-09-13,New Hampshire,33724398
2020-09-20,New Hampshire,33158475
2020-09-27,New Hampshire,33508107
2020-10-04,New Hampshire,32924901
2020-10-11,New Hampshire,33001664
2020-10-18,New Hampshire,32058522
2020-10-25,New Hampshire,31626288
2020-11-01,New Hampshire,31051552
2020-11-08,New Hampshire,32060542
2020-11-15,New Hampshire,32130985
2020-11-22,New Hampshire,32459420
2020-11-29,New Hampshire,32125005
2020-12-06,New Hampshire,30924507
2020-12-13,New Hampshire,31861670
2020-12-20,New Hampshire,32669917
2020-12-27,New Hampshire,33244408
2021-01-03,New Hampshire,31933909
2021-01-10,New Hampshire,31496746
2021-01-17,New Hampshire,32167010
2021-01-24,New Hampshire,31240085
2021-01-31,New Hampshire,31471486
2021-02-07,New Hampshire,32211005
2021-02-14,New Hampshire,31543625
2021-02-21,New Hampshire,31847487
2021-02-28,New Hampshire,32073495
2021-03-07,New Hampshire,34198378
2021-03-14,New Hampshire,38286894
2021-03-21,New Hampshire,38079480
2021-03-28,New Hampshire,33192866
2021-04-04,New Hampshire,33779494
2021-04-11,New Hampshire,33666213
2021-04-18,New Hampshire,33368292
2021-04-25,New Hampshire,34360725
2021-05-02,New Hampshire,35119245
2021-05-09,New Hampshire,36528984
2021-05-16,New Hampshire,36880947
2021-05-23,New Hampshire,40747388
2021-05-30,New Hampshire,40502697
2021-06-06,New Hampshire,39191943
2021-06-13,New Hampshire,40628716
2021-06-20,New Hampshire,41412909
2021-06-27,New Hampshire,40777134
2021-07-04,New Hampshire,42298976
2021-07-11,New Hampshire,39438284
2021-07-18,New Hampshire,38963245
2021-07-25,New Hampshire,39836006
2021-08-01,New Hampshire,40501186
2021-08-08,New Hampshire,40625628
2021-08-15,New Hampshire,41839783
2021-08-22,New Hampshire,39861527
2021-08-29,New Hampshire,38398796
2021-09-05,New Hampshire,38045854
2021-09-12,New Hampshire,37586040
2021-09-19,New Hampshire,36264701
2021-09-26,New Hampshire,36027614
2021-10-03,New Hampshire,50608160
2021-10-10,New Hampshire,51298673
2021-10-17,New Hampshire,50137669
2021-10-24,New Hampshire,49095898
2021-10-31,New Hampshire,47991923
2021-11-07,New Hampshire,49261485
2021-11-14,New Hampshire,50090022
2021-11-21,New Hampshire,50209311
2021-11-28,New Hampshire,47449321
2021-12-05,New Hampshire,48428547
2021-12-12,New Hampshire,49313003
2021-12-19,New Hampshire,52082493
2021-12-26,New Hampshire,50332518
2022-01-02,New Hampshire,48781954
2022-01-09,New Hampshire,48107986
2022-01-16,New Hampshire,50778008
2022-01-23,New Hampshire,47083638
2022-01-30,New Hampshire,49473197
2022-02-06,New Hampshire,48683932
2022-02-13,New Hampshire,49266745
2022-02-20,New Hampshire,48294873
2022-02-27,New Hampshire,48623462
2022-03-06,New Hampshire,49865291
2022-03-13,New Hampshire,50181120
2022-03-20,New Hampshire,50241876
2022-03-27,New Hampshire,50208272
2022-04-03,New Hampshire,51722980
2022-04-10,New Hampshire,51170028
2022-04-17,New Hampshire,54171549
2022-04-24,New Hampshire,50093975
2022-05-01,New Hampshire,52010264
2022-05-08,New Hampshire,55148843
2022-05-15,New Hampshire,56179144
2022-05-22,New Hampshire,60562858
2022-05-29,New Hampshire,59898217
2022-06-05,New Hampshire,58539377
2022-06-12,New Hampshire,61071034
2022-06-19,New Hampshire,60192376
2022-06-26,New Hampshire,60473076
2022-07-03,New Hampshire,66414080
2022-07-10,New Hampshire,60496429
2022-07-17,New Hampshire,61159798
2022-07-24,New Hampshire,61319367
2022-07-31,New Hampshire,61426229
2022-08-07,New Hampshire,62601373
2022-08-14,New Hampshire,61682529
2022-08-21,New Hampshire,60013247
2022-08-28,New Hampshire,58858242
2022-09-04,New Hampshire,57734114
2022-09-11,New Hampshire,55077631
2022-09-18,New Hampshire,54738525
2022-09-25,New Hampshire,53724331
2022-10-02,New Hampshire,53158297
2022-10-09,New Hampshire,54403686
2022-10-16,New Hampshire,53561160
2022-10-23,New Hampshire,52365557
2022-10-30,New Hampshire,51488264
2022-11-06,New Hampshire,52322433
2022-11-13,New Hampshire,52772276
2022-11-20,New Hampshire,52552324
2022-11-27,New Hampshire,52622465
2022-12-04,New Hampshire,49931625
2022-12-11,New Hampshire,52725450
2022-12-18,New Hampshire,54150225
2022-12-25,New Hampshire,57231236
2023-01-01,New Hampshire,50635755
2023-01-08,New Hampshire,50573660
2023-01-15,New Hampshire,51751831
2023-01-22,New Hampshire,50802224
2023-01-29,New Hampshire,51809478
2023-02-05,New Hampshire,50355820
2023-02-12,New Hampshire,53417136
2023-02-19,New Hampshire,51575358
2023-02-26,New Hampshire,51669988
2023-03-05,New Hampshire,53338540
2023-03-12,New Hampshire,58632571
2023-03-19,New Hampshire,57543103
2023-03-26,New Hampshire,52159634
2023-04-02,New Hampshire,52166467
2023-04-09,New Hampshire,56189608
2023-04-16,New Hampshire,55834718
2023-04-23,New Hampshire,54460243
2023-04-30,New Hampshire,55296067
2023-05-07,New Hampshire,59336660
2019-10-06,New Mexico,40091431
2019-10-13,New Mexico,38656091
2019-10-20,New Mexico,37190917
2019-10-27,New Mexico,35596520
2019-11-03,New Mexico,35945861
2019-11-10,New Mexico,37278450
2019-11-17,New Mexico,37154366
2019-11-24,New Mexico,37217286
2019-12-01,New Mexico,34731555
2019-12-08,New Mexico,35952023
2019-12-15,New Mexico,36401029
2019-12-22,New Mexico,39343627
2019-12-29,New Mexico,35439725
2020-01-05,New Mexico,35901902
2020-01-12,New Mexico,36227966
2020-01-19,New Mexico,36269989
2020-01-26,New Mexico,36273269
2020-02-02,New Mexico,37201589
2020-02-09,New Mexico,36835606
2020-02-16,New Mexico,35944340
2020-02-23,New Mexico,35819239
2020-03-01,New Mexico,38713023
2020-03-08,New Mexico,41061662
2020-03-15,New Mexico,46004343
2020-03-22,New Mexico,42466993
2020-03-29,New Mexico,38029662
2020-04-05,New Mexico,39913693
2020-04-12,New Mexico,40991192
2020-04-19,New Mexico,41407813
2020-04-26,New Mexico,40566802
2020-05-03,New Mexico,43768993
2020-05-10,New Mexico,44112633
2020-05-17,New Mexico,43271032
2020-05-24,New Mexico,44427198
2020-05-31,New Mexico,42166291
2020-06-07,New Mexico,45905227
2020-06-14,New Mexico,45999645
2020-06-21,New Mexico,45995632
2020-06-28,New Mexico,45735527
2020-07-05,New Mexico,49250336
2020-07-12,New Mexico,46679633
2020-07-19,New Mexico,47877363
2020-07-26,New Mexico,44376192
2020-08-02,New Mexico,45176656
2020-08-09,New Mexico,46628932
2020-08-16,New Mexico,47534421
2020-08-23,New Mexico,46196595
2020-08-30,New Mexico,45094274
2020-09-06,New Mexico,45977001
2020-09-13,New Mexico,42603289
2020-09-20,New Mexico,43001755
2020-09-27,New Mexico,41678895
2020-10-04,New Mexico,42431055
2020-10-11,New Mexico,43505034
2020-10-18,New Mexico,42993936
2020-10-25,New Mexico,40888289
2020-11-01,New Mexico,39125374
2020-11-08,New Mexico,40897367
2020-11-15,New Mexico,41802323
2020-11-22,New Mexico,41377705
2020-11-29,New Mexico,36433805
2020-12-06,New Mexico,37379119
2020-12-13,New Mexico,39015532
2020-12-20,New Mexico,41418275
2020-12-27,New Mexico,38397644
2021-01-03,New Mexico,38562490
2021-01-10,New Mexico,39597266
2021-01-17,New Mexico,40053652
2021-01-24,New Mexico,38188273
2021-01-31,New Mexico,37947499
2021-02-07,New Mexico,40691767
2021-02-14,New Mexico,40163112
2021-02-21,New Mexico,38223578
2021-02-28,New Mexico,39600957
2021-03-07,New Mexico,43224896
2021-03-14,New Mexico,49556841
2021-03-21,New Mexico,46714557
2021-03-28,New Mexico,40996188
2021-04-04,New Mexico,43942929
2021-04-11,New Mexico,44895903
2021-04-18,New Mexico,44962387
2021-04-25,New Mexico,44677646
2021-05-02,New Mexico,46213010
2021-05-09,New Mexico,48904959
2021-05-16,New Mexico,48205001
2021-05-23,New Mexico,48657045
2021-05-30,New Mexico,47681199
2021-06-06,New Mexico,48442417
2021-06-13,New Mexico,50541679
2021-06-20,New Mexico,51622626
2021-06-27,New Mexico,49736722
2021-07-04,New Mexico,50052131
2021-07-11,New Mexico,50161187
2021-07-18,New Mexico,51469305
2021-07-25,New Mexico,48189475
2021-08-01,New Mexico,47483782
2021-08-08,New Mexico,50324064
2021-08-15,New Mexico,52731698
2021-08-22,New Mexico,50253945
2021-08-29,New Mexico,48371189
2021-09-05,New Mexico,49506690
2021-09-12,New Mexico,47013547
2021-09-19,New Mexico,48316330
2021-09-26,New Mexico,47411061
2021-10-03,New Mexico,65423332
2021-10-10,New Mexico,66629753
2021-10-17,New Mexico,65600559
2021-10-24,New Mexico,63451798
2021-10-31,New Mexico,61159836
2021-11-07,New Mexico,62953004
2021-11-14,New Mexico,65506575
2021-11-21,New Mexico,64818507
2021-11-28,New Mexico,57153027
2021-12-05,New Mexico,59227225
2021-12-12,New Mexico,61694362
2021-12-19,New Mexico,64698894
2021-12-26,New Mexico,61161254
2022-01-02,New Mexico,58452376
2022-01-09,New Mexico,60024763
2022-01-16,New Mexico,61749483
2022-01-23,New Mexico,60744230
2022-01-30,New Mexico,60361173
2022-02-06,New Mexico,61032853
2022-02-13,New Mexico,62378977
2022-02-20,New Mexico,60394925
2022-02-27,New Mexico,62810971
2022-03-06,New Mexico,66017498
2022-03-13,New Mexico,64699095
2022-03-20,New Mexico,66565669
2022-03-27,New Mexico,65262782
2022-04-03,New Mexico,68359811
2022-04-10,New Mexico,69547316
2022-04-17,New Mexico,70598094
2022-04-24,New Mexico,67452372
2022-05-01,New Mexico,68515536
2022-05-08,New Mexico,71471274
2022-05-15,New Mexico,73606498
2022-05-22,New Mexico,72435035
2022-05-29,New Mexico,70972870
2022-06-05,New Mexico,72200112
2022-06-12,New Mexico,76599555
2022-06-19,New Mexico,77783194
2022-06-26,New Mexico,73187434
2022-07-03,New Mexico,75155138
2022-07-10,New Mexico,74360320
2022-07-17,New Mexico,77655782
2022-07-24,New Mexico,74746797
2022-07-31,New Mexico,72120689
2022-08-07,New Mexico,75824336
2022-08-14,New Mexico,77964361
2022-08-21,New Mexico,74119632
2022-08-28,New Mexico,72488257
2022-09-04,New Mexico,74102330
2022-09-11,New Mexico,72981593
2022-09-18,New Mexico,72357988
2022-09-25,New Mexico,71436619
2022-10-02,New Mexico,70959076
2022-10-09,New Mexico,70765027
2022-10-16,New Mexico,69638194
2022-10-23,New Mexico,67549880
2022-10-30,New Mexico,66018212
2022-11-06,New Mexico,66563754
2022-11-13,New Mexico,67992393
2022-11-20,New Mexico,70157412
2022-11-27,New Mexico,65043938
2022-12-04,New Mexico,64130870
2022-12-11,New Mexico,67537464
2022-12-18,New Mexico,70135624
2022-12-25,New Mexico,69624449
2023-01-01,New Mexico,62124094
2023-01-08,New Mexico,63821678
2023-01-15,New Mexico,65975308
2023-01-22,New Mexico,65131373
2023-01-29,New Mexico,64550348
2023-02-05,New Mexico,65781090
2023-02-12,New Mexico,67950100
2023-02-19,New Mexico,68032027
2023-02-26,New Mexico,66997849
2023-03-05,New Mexico,71026573
2023-03-12,New Mexico,77737212
2023-03-19,New Mexico,74754103
2023-03-26,New Mexico,66997769
2023-04-02,New Mexico,69116707
2023-04-09,New Mexico,73606502
2023-04-16,New Mexico,75076161
2023-04-23,New Mexico,73888833
2023-04-30,New Mexico,73958962
2023-05-07,New Mexico,79488160
2019-10-06,New York,258592907
2019-10-13,New York,252546939
2019-10-20,New York,235475053
2019-10-27,New York,235756720
2019-11-03,New York,238220084
2019-11-10,New York,245240120
2019-11-17,New York,239914025
2019-11-24,New York,249630625
2019-12-01,New York,240815212
2019-12-08,New York,240233769
2019-12-15,New York,247147491
2019-12-22,New York,255211106
2019-12-29,New York,248394540
2020-01-05,New York,245424005
2020-01-12,New York,240445415
2020-01-19,New York,247951897
2020-01-26,New York,224104617
2020-02-02,New York,240088803
2020-02-09,New York,241490835
2020-02-16,New York,232977877
2020-02-23,New York,235085112
2020-03-01,New York,243570108
2020-03-08,New York,261730062
2020-03-15,New York,290204864
2020-03-22,New York,288087083
2020-03-29,New York,240171905
2020-04-05,New York,252080000
2020-04-12,New York,255897518
2020-04-19,New York,248987203
2020-04-26,New York,244370860
2020-05-03,New York,254010485
2020-05-10,New York,266107943
2020-05-17,New York,258711536
2020-05-24,New York,290287214
2020-05-31,New York,275277517
2020-06-07,New York,287660278
2020-06-14,New York,288739608
2020-06-21,New York,283288685
2020-06-28,New York,305546964
2020-07-05,New York,322977709
2020-07-12,New York,301481910
2020-07-19,New York,301434293
2020-07-26,New York,293590908
2020-08-02,New York,303165565
2020-08-09,New York,293584276
2020-08-16,New York,291656929
2020-08-23,New York,278739405
2020-08-30,New York,276545914
2020-09-06,New York,277206444
2020-09-13,New York,268753109
2020-09-20,New York,259300455
2020-09-27,New York,262863201
2020-10-04,New York,264421970
2020-10-11,New York,260363051
2020-10-18,New York,246736838
2020-10-25,New York,247228483
2020-11-01,New York,242029203
2020-11-08,New York,256085339
2020-11-15,New York,252229856
2020-11-22,New York,257463053
2020-11-29,New York,260037359
2020-12-06,New York,237551612
2020-12-13,New York,254187772
2020-12-20,New York,254085289
2020-12-27,New York,258533687
2021-01-03,New York,248280769
2021-01-10,New York,250105857
2021-01-17,New York,250502308
2021-01-24,New York,241055112
2021-01-31,New York,245213129
2021-02-07,New York,252825598
2021-02-14,New York,245769666
2021-02-21,New York,240380607
2021-02-28,New York,248778098
2021-03-07,New York,265880962
2021-03-14,New York,302978825
2021-03-21,New York,298280258
2021-03-28,New York,252738722
2021-04-04,New York,260397144
2021-04-11,New York,263431940
2021-04-18,New York,251939169
2021-04-25,New York,259017716
2021-05-02,New York,265315458
2021-05-09,New York,274095648
2021-05-16,New York,272939159
2021-05-23,New York,305640440
2021-05-30,New York,295447775
2021-06-06,New York,287621787
2021-06-13,New York,310781452
2021-06-20,New York,299271437
2021-06-27,New York,303611432
2021-07-04,New York,324347057
2021-07-11,New York,302761906
2021-07-18,New York,300180175
2021-07-25,New York,304886897
2021-08-01,New York,301849752
2021-08-08,New York,303039915
2021-08-15,New York,313023910
2021-08-22,New York,294983606
2021-08-29,New York,295457102
2021-09-05,New York,295669694
2021-09-12,New York,286048551
2021-09-19,New York,279297072
2021-09-26,New York,277853468
2021-10-03,New York,403887300
2021-10-10,New York,403148965
2021-10-17,New York,383288006
2021-10-24,New York,380250399
2021-10-31,New York,373302523
2021-11-07,New York,387419582
2021-11-14,New York,391749072
2021-11-21,New York,397448170
2021-11-28,New York,379356773
2021-12-05,New York,373755427
2021-12-12,New York,389500262
2021-12-19,New York,399508748
2021-12-26,New York,394759409
2022-01-02,New York,377001512
2022-01-09,New York,379375721
2022-01-16,New York,391697963
2022-01-23,New York,363372584
2022-01-30,New York,373188824
2022-02-06,New York,378756475
2022-02-13,New York,381278051
2022-02-20,New York,368925238
2022-02-27,New York,377390305
2022-03-06,New York,390502426
2022-03-13,New York,394353051
2022-03-20,New York,393035586
2022-03-27,New York,394467219
2022-04-03,New York,402829224
2022-04-10,New York,408505909
2022-04-17,New York,415468707
2022-04-24,New York,390688799
2022-05-01,New York,409395897
2022-05-08,New York,423986355
2022-05-15,New York,432556480
2022-05-22,New York,463629758
2022-05-29,New York,449893992
2022-06-05,New York,452815638
2022-06-12,New York,463353692
2022-06-19,New York,455675393
2022-06-26,New York,471218054
2022-07-03,New York,505790145
2022-07-10,New York,469314536
2022-07-17,New York,472504382
2022-07-24,New York,470465101
2022-07-31,New York,467768087
2022-08-07,New York,471705695
2022-08-14,New York,471032964
2022-08-21,New York,456045797
2022-08-28,New York,451314586
2022-09-04,New York,454228372
2022-09-11,New York,436726667
2022-09-18,New York,433258418
2022-09-25,New York,426238755
2022-10-02,New York,420702848
2022-10-09,New York,423193051
2022-10-16,New York,411644555
2022-10-23,New York,407301140
2022-10-30,New York,404190797
2022-11-06,New York,414658873
2022-11-13,New York,415690861
2022-11-20,New York,413445519
2022-11-27,New York,426665132
2022-12-04,New York,390891171
2022-12-11,New York,417981285
2022-12-18,New York,421615746
2022-12-25,New York,442906401
2023-01-01,New York,398803114
2023-01-08,New York,401146602
2023-01-15,New York,403348511
2023-01-22,New York,393187483
2023-01-29,New York,394145633
2023-02-05,New York,398935375
2023-02-12,New York,416142348
2023-02-19,New York,397662728
2023-02-26,New York,399007849
2023-03-05,New York,426576706
2023-03-12,New York,462900603
2023-03-19,New York,457965797
2023-03-26,New York,406905861
2023-04-02,New York,413078348
2023-04-09,New York,437785678
2023-04-16,New York,438996451
2023-04-23,New York,422336065
2023-04-30,New York,427489275
2023-05-07,New York,448720270
2019-10-06,North Carolina,212919688
2019-10-13,North Carolina,201468061
2019-10-20,North Carolina,192796952
2019-10-27,North Carolina,185626411
2019-11-03,North Carolina,188325661
2019-11-10,North Carolina,188606221
2019-11-17,North Carolina,187088913
2019-11-24,North Carolina,188661091
2019-12-01,North Carolina,182341458
2019-12-08,North Carolina,190647025
2019-12-15,North Carolina,180282479
2019-12-22,North Carolina,202939686
2019-12-29,North Carolina,179605854
2020-01-05,North Carolina,178890818
2020-01-12,North Carolina,183461142
2020-01-19,North Carolina,182962942
2020-01-26,North Carolina,179715822
2020-02-02,North Carolina,186628120
2020-02-09,North Carolina,184957410
2020-02-16,North Carolina,180716590
2020-02-23,North Carolina,179535690
2020-03-01,North Carolina,191518855
2020-03-08,North Carolina,196435895
2020-03-15,North Carolina,232460480
2020-03-22,North Carolina,214675670
2020-03-29,North Carolina,198659312
2020-04-05,North Carolina,201730136
2020-04-12,North Carolina,205079929
2020-04-19,North Carolina,204203390
2020-04-26,North Carolina,203758327
2020-05-03,North Carolina,218258711
2020-05-10,North Carolina,214465564
2020-05-17,North Carolina,221743633
2020-05-24,North Carolina,226324935
2020-05-31,North Carolina,220754539
2020-06-07,North Carolina,227809117
2020-06-14,North Carolina,225712158
2020-06-21,North Carolina,221508793
2020-06-28,North Carolina,234828043
2020-07-05,North Carolina,241370137
2020-07-12,North Carolina,227165539
2020-07-19,North Carolina,239036602
2020-07-26,North Carolina,230211946
2020-08-02,North Carolina,234057033
2020-08-09,North Carolina,229864947
2020-08-16,North Carolina,228995927
2020-08-23,North Carolina,222834291
2020-08-30,North Carolina,233981321
2020-09-06,North Carolina,236127507
2020-09-13,North Carolina,218369410
2020-09-20,North Carolina,213160625
2020-09-27,North Carolina,213896722
2020-10-04,North Carolina,219051176
2020-10-11,North Carolina,214391731
2020-10-18,North Carolina,206647393
2020-10-25,North Carolina,207366035
2020-11-01,North Carolina,206272025
2020-11-08,North Carolina,205375020
2020-11-15,North Carolina,202009933
2020-11-22,North Carolina,210278428
2020-11-29,North Carolina,195949554
2020-12-06,North Carolina,195796595
2020-12-13,North Carolina,201006438
2020-12-20,North Carolina,211981451
2020-12-27,North Carolina,192971375
2021-01-03,North Carolina,197454738
2021-01-10,North Carolina,198023453
2021-01-17,North Carolina,198861442
2021-01-24,North Carolina,194192190
2021-01-31,North Carolina,194920348
2021-02-07,North Carolina,197921622
2021-02-14,North Carolina,193478579
2021-02-21,North Carolina,197170475
2021-02-28,North Carolina,205260322
2021-03-07,North Carolina,213801184
2021-03-14,North Carolina,250149444
2021-03-21,North Carolina,231871133
2021-03-28,North Carolina,214576034
2021-04-04,North Carolina,218644433
2021-04-11,North Carolina,227854030
2021-04-18,North Carolina,222625362
2021-04-25,North Carolina,219968570
2021-05-02,North Carolina,234669454
2021-05-09,North Carolina,232823526
2021-05-16,North Carolina,230922247
2021-05-23,North Carolina,237750009
2021-05-30,North Carolina,243956230
2021-06-06,North Carolina,245680592
2021-06-13,North Carolina,244831126
2021-06-20,North Carolina,240639006
2021-06-27,North Carolina,246422545
2021-07-04,North Carolina,262767858
2021-07-11,North Carolina,243558258
2021-07-18,North Carolina,255252519
2021-07-25,North Carolina,250374722
2021-08-01,North Carolina,259772020
2021-08-08,North Carolina,250510025
2021-08-15,North Carolina,252832998
2021-08-22,North Carolina,247922537
2021-08-29,North Carolina,254935960
2021-09-05,North Carolina,255605154
2021-09-12,North Carolina,237152612
2021-09-19,North Carolina,236472548
2021-09-26,North Carolina,229811509
2021-10-03,North Carolina,339832033
2021-10-10,North Carolina,329225663
2021-10-17,North Carolina,326334722
2021-10-24,North Carolina,321305791
2021-10-31,North Carolina,318918242
2021-11-07,North Carolina,314989401
2021-11-14,North Carolina,319937028
2021-11-21,North Carolina,323170370
2021-11-28,North Carolina,301100478
2021-12-05,North Carolina,316615927
2021-12-12,North Carolina,304892072
2021-12-19,North Carolina,324501073
2021-12-26,North Carolina,311816528
2022-01-02,North Carolina,307769919
2022-01-09,North Carolina,307415597
2022-01-16,North Carolina,317739309
2022-01-23,North Carolina,303277162
2022-01-30,North Carolina,305642940
2022-02-06,North Carolina,307446659
2022-02-13,North Carolina,305513058
2022-02-20,North Carolina,304085030
2022-02-27,North Carolina,320728629
2022-03-06,North Carolina,327412713
2022-03-13,North Carolina,327342070
2022-03-20,North Carolina,324796946
2022-03-27,North Carolina,331119762
2022-04-03,North Carolina,335983497
2022-04-10,North Carolina,345884805
2022-04-17,North Carolina,346129560
2022-04-24,North Carolina,338935745
2022-05-01,North Carolina,359106865
2022-05-08,North Carolina,354025895
2022-05-15,North Carolina,349324173
2022-05-22,North Carolina,375923742
2022-05-29,North Carolina,377415583
2022-06-05,North Carolina,360594346
2022-06-12,North Carolina,365018163
2022-06-19,North Carolina,374160521
2022-06-26,North Carolina,372911005
2022-07-03,North Carolina,391066707
2022-07-10,North Carolina,364210620
2022-07-17,North Carolina,373161787
2022-07-24,North Carolina,375550450
2022-07-31,North Carolina,388253576
2022-08-07,North Carolina,385628351
2022-08-14,North Carolina,383416221
2022-08-21,North Carolina,374279033
2022-08-28,North Carolina,390886096
2022-09-04,North Carolina,387763951
2022-09-11,North Carolina,359529906
2022-09-18,North Carolina,362873266
2022-09-25,North Carolina,364029672
2022-10-02,North Carolina,366438629
2022-10-09,North Carolina,346157533
2022-10-16,North Carolina,348578178
2022-10-23,North Carolina,341495602
2022-10-30,North Carolina,339188862
2022-11-06,North Carolina,336065450
2022-11-13,North Carolina,337474742
2022-11-20,North Carolina,347135355
2022-11-27,North Carolina,327820084
2022-12-04,North Carolina,329838246
2022-12-11,North Carolina,331479550
2022-12-18,North Carolina,349522958
2022-12-25,North Carolina,344835447
2023-01-01,North Carolina,329375264
2023-01-08,North Carolina,322909955
2023-01-15,North Carolina,337781732
2023-01-22,North Carolina,319300280
2023-01-29,North Carolina,324629872
2023-02-05,North Carolina,324210092
2023-02-12,North Carolina,331090097
2023-02-19,North Carolina,332000464
2023-02-26,North Carolina,339919144
2023-03-05,North Carolina,352498465
2023-03-12,North Carolina,382671103
2023-03-19,North Carolina,362190665
2023-03-26,North Carolina,347895365
2023-04-02,North Carolina,350781557
2023-04-09,North Carolina,359940244
2023-04-16,North Carolina,360726490
2023-04-23,North Carolina,364452660
2023-04-30,North Carolina,368494194
2023-05-07,North Carolina,373088425
2019-10-06,Ohio,219232699
2019-10-13,Ohio,211680283
2019-10-20,Ohio,201987064
2019-10-27,Ohio,197831851
2019-11-03,Ohio,198087098
2019-11-10,Ohio,198142592
2019-11-17,Ohio,200628466
2019-11-24,Ohio,204767243
2019-12-01,Ohio,194452564
2019-12-08,Ohio,196752183
2019-12-15,Ohio,202276981
2019-12-22,Ohio,214289031
2019-12-29,Ohio,199101096
2020-01-05,Ohio,194707669
2020-01-12,Ohio,195597051
2020-01-19,Ohio,201220136
2020-01-26,Ohio,185511873
2020-02-02,Ohio,194171999
2020-02-09,Ohio,194908906
2020-02-16,Ohio,193373327
2020-02-23,Ohio,198453917
2020-03-01,Ohio,207137431
2020-03-08,Ohio,210814996
2020-03-15,Ohio,240524150
2020-03-22,Ohio,228133662
2020-03-29,Ohio,199404366
2020-04-05,Ohio,210675230
2020-04-12,Ohio,214025158
2020-04-19,Ohio,213052315
2020-04-26,Ohio,209183034
2020-05-03,Ohio,223836360
2020-05-10,Ohio,226238937
2020-05-17,Ohio,225003095
2020-05-24,Ohio,240369773
2020-05-31,Ohio,236247661
2020-06-07,Ohio,241583579
2020-06-14,Ohio,238503357
2020-06-21,Ohio,237637396
2020-06-28,Ohio,247324697
2020-07-05,Ohio,267702631
2020-07-12,Ohio,244679996
2020-07-19,Ohio,248164573
2020-07-26,Ohio,236520987
2020-08-02,Ohio,238840787
2020-08-09,Ohio,238780801
2020-08-16,Ohio,240222406
2020-08-23,Ohio,235466939
2020-08-30,Ohio,234735308
2020-09-06,Ohio,233961924
2020-09-13,Ohio,229873378
2020-09-20,Ohio,226091818
2020-09-27,Ohio,224932590
2020-10-04,Ohio,227625341
2020-10-11,Ohio,222210218
2020-10-18,Ohio,217012144
2020-10-25,Ohio,212195348
2020-11-01,Ohio,212163692
2020-11-08,Ohio,214492819
2020-11-15,Ohio,219089701
2020-11-22,Ohio,222840501
2020-11-29,Ohio,206662430
2020-12-06,Ohio,203933466
2020-12-13,Ohio,212194947
2020-12-20,Ohio,221969823
2020-12-27,Ohio,211281604
2021-01-03,Ohio,206189548
2021-01-10,Ohio,206010975
2021-01-17,Ohio,211318772
2021-01-24,Ohio,206193706
2021-01-31,Ohio,210181156
2021-02-07,Ohio,208721327
2021-02-14,Ohio,209649080
2021-02-21,Ohio,205054556
2021-02-28,Ohio,215469980
2021-03-07,Ohio,225933533
2021-03-14,Ohio,256382315
2021-03-21,Ohio,244453801
2021-03-28,Ohio,218687883
2021-04-04,Ohio,230104966
2021-04-11,Ohio,228406975
2021-04-18,Ohio,225595014
2021-04-25,Ohio,229411900
2021-05-02,Ohio,241188313
2021-05-09,Ohio,239651791
2021-05-16,Ohio,236972447
2021-05-23,Ohio,257609254
2021-05-30,Ohio,260805091
2021-06-06,Ohio,255965467
2021-06-13,Ohio,260247808
2021-06-20,Ohio,261049329
2021-06-27,Ohio,255681942
2021-07-04,Ohio,285647804
2021-07-11,Ohio,258660829
2021-07-18,Ohio,255957268
2021-07-25,Ohio,257077481
2021-08-01,Ohio,258370632
2021-08-08,Ohio,257301256
2021-08-15,Ohio,260135445
2021-08-22,Ohio,254931700
2021-08-29,Ohio,263053999
2021-09-05,Ohio,260169046
2021-09-12,Ohio,244404075
2021-09-19,Ohio,245657728
2021-09-26,Ohio,239275636
2021-10-03,Ohio,350738187
2021-10-10,Ohio,347613232
2021-10-17,Ohio,338945510
2021-10-24,Ohio,328756527
2021-10-31,Ohio,327228674
2021-11-07,Ohio,330215048
2021-11-14,Ohio,338932007
2021-11-21,Ohio,343745436
2021-11-28,Ohio,313850754
2021-12-05,Ohio,318626998
2021-12-12,Ohio,329606167
2021-12-19,Ohio,350739795
2021-12-26,Ohio,329634201
2022-01-02,Ohio,317556878
2022-01-09,Ohio,317735764
2022-01-16,Ohio,333776108
2022-01-23,Ohio,312961229
2022-01-30,Ohio,325142325
2022-02-06,Ohio,323243634
2022-02-13,Ohio,327062388
2022-02-20,Ohio,317667282
2022-02-27,Ohio,336017692
2022-03-06,Ohio,341919690
2022-03-13,Ohio,342923345
2022-03-20,Ohio,342949048
2022-03-27,Ohio,345210331
2022-04-03,Ohio,355092500
2022-04-10,Ohio,354698622
2022-04-17,Ohio,364386081
2022-04-24,Ohio,344406839
2022-05-01,Ohio,363505083
2022-05-08,Ohio,362430701
2022-05-15,Ohio,374421962
2022-05-22,Ohio,392819353
2022-05-29,Ohio,389766405
2022-06-05,Ohio,379192217
2022-06-12,Ohio,374709730
2022-06-19,Ohio,385777555
2022-06-26,Ohio,393034379
2022-07-03,Ohio,422656741
2022-07-10,Ohio,384253588
2022-07-17,Ohio,384440093
2022-07-24,Ohio,384467292
2022-07-31,Ohio,393398135
2022-08-07,Ohio,398641730
2022-08-14,Ohio,388633203
2022-08-21,Ohio,386809038
2022-08-28,Ohio,391441092
2022-09-04,Ohio,391219461
2022-09-11,Ohio,374480054
2022-09-18,Ohio,377247509
2022-09-25,Ohio,366224653
2022-10-02,Ohio,371926158
2022-10-09,Ohio,367820685
2022-10-16,Ohio,361905757
2022-10-23,Ohio,351248017
2022-10-30,Ohio,351473786
2022-11-06,Ohio,352545430
2022-11-13,Ohio,353850999
2022-11-20,Ohio,364957301
2022-11-27,Ohio,348892642
2022-12-04,Ohio,338187047
2022-12-11,Ohio,349988156
2022-12-18,Ohio,371400664
2022-12-25,Ohio,373152315
2023-01-01,Ohio,334633506
2023-01-08,Ohio,330617117
2023-01-15,Ohio,340904511
2023-01-22,Ohio,335002264
2023-01-29,Ohio,340561717
2023-02-05,Ohio,343769116
2023-02-12,Ohio,351100217
2023-02-19,Ohio,347650674
2023-02-26,Ohio,353624113
2023-03-05,Ohio,370462700
2023-03-12,Ohio,396326368
2023-03-19,Ohio,378725666
2023-03-26,Ohio,350900425
2023-04-02,Ohio,359887955
2023-04-09,Ohio,373981010
2023-04-16,Ohio,374911718
2023-04-23,Ohio,369690371
2023-04-30,Ohio,381198123
2023-05-07,Ohio,385825886
2019-10-06,Oklahoma,85463186
2019-10-13,Oklahoma,80326243
2019-10-20,Oklahoma,77607881
2019-10-27,Oklahoma,75895543
2019-11-03,Oklahoma,78606324
2019-11-10,Oklahoma,79735847
2019-11-17,Oklahoma,78375343
2019-11-24,Oklahoma,78566416
2019-12-01,Oklahoma,77743070
2019-12-08,Oklahoma,79333316
2019-12-15,Oklahoma,75511949
2019-12-22,Oklahoma,79011300
2019-12-29,Oklahoma,74528181
2020-01-05,Oklahoma,74745582
2020-01-12,Oklahoma,76919151
2020-01-19,Oklahoma,75239593
2020-01-26,Oklahoma,72603775
2020-02-02,Oklahoma,76740454
2020-02-09,Oklahoma,76848767
2020-02-16,Oklahoma,76079559
2020-02-23,Oklahoma,75792847
2020-03-01,Oklahoma,82141566
2020-03-08,Oklahoma,85093040
2020-03-15,Oklahoma,90347234
2020-03-22,Oklahoma,88597026
2020-03-29,Oklahoma,80631133
2020-04-05,Oklahoma,83714875
2020-04-12,Oklahoma,84529308
2020-04-19,Oklahoma,83048164
2020-04-26,Oklahoma,83200720
2020-05-03,Oklahoma,88871582
2020-05-10,Oklahoma,87590117
2020-05-17,Oklahoma,86966076
2020-05-24,Oklahoma,89019569
2020-05-31,Oklahoma,86013312
2020-06-07,Oklahoma,94400100
2020-06-14,Oklahoma,92684021
2020-06-21,Oklahoma,90904542
2020-06-28,Oklahoma,90695835
2020-07-05,Oklahoma,99205083
2020-07-12,Oklahoma,91139685
2020-07-19,Oklahoma,93341990
2020-07-26,Oklahoma,89731978
2020-08-02,Oklahoma,90586373
2020-08-09,Oklahoma,93480651
2020-08-16,Oklahoma,94816278
2020-08-23,Oklahoma,90109170
2020-08-30,Oklahoma,90142387
2020-09-06,Oklahoma,94396915
2020-09-13,Oklahoma,89514980
2020-09-20,Oklahoma,88421653
2020-09-27,Oklahoma,85283480
2020-10-04,Oklahoma,88335873
2020-10-11,Oklahoma,87882414
2020-10-18,Oklahoma,85645824
2020-10-25,Oklahoma,80946232
2020-11-01,Oklahoma,81182720
2020-11-08,Oklahoma,86781884
2020-11-15,Oklahoma,83683257
2020-11-22,Oklahoma,85284485
2020-11-29,Oklahoma,81307554
2020-12-06,Oklahoma,80958930
2020-12-13,Oklahoma,82702750
2020-12-20,Oklahoma,81442287
2020-12-27,Oklahoma,79754543
2021-01-03,Oklahoma,79645363
2021-01-10,Oklahoma,82319646
2021-01-17,Oklahoma,80475327
2021-01-24,Oklahoma,78059157
2021-01-31,Oklahoma,79728181
2021-02-07,Oklahoma,84110542
2021-02-14,Oklahoma,84187147
2021-02-21,Oklahoma,73866345
2021-02-28,Oklahoma,85254959
2021-03-07,Oklahoma,90099344
2021-03-14,Oklahoma,95931310
2021-03-21,Oklahoma,94265848
2021-03-28,Oklahoma,86437960
2021-04-04,Oklahoma,90092014
2021-04-11,Oklahoma,90326404
2021-04-18,Oklahoma,87746182
2021-04-25,Oklahoma,89062163
2021-05-02,Oklahoma,94001881
2021-05-09,Oklahoma,96078346
2021-05-16,Oklahoma,91205565
2021-05-23,Oklahoma,93113160
2021-05-30,Oklahoma,91015535
2021-06-06,Oklahoma,98464486
2021-06-13,Oklahoma,102717507
2021-06-20,Oklahoma,102288533
2021-06-27,Oklahoma,96237763
2021-07-04,Oklahoma,101861976
2021-07-11,Oklahoma,98249579
2021-07-18,Oklahoma,100015739
2021-07-25,Oklahoma,97954901
2021-08-01,Oklahoma,97749346
2021-08-08,Oklahoma,102015570
2021-08-15,Oklahoma,104210130
2021-08-22,Oklahoma,98328221
2021-08-29,Oklahoma,99095059
2021-09-05,Oklahoma,102611166
2021-09-12,Oklahoma,98084759
2021-09-19,Oklahoma,97937979
2021-09-26,Oklahoma,93647773
2021-10-03,Oklahoma,139578545
2021-10-10,Oklahoma,138432304
2021-10-17,Oklahoma,133311603
2021-10-24,Oklahoma,129819104
2021-10-31,Oklahoma,128210997
2021-11-07,Oklahoma,133270330
2021-11-14,Oklahoma,132050715
2021-11-21,Oklahoma,132271455
2021-11-28,Oklahoma,124661602
2021-12-05,Oklahoma,128954975
2021-12-12,Oklahoma,128121755
2021-12-19,Oklahoma,128793171
2021-12-26,Oklahoma,128582524
2022-01-02,Oklahoma,122812646
2022-01-09,Oklahoma,125894614
2022-01-16,Oklahoma,130810460
2022-01-23,Oklahoma,123087658
2022-01-30,Oklahoma,126661785
2022-02-06,Oklahoma,127526645
2022-02-13,Oklahoma,133213656
2022-02-20,Oklahoma,122053638
2022-02-27,Oklahoma,130023890
2022-03-06,Oklahoma,137714109
2022-03-13,Oklahoma,136461942
2022-03-20,Oklahoma,134978035
2022-03-27,Oklahoma,132847810
2022-04-03,Oklahoma,141210550
2022-04-10,Oklahoma,141755939
2022-04-17,Oklahoma,140765828
2022-04-24,Oklahoma,133940731
2022-05-01,Oklahoma,137163267
2022-05-08,Oklahoma,141285993
2022-05-15,Oklahoma,143855272
2022-05-22,Oklahoma,139771359
2022-05-29,Oklahoma,135755044
2022-06-05,Oklahoma,142131462
2022-06-12,Oklahoma,147942449
2022-06-19,Oklahoma,152890845
2022-06-26,Oklahoma,147588860
2022-07-03,Oklahoma,153118813
2022-07-10,Oklahoma,151769464
2022-07-17,Oklahoma,152584163
2022-07-24,Oklahoma,148155011
2022-07-31,Oklahoma,152306097
2022-08-07,Oklahoma,157651928
2022-08-14,Oklahoma,159549607
2022-08-21,Oklahoma,150724443
2022-08-28,Oklahoma,149157622
2022-09-04,Oklahoma,156360685
2022-09-11,Oklahoma,153309864
2022-09-18,Oklahoma,151038592
2022-09-25,Oklahoma,145687932
2022-10-02,Oklahoma,144114760
2022-10-09,Oklahoma,147640275
2022-10-16,Oklahoma,141443211
2022-10-23,Oklahoma,134986428
2022-10-30,Oklahoma,132940053
2022-11-06,Oklahoma,138164354
2022-11-13,Oklahoma,137896121
2022-11-20,Oklahoma,135567427
2022-11-27,Oklahoma,132993117
2022-12-04,Oklahoma,133222494
2022-12-11,Oklahoma,136075677
2022-12-18,Oklahoma,137614796
2022-12-25,Oklahoma,139698733
2023-01-01,Oklahoma,128027305
2023-01-08,Oklahoma,135062547
2023-01-15,Oklahoma,135596807
2023-01-22,Oklahoma,130499779
2023-01-29,Oklahoma,131289925
2023-02-05,Oklahoma,135216389
2023-02-12,Oklahoma,139263301
2023-02-19,Oklahoma,135360155
2023-02-26,Oklahoma,135256255
2023-03-05,Oklahoma,149196561
2023-03-12,Oklahoma,151437049
2023-03-19,Oklahoma,145942881
2023-03-26,Oklahoma,137653757
2023-04-02,Oklahoma,141704836
2023-04-09,Oklahoma,150712862
2023-04-16,Oklahoma,147173331
2023-04-23,Oklahoma,144161747
2023-04-30,Oklahoma,146135675
2023-05-07,Oklahoma,154636606
2019-10-06,Oregon,63944985
2019-10-13,Oregon,62778735
2019-10-20,Oregon,61126837
2019-10-27,Oregon,59546507
2019-11-03,Oregon,60796877
2019-11-10,Oregon,61552925
2019-11-17,Oregon,61015742
2019-11-24,Oregon,60959599
2019-12-01,Oregon,58257574
2019-12-08,Oregon,59857038
2019-12-15,Oregon,59979191
2019-12-22,Oregon,65582615
2019-12-29,Oregon,58675369
2020-01-05,Oregon,59870249
2020-01-12,Oregon,58578362
2020-01-19,Oregon,56795066
2020-01-26,Oregon,58377817
2020-02-02,Oregon,60557263
2020-02-09,Oregon,59559349
2020-02-16,Oregon,56802264
2020-02-23,Oregon,59501128
2020-03-01,Oregon,64230390
2020-03-08,Oregon,65194564
2020-03-15,Oregon,72106968
2020-03-22,Oregon,70139255
2020-03-29,Oregon,62638431
2020-04-05,Oregon,65216666
2020-04-12,Oregon,67070539
2020-04-19,Oregon,68700501
2020-04-26,Oregon,67450880
2020-05-03,Oregon,73277376
2020-05-10,Oregon,77387146
2020-05-17,Oregon,69490829
2020-05-24,Oregon,71299206
2020-05-31,Oregon,73202193
2020-06-07,Oregon,75237396
2020-06-14,Oregon,76096147
2020-06-21,Oregon,73685178
2020-06-28,Oregon,75752558
2020-07-05,Oregon,79284077
2020-07-12,Oregon,75629014
2020-07-19,Oregon,77462421
2020-07-26,Oregon,77350341
2020-08-02,Oregon,80871404
2020-08-09,Oregon,77553114
2020-08-16,Oregon,77714158
2020-08-23,Oregon,75260646
2020-08-30,Oregon,76088846
2020-09-06,Oregon,77441416
2020-09-13,Oregon,71781836
2020-09-20,Oregon,66947712
2020-09-27,Oregon,66149796
2020-10-04,Oregon,70735758
2020-10-11,Oregon,68755331
2020-10-18,Oregon,65409369
2020-10-25,Oregon,64629347
2020-11-01,Oregon,65902983
2020-11-08,Oregon,67079892
2020-11-15,Oregon,64517128
2020-11-22,Oregon,66592957
2020-11-29,Oregon,62889298
2020-12-06,Oregon,64691824
2020-12-13,Oregon,64893024
2020-12-20,Oregon,68988950
2020-12-27,Oregon,64198267
2021-01-03,Oregon,65702535
2021-01-10,Oregon,64053360
2021-01-17,Oregon,63206425
2021-01-24,Oregon,62798390
2021-01-31,Oregon,63397752
2021-02-07,Oregon,66162742
2021-02-14,Oregon,63689993
2021-02-21,Oregon,63403370
2021-02-28,Oregon,66943352
2021-03-07,Oregon,70618337
2021-03-14,Oregon,76233387
2021-03-21,Oregon,74480607
2021-03-28,Oregon,66604607
2021-04-04,Oregon,72067412
2021-04-11,Oregon,73834808
2021-04-18,Oregon,75450878
2021-04-25,Oregon,73646636
2021-05-02,Oregon,77119514
2021-05-09,Oregon,80320038
2021-05-16,Oregon,78986878
2021-05-23,Oregon,75666448
2021-05-30,Oregon,79225585
2021-06-06,Oregon,81955738
2021-06-13,Oregon,76750662
2021-06-20,Oregon,82203801
2021-06-27,Oregon,87618933
2021-07-04,Oregon,88375865
2021-07-11,Oregon,83128994
2021-07-18,Oregon,85334685
2021-07-25,Oregon,84134566
2021-08-01,Oregon,87403941
2021-08-08,Oregon,85425512
2021-08-15,Oregon,87451793
2021-08-22,Oregon,81419883
2021-08-29,Oregon,79469685
2021-09-05,Oregon,85701988
2021-09-12,Oregon,80871146
2021-09-19,Oregon,74940261
2021-09-26,Oregon,74560310
2021-10-03,Oregon,109358124
2021-10-10,Oregon,105944044
2021-10-17,Oregon,103410414
2021-10-24,Oregon,99799036
2021-10-31,Oregon,102488327
2021-11-07,Oregon,101452515
2021-11-14,Oregon,101451949
2021-11-21,Oregon,102440117
2021-11-28,Oregon,95648672
2021-12-05,Oregon,99250313
2021-12-12,Oregon,100207545
2021-12-19,Oregon,105713197
2021-12-26,Oregon,100450342
2022-01-02,Oregon,99078288
2022-01-09,Oregon,98739520
2022-01-16,Oregon,99784455
2022-01-23,Oregon,98759328
2022-01-30,Oregon,97891572
2022-02-06,Oregon,101836177
2022-02-13,Oregon,98688555
2022-02-20,Oregon,97925864
2022-02-27,Oregon,99904233
2022-03-06,Oregon,104964035
2022-03-13,Oregon,105051111
2022-03-20,Oregon,105717901
2022-03-27,Oregon,104959456
2022-04-03,Oregon,110649233
2022-04-10,Oregon,108260091
2022-04-17,Oregon,112502886
2022-04-24,Oregon,107413332
2022-05-01,Oregon,112386989
2022-05-08,Oregon,117390519
2022-05-15,Oregon,114214156
2022-05-22,Oregon,112911917
2022-05-29,Oregon,117192390
2022-06-05,Oregon,120036709
2022-06-12,Oregon,120298432
2022-06-19,Oregon,119427324
2022-06-26,Oregon,127766543
2022-07-03,Oregon,131648179
2022-07-10,Oregon,125109130
2022-07-17,Oregon,126747931
2022-07-24,Oregon,125456577
2022-07-31,Oregon,131034950
2022-08-07,Oregon,128095152
2022-08-14,Oregon,127640454
2022-08-21,Oregon,120792093
2022-08-28,Oregon,122367501
2022-09-04,Oregon,124544284
2022-09-11,Oregon,117844182
2022-09-18,Oregon,111186797
2022-09-25,Oregon,110628293
2022-10-02,Oregon,112015851
2022-10-09,Oregon,112790064
2022-10-16,Oregon,109322610
2022-10-23,Oregon,105871721
2022-10-30,Oregon,105092490
2022-11-06,Oregon,106220543
2022-11-13,Oregon,105789953
2022-11-20,Oregon,107960778
2022-11-27,Oregon,103586066
2022-12-04,Oregon,103950593
2022-12-11,Oregon,104626576
2022-12-18,Oregon,110611156
2022-12-25,Oregon,109236205
2023-01-01,Oregon,101850451
2023-01-08,Oregon,103066966
2023-01-15,Oregon,102630801
2023-01-22,Oregon,101274697
2023-01-29,Oregon,101267059
2023-02-05,Oregon,105298610
2023-02-12,Oregon,108981500
2023-02-19,Oregon,105809683
2023-02-26,Oregon,106451748
2023-03-05,Oregon,112224784
2023-03-12,Oregon,117522384
2023-03-19,Oregon,115111039
2023-03-26,Oregon,106516210
2023-04-02,Oregon,110131690
2023-04-09,Oregon,118297200
2023-04-16,Oregon,114781669
2023-04-23,Oregon,112632065
2023-04-30,Oregon,120727821
2023-05-07,Oregon,124363371
2019-10-06,Pennsylvania,213784018
2019-10-13,Pennsylvania,207743595
2019-10-20,Pennsylvania,198963636
2019-10-27,Pennsylvania,195191440
2019-11-03,Pennsylvania,198030518
2019-11-10,Pennsylvania,200157093
2019-11-17,Pennsylvania,202076105
2019-11-24,Pennsylvania,205134229
2019-12-01,Pennsylvania,197064569
2019-12-08,Pennsylvania,195489102
2019-12-15,Pennsylvania,205556320
2019-12-22,Pennsylvania,213752120
2019-12-29,Pennsylvania,203141884
2020-01-05,Pennsylvania,196391974
2020-01-12,Pennsylvania,195521619
2020-01-19,Pennsylvania,203680243
2020-01-26,Pennsylvania,182683922
2020-02-02,Pennsylvania,192603195
2020-02-09,Pennsylvania,197142390
2020-02-16,Pennsylvania,190861364
2020-02-23,Pennsylvania,193068295
2020-03-01,Pennsylvania,200422700
2020-03-08,Pennsylvania,209827935
2020-03-15,Pennsylvania,238885114
2020-03-22,Pennsylvania,228595535
2020-03-29,Pennsylvania,198403019
2020-04-05,Pennsylvania,206165824
2020-04-12,Pennsylvania,211887569
2020-04-19,Pennsylvania,209189862
2020-04-26,Pennsylvania,203316194
2020-05-03,Pennsylvania,213421497
2020-05-10,Pennsylvania,218076035
2020-05-17,Pennsylvania,219999446
2020-05-24,Pennsylvania,234224919
2020-05-31,Pennsylvania,225286541
2020-06-07,Pennsylvania,234140846
2020-06-14,Pennsylvania,234741227
2020-06-21,Pennsylvania,227804732
2020-06-28,Pennsylvania,241926052
2020-07-05,Pennsylvania,256800832
2020-07-12,Pennsylvania,236554855
2020-07-19,Pennsylvania,245054945
2020-07-26,Pennsylvania,236671014
2020-08-02,Pennsylvania,240341151
2020-08-09,Pennsylvania,234559739
2020-08-16,Pennsylvania,236828323
2020-08-23,Pennsylvania,232430387
2020-08-30,Pennsylvania,229315042
2020-09-06,Pennsylvania,227652613
2020-09-13,Pennsylvania,224021083
2020-09-20,Pennsylvania,218799935
2020-09-27,Pennsylvania,216568175
2020-10-04,Pennsylvania,219759186
2020-10-11,Pennsylvania,215291299
2020-10-18,Pennsylvania,209727400
2020-10-25,Pennsylvania,207682355
2020-11-01,Pennsylvania,205040628
2020-11-08,Pennsylvania,212199643
2020-11-15,Pennsylvania,212590605
2020-11-22,Pennsylvania,218627512
2020-11-29,Pennsylvania,210388605
2020-12-06,Pennsylvania,199752213
2020-12-13,Pennsylvania,215637351
2020-12-20,Pennsylvania,216383075
2020-12-27,Pennsylvania,214323880
2021-01-03,Pennsylvania,203326021
2021-01-10,Pennsylvania,203602343
2021-01-17,Pennsylvania,209376110
2021-01-24,Pennsylvania,197658988
2021-01-31,Pennsylvania,203994431
2021-02-07,Pennsylvania,206907756
2021-02-14,Pennsylvania,204289441
2021-02-21,Pennsylvania,200342851
2021-02-28,Pennsylvania,208783568
2021-03-07,Pennsylvania,218227304
2021-03-14,Pennsylvania,249366612
2021-03-21,Pennsylvania,240470033
2021-03-28,Pennsylvania,211715951
2021-04-04,Pennsylvania,219439092
2021-04-11,Pennsylvania,218655025
2021-04-18,Pennsylvania,214838318
2021-04-25,Pennsylvania,217674935
2021-05-02,Pennsylvania,228313605
2021-05-09,Pennsylvania,231070674
2021-05-16,Pennsylvania,234583162
2021-05-23,Pennsylvania,250456818
2021-05-30,Pennsylvania,244453366
2021-06-06,Pennsylvania,242433793
2021-06-13,Pennsylvania,254850786
2021-06-20,Pennsylvania,246575819
2021-06-27,Pennsylvania,249632549
2021-07-04,Pennsylvania,271012302
2021-07-11,Pennsylvania,250707017
2021-07-18,Pennsylvania,256160105
2021-07-25,Pennsylvania,254291473
2021-08-01,Pennsylvania,253933316
2021-08-08,Pennsylvania,248997322
2021-08-15,Pennsylvania,256219968
2021-08-22,Pennsylvania,247056896
2021-08-29,Pennsylvania,250825139
2021-09-05,Pennsylvania,247774680
2021-09-12,Pennsylvania,240001312
2021-09-19,Pennsylvania,238000028
2021-09-26,Pennsylvania,233962532
2021-10-03,Pennsylvania,341687183
2021-10-10,Pennsylvania,339686180
2021-10-17,Pennsylvania,328811498
2021-10-24,Pennsylvania,323821417
2021-10-31,Pennsylvania,319568517
2021-11-07,Pennsylvania,325928183
2021-11-14,Pennsylvania,332654785
2021-11-21,Pennsylvania,336849628
2021-11-28,Pennsylvania,314228014
2021-12-05,Pennsylvania,313904168
2021-12-12,Pennsylvania,331752966
2021-12-19,Pennsylvania,342758306
2021-12-26,Pennsylvania,334393038
2022-01-02,Pennsylvania,312074299
2022-01-09,Pennsylvania,312566272
2022-01-16,Pennsylvania,333199495
2022-01-23,Pennsylvania,303324800
2022-01-30,Pennsylvania,315496929
2022-02-06,Pennsylvania,318740775
2022-02-13,Pennsylvania,318755302
2022-02-20,Pennsylvania,310961557
2022-02-27,Pennsylvania,323065179
2022-03-06,Pennsylvania,325893348
2022-03-13,Pennsylvania,333847258
2022-03-20,Pennsylvania,331014707
2022-03-27,Pennsylvania,333173254
2022-04-03,Pennsylvania,341882200
2022-04-10,Pennsylvania,343808866
2022-04-17,Pennsylvania,355710750
2022-04-24,Pennsylvania,334455035
2022-05-01,Pennsylvania,352640398
2022-05-08,Pennsylvania,354632334
2022-05-15,Pennsylvania,361080994
2022-05-22,Pennsylvania,382457636
2022-05-29,Pennsylvania,373202808
2022-06-05,Pennsylvania,373086334
2022-06-12,Pennsylvania,373881703
2022-06-19,Pennsylvania,369264643
2022-06-26,Pennsylvania,376228591
2022-07-03,Pennsylvania,400773833
2022-07-10,Pennsylvania,374859760
2022-07-17,Pennsylvania,385936571
2022-07-24,Pennsylvania,380559276
2022-07-31,Pennsylvania,379297749
2022-08-07,Pennsylvania,380580838
2022-08-14,Pennsylvania,383793267
2022-08-21,Pennsylvania,376642047
2022-08-28,Pennsylvania,379061294
2022-09-04,Pennsylvania,378016232
2022-09-11,Pennsylvania,363329344
2022-09-18,Pennsylvania,365882492
2022-09-25,Pennsylvania,358012520
2022-10-02,Pennsylvania,358529095
2022-10-09,Pennsylvania,356804664
2022-10-16,Pennsylvania,352411073
2022-10-23,Pennsylvania,345996550
2022-10-30,Pennsylvania,343415692
2022-11-06,Pennsylvania,347145076
2022-11-13,Pennsylvania,351470197
2022-11-20,Pennsylvania,353253113
2022-11-27,Pennsylvania,350124372
2022-12-04,Pennsylvania,329211860
2022-12-11,Pennsylvania,349630225
2022-12-18,Pennsylvania,360122297
2022-12-25,Pennsylvania,373269582
2023-01-01,Pennsylvania,330275163
2023-01-08,Pennsylvania,330468915
2023-01-15,Pennsylvania,341977684
2023-01-22,Pennsylvania,325217205
2023-01-29,Pennsylvania,330353612
2023-02-05,Pennsylvania,335036733
2023-02-12,Pennsylvania,345049291
2023-02-19,Pennsylvania,337598545
2023-02-26,Pennsylvania,342074422
2023-03-05,Pennsylvania,354015329
2023-03-12,Pennsylvania,382958015
2023-03-19,Pennsylvania,373630833
2023-03-26,Pennsylvania,341287098
2023-04-02,Pennsylvania,352480721
2023-04-09,Pennsylvania,364103216
2023-04-16,Pennsylvania,370426792
2023-04-23,Pennsylvania,359074415
2023-04-30,Pennsylvania,361037223
2023-05-07,Pennsylvania,370133894
2019-10-06,Rhode Island,14853671
2019-10-13,Rhode Island,13852111
2019-10-20,Rhode Island,13265842
2019-10-27,Rhode Island,13320632
2019-11-03,Rhode Island,13856303
2019-11-10,Rhode Island,14151732
2019-11-17,Rhode Island,13802172
2019-11-24,Rhode Island,14064840
2019-12-01,Rhode Island,13851887
2019-12-08,Rhode Island,14346931
2019-12-15,Rhode Island,13660736
2019-12-22,Rhode Island,14871015
2019-12-29,Rhode Island,14479431
2020-01-05,Rhode Island,14508723
2020-01-12,Rhode Island,13460213
2020-01-19,Rhode Island,13821909
2020-01-26,Rhode Island,13665331
2020-02-02,Rhode Island,13718697
2020-02-09,Rhode Island,14421601
2020-02-16,Rhode Island,13245522
2020-02-23,Rhode Island,13451281
2020-03-01,Rhode Island,14290557
2020-03-08,Rhode Island,15533226
2020-03-15,Rhode Island,16069508
2020-03-22,Rhode Island,17031395
2020-03-29,Rhode Island,14606410
2020-04-05,Rhode Island,15614828
2020-04-12,Rhode Island,15083521
2020-04-19,Rhode Island,13908239
2020-04-26,Rhode Island,14217016
2020-05-03,Rhode Island,15581453
2020-05-10,Rhode Island,15969129
2020-05-17,Rhode Island,15895282
2020-05-24,Rhode Island,16903672
2020-05-31,Rhode Island,17519944
2020-06-07,Rhode Island,17506767
2020-06-14,Rhode Island,17243950
2020-06-21,Rhode Island,17104333
2020-06-28,Rhode Island,17784393
2020-07-05,Rhode Island,19947248
2020-07-12,Rhode Island,17818041
2020-07-19,Rhode Island,17530224
2020-07-26,Rhode Island,17701064
2020-08-02,Rhode Island,18638117
2020-08-09,Rhode Island,18287971
2020-08-16,Rhode Island,17104953
2020-08-23,Rhode Island,16266953
2020-08-30,Rhode Island,16170664
2020-09-06,Rhode Island,17064048
2020-09-13,Rhode Island,15562258
2020-09-20,Rhode Island,14909112
2020-09-27,Rhode Island,15194353
2020-10-04,Rhode Island,15666300
2020-10-11,Rhode Island,14882506
2020-10-18,Rhode Island,14269881
2020-10-25,Rhode Island,14485540
2020-11-01,Rhode Island,14239757
2020-11-08,Rhode Island,15522272
2020-11-15,Rhode Island,14661992
2020-11-22,Rhode Island,14731990
2020-11-29,Rhode Island,15360322
2020-12-06,Rhode Island,14258437
2020-12-13,Rhode Island,14656353
2020-12-20,Rhode Island,15210314
2020-12-27,Rhode Island,15734816
2021-01-03,Rhode Island,14645230
2021-01-10,Rhode Island,14421115
2021-01-17,Rhode Island,14687264
2021-01-24,Rhode Island,14649492
2021-01-31,Rhode Island,14322677
2021-02-07,Rhode Island,15657542
2021-02-14,Rhode Island,14493827
2021-02-21,Rhode Island,14463612
2021-02-28,Rhode Island,14868786
2021-03-07,Rhode Island,16310885
2021-03-14,Rhode Island,17329532
2021-03-21,Rhode Island,18108325
2021-03-28,Rhode Island,15849364
2021-04-04,Rhode Island,16257946
2021-04-11,Rhode Island,16436425
2021-04-18,Rhode Island,15576968
2021-04-25,Rhode Island,16104316
2021-05-02,Rhode Island,16583194
2021-05-09,Rhode Island,17442900
2021-05-16,Rhode Island,17397104
2021-05-23,Rhode Island,18587102
2021-05-30,Rhode Island,18426786
2021-06-06,Rhode Island,18711194
2021-06-13,Rhode Island,19207115
2021-06-20,Rhode Island,18857727
2021-06-27,Rhode Island,18958249
2021-07-04,Rhode Island,19914190
2021-07-11,Rhode Island,18920025
2021-07-18,Rhode Island,17901416
2021-07-25,Rhode Island,19150496
2021-08-01,Rhode Island,19169356
2021-08-08,Rhode Island,19610358
2021-08-15,Rhode Island,18919593
2021-08-22,Rhode Island,18521347
2021-08-29,Rhode Island,17802863
2021-09-05,Rhode Island,18013919
2021-09-12,Rhode Island,17732145
2021-09-19,Rhode Island,16507187
2021-09-26,Rhode Island,16466648
2021-10-03,Rhode Island,23725178
2021-10-10,Rhode Island,23868671
2021-10-17,Rhode Island,22798438
2021-10-24,Rhode Island,22549742
2021-10-31,Rhode Island,22111739
2021-11-07,Rhode Island,23698831
2021-11-14,Rhode Island,23191647
2021-11-21,Rhode Island,23742344
2021-11-28,Rhode Island,22516816
2021-12-05,Rhode Island,22869123
2021-12-12,Rhode Island,23300978
2021-12-19,Rhode Island,24223428
2021-12-26,Rhode Island,24309917
2022-01-02,Rhode Island,22264587
2022-01-09,Rhode Island,22772787
2022-01-16,Rhode Island,22890137
2022-01-23,Rhode Island,22572809
2022-01-30,Rhode Island,23319592
2022-02-06,Rhode Island,23357314
2022-02-13,Rhode Island,22953702
2022-02-20,Rhode Island,22272307
2022-02-27,Rhode Island,22907791
2022-03-06,Rhode Island,24059181
2022-03-13,Rhode Island,23462552
2022-03-20,Rhode Island,23950719
2022-03-27,Rhode Island,23741771
2022-04-03,Rhode Island,25065172
2022-04-10,Rhode Island,25080892
2022-04-17,Rhode Island,23816899
2022-04-24,Rhode Island,23825887
2022-05-01,Rhode Island,25106485
2022-05-08,Rhode Island,26216069
2022-05-15,Rhode Island,26284223
2022-05-22,Rhode Island,27833790
2022-05-29,Rhode Island,27658681
2022-06-05,Rhode Island,28181142
2022-06-12,Rhode Island,28026795
2022-06-19,Rhode Island,27233550
2022-06-26,Rhode Island,27730959
2022-07-03,Rhode Island,31263263
2022-07-10,Rhode Island,29295752
2022-07-17,Rhode Island,27964640
2022-07-24,Rhode Island,29127141
2022-07-31,Rhode Island,29307271
2022-08-07,Rhode Island,30340206
2022-08-14,Rhode Island,28191073
2022-08-21,Rhode Island,28164176
2022-08-28,Rhode Island,27354433
2022-09-04,Rhode Island,28296567
2022-09-11,Rhode Island,26219165
2022-09-18,Rhode Island,25401322
2022-09-25,Rhode Island,24647727
2022-10-02,Rhode Island,24908515
2022-10-09,Rhode Island,25367581
2022-10-16,Rhode Island,24305334
2022-10-23,Rhode Island,24293167
2022-10-30,Rhode Island,23709244
2022-11-06,Rhode Island,25600521
2022-11-13,Rhode Island,24777328
2022-11-20,Rhode Island,24545419
2022-11-27,Rhode Island,25523523
2022-12-04,Rhode Island,24246399
2022-12-11,Rhode Island,25189012
2022-12-18,Rhode Island,25134440
2022-12-25,Rhode Island,27164719
2023-01-01,Rhode Island,23545999
2023-01-08,Rhode Island,24992025
2023-01-15,Rhode Island,23889254
2023-01-22,Rhode Island,23757841
2023-01-29,Rhode Island,24385607
2023-02-05,Rhode Island,24833609
2023-02-12,Rhode Island,24628163
2023-02-19,Rhode Island,24154151
2023-02-26,Rhode Island,24253798
2023-03-05,Rhode Island,26251443
2023-03-12,Rhode Island,27144883
2023-03-19,Rhode Island,27579680
2023-03-26,Rhode Island,25041537
2023-04-02,Rhode Island,25506948
2023-04-09,Rhode Island,27104665
2023-04-16,Rhode Island,26660282
2023-04-23,Rhode Island,26266039
2023-04-30,Rhode Island,26462619
2023-05-07,Rhode Island,28258432
2019-10-06,South Carolina,114383017
2019-10-13,South Carolina,107997409
2019-10-20,South Carolina,102885416
2019-10-27,South Carolina,98847771
2019-11-03,South Carolina,101518325
2019-11-10,South Carolina,101041837
2019-11-17,South Carolina,98576580
2019-11-24,South Carolina,100831193
2019-12-01,South Carolina,97713917
2019-12-08,South Carolina,99273973
2019-12-15,South Carolina,97227124
2019-12-22,South Carolina,106241375
2019-12-29,South Carolina,97728797
2020-01-05,South Carolina,96859134
2020-01-12,South Carolina,97732879
2020-01-19,South Carolina,96976761
2020-01-26,South Carolina,93453835
2020-02-02,South Carolina,97486877
2020-02-09,South Carolina,99428920
2020-02-16,South Carolina,98121232
2020-02-23,South Carolina,96624312
2020-03-01,South Carolina,102674942
2020-03-08,South Carolina,105918812
2020-03-15,South Carolina,121301348
2020-03-22,South Carolina,115236524
2020-03-29,South Carolina,105584122
2020-04-05,South Carolina,109700821
2020-04-12,South Carolina,108773507
2020-04-19,South Carolina,108156430
2020-04-26,South Carolina,108820075
2020-05-03,South Carolina,116196588
2020-05-10,South Carolina,115219472
2020-05-17,South Carolina,118588431
2020-05-24,South Carolina,122171669
2020-05-31,South Carolina,118551509
2020-06-07,South Carolina,122039883
2020-06-14,South Carolina,118707107
2020-06-21,South Carolina,119479062
2020-06-28,South Carolina,126408582
2020-07-05,South Carolina,132593655
2020-07-12,South Carolina,122574667
2020-07-19,South Carolina,129859709
2020-07-26,South Carolina,124835596
2020-08-02,South Carolina,125876673
2020-08-09,South Carolina,125700126
2020-08-16,South Carolina,126603502
2020-08-23,South Carolina,120757152
2020-08-30,South Carolina,126932494
2020-09-06,South Carolina,123513393
2020-09-13,South Carolina,120250377
2020-09-20,South Carolina,114240209
2020-09-27,South Carolina,114367165
2020-10-04,South Carolina,118393333
2020-10-11,South Carolina,115546164
2020-10-18,South Carolina,111258894
2020-10-25,South Carolina,109199832
2020-11-01,South Carolina,108607871
2020-11-08,South Carolina,109323980
2020-11-15,South Carolina,107385644
2020-11-22,South Carolina,111742859
2020-11-29,South Carolina,106117751
2020-12-06,South Carolina,104097292
2020-12-13,South Carolina,107007214
2020-12-20,South Carolina,111763892
2020-12-27,South Carolina,103647586
2021-01-03,South Carolina,105691763
2021-01-10,South Carolina,105420670
2021-01-17,South Carolina,105451570
2021-01-24,South Carolina,101756190
2021-01-31,South Carolina,102663345
2021-02-07,South Carolina,105642956
2021-02-14,South Carolina,104817841
2021-02-21,South Carolina,102379033
2021-02-28,South Carolina,108628107
2021-03-07,South Carolina,112826155
2021-03-14,South Carolina,130590731
2021-03-21,South Carolina,124498179
2021-03-28,South Carolina,114332167
2021-04-04,South Carolina,119123090
2021-04-11,South Carolina,120645103
2021-04-18,South Carolina,118708738
2021-04-25,South Carolina,117551690
2021-05-02,South Carolina,123593132
2021-05-09,South Carolina,125587920
2021-05-16,South Carolina,125512878
2021-05-23,South Carolina,129573465
2021-05-30,South Carolina,129965455
2021-06-06,South Carolina,131297261
2021-06-13,South Carolina,132205677
2021-06-20,South Carolina,132108080
2021-06-27,South Carolina,133108994
2021-07-04,South Carolina,142350228
2021-07-11,South Carolina,132319092
2021-07-18,South Carolina,139656336
2021-07-25,South Carolina,135020319
2021-08-01,South Carolina,137103834
2021-08-08,South Carolina,132733260
2021-08-15,South Carolina,138477665
2021-08-22,South Carolina,131830740
2021-08-29,South Carolina,133754231
2021-09-05,South Carolina,139602832
2021-09-12,South Carolina,130647182
2021-09-19,South Carolina,126337749
2021-09-26,South Carolina,121546105
2021-10-03,South Carolina,180723407
2021-10-10,South Carolina,176599858
2021-10-17,South Carolina,177044108
2021-10-24,South Carolina,169100035
2021-10-31,South Carolina,166307533
2021-11-07,South Carolina,166607824
2021-11-14,South Carolina,169313002
2021-11-21,South Carolina,172579093
2021-11-28,South Carolina,159627451
2021-12-05,South Carolina,162585900
2021-12-12,South Carolina,162995925
2021-12-19,South Carolina,171199262
2021-12-26,South Carolina,166981961
2022-01-02,South Carolina,163551098
2022-01-09,South Carolina,162783064
2022-01-16,South Carolina,167542161
2022-01-23,South Carolina,157956138
2022-01-30,South Carolina,159023663
2022-02-06,South Carolina,165738850
2022-02-13,South Carolina,164866135
2022-02-20,South Carolina,163508228
2022-02-27,South Carolina,172198536
2022-03-06,South Carolina,175873738
2022-03-13,South Carolina,177614299
2022-03-20,South Carolina,176316871
2022-03-27,South Carolina,178770773
2022-04-03,South Carolina,181076192
2022-04-10,South Carolina,187262382
2022-04-17,South Carolina,189212253
2022-04-24,South Carolina,184741953
2022-05-01,South Carolina,191013792
2022-05-08,South Carolina,192637660
2022-05-15,South Carolina,191201415
2022-05-22,South Carolina,203399074
2022-05-29,South Carolina,203009781
2022-06-05,South Carolina,198193324
2022-06-12,South Carolina,199979552
2022-06-19,South Carolina,206203991
2022-06-26,South Carolina,206761069
2022-07-03,South Carolina,212484199
2022-07-10,South Carolina,203704957
2022-07-17,South Carolina,206196711
2022-07-24,South Carolina,204000301
2022-07-31,South Carolina,209504320
2022-08-07,South Carolina,209825158
2022-08-14,South Carolina,211971500
2022-08-21,South Carolina,201723507
2022-08-28,South Carolina,208685841
2022-09-04,South Carolina,207052636
2022-09-11,South Carolina,198776568
2022-09-18,South Carolina,200168053
2022-09-25,South Carolina,200145634
2022-10-02,South Carolina,202964629
2022-10-09,South Carolina,192621234
2022-10-16,South Carolina,192750334
2022-10-23,South Carolina,186735843
2022-10-30,South Carolina,180597389
2022-11-06,South Carolina,183072080
2022-11-13,South Carolina,182848873
2022-11-20,South Carolina,186596158
2022-11-27,South Carolina,179285281
2022-12-04,South Carolina,178047572
2022-12-11,South Carolina,179660743
2022-12-18,South Carolina,187471223
2022-12-25,South Carolina,186801489
2023-01-01,South Carolina,178693691
2023-01-08,South Carolina,176995113
2023-01-15,South Carolina,182273982
2023-01-22,South Carolina,171650115
2023-01-29,South Carolina,171331528
2023-02-05,South Carolina,178638946
2023-02-12,South Carolina,180928462
2023-02-19,South Carolina,179619574
2023-02-26,South Carolina,185148805
2023-03-05,South Carolina,193419521
2023-03-12,South Carolina,206941748
2023-03-19,South Carolina,199129767
2023-03-26,South Carolina,188420756
2023-04-02,South Carolina,195832713
2023-04-09,South Carolina,197534798
2023-04-16,South Carolina,197670443
2023-04-23,South Carolina,198810907
2023-04-30,South Carolina,200954411
2023-05-07,South Carolina,207827572
2019-10-06,South Dakota,15271120
2019-10-13,South Dakota,15392179
2019-10-20,South Dakota,15676481
2019-10-27,South Dakota,15250300
2019-11-03,South Dakota,14897185
2019-11-10,South Dakota,15098715
2019-11-17,South Dakota,16008107
2019-11-24,South Dakota,15467801
2019-12-01,South Dakota,14701327
2019-12-08,South Dakota,14563391
2019-12-15,South Dakota,16064025
2019-12-22,South Dakota,16742201
2019-12-29,South Dakota,15095225
2020-01-05,South Dakota,14584980
2020-01-12,South Dakota,15167398
2020-01-19,South Dakota,14677693
2020-01-26,South Dakota,14904570
2020-02-02,South Dakota,15408970
2020-02-09,South Dakota,14295837
2020-02-16,South Dakota,15171292
2020-02-23,South Dakota,15018603
2020-03-01,South Dakota,15685229
2020-03-08,South Dakota,16445448
2020-03-15,South Dakota,17515040
2020-03-22,South Dakota,16883066
2020-03-29,South Dakota,15718331
2020-04-05,South Dakota,16010215
2020-04-12,South Dakota,16171240
2020-04-19,South Dakota,16578223
2020-04-26,South Dakota,16518924
2020-05-03,South Dakota,17620604
2020-05-10,South Dakota,17242993
2020-05-17,South Dakota,17720866
2020-05-24,South Dakota,18289917
2020-05-31,South Dakota,17591968
2020-06-07,South Dakota,19638362
2020-06-14,South Dakota,19909808
2020-06-21,South Dakota,19448822
2020-06-28,South Dakota,20706381
2020-07-05,South Dakota,21446684
2020-07-12,South Dakota,19797094
2020-07-19,South Dakota,20270769
2020-07-26,South Dakota,19649057
2020-08-02,South Dakota,19718838
2020-08-09,South Dakota,20181077
2020-08-16,South Dakota,20104885
2020-08-23,South Dakota,19444087
2020-08-30,South Dakota,18701635
2020-09-06,South Dakota,18294091
2020-09-13,South Dakota,17251460
2020-09-20,South Dakota,17797392
2020-09-27,South Dakota,17283572
2020-10-04,South Dakota,16607853
2020-10-11,South Dakota,16853967
2020-10-18,South Dakota,16674281
2020-10-25,South Dakota,15660179
2020-11-01,South Dakota,15798141
2020-11-08,South Dakota,16533416
2020-11-15,South Dakota,16589583
2020-11-22,South Dakota,16721167
2020-11-29,South Dakota,15436615
2020-12-06,South Dakota,15634339
2020-12-13,South Dakota,16783125
2020-12-20,South Dakota,17144205
2020-12-27,South Dakota,16142224
2021-01-03,South Dakota,15773717
2021-01-10,South Dakota,15912125
2021-01-17,South Dakota,15851077
2021-01-24,South Dakota,15560399
2021-01-31,South Dakota,15736581
2021-02-07,South Dakota,15619897
2021-02-14,South Dakota,15643630
2021-02-21,South Dakota,15564950
2021-02-28,South Dakota,16320595
2021-03-07,South Dakota,17167338
2021-03-14,South Dakota,18900494
2021-03-21,South Dakota,17838606
2021-03-28,South Dakota,16660802
2021-04-04,South Dakota,17655542
2021-04-11,South Dakota,17329849
2021-04-18,South Dakota,16872003
2021-04-25,South Dakota,17765951
2021-05-02,South Dakota,18812183
2021-05-09,South Dakota,18081148
2021-05-16,South Dakota,18739050
2021-05-23,South Dakota,19742943
2021-05-30,South Dakota,19751915
2021-06-06,South Dakota,21278083
2021-06-13,South Dakota,21748015
2021-06-20,South Dakota,21546185
2021-06-27,South Dakota,21595076
2021-07-04,South Dakota,23658904
2021-07-11,South Dakota,20854708
2021-07-18,South Dakota,21734729
2021-07-25,South Dakota,22065420
2021-08-01,South Dakota,21566844
2021-08-08,South Dakota,22216319
2021-08-15,South Dakota,23853897
2021-08-22,South Dakota,21052543
2021-08-29,South Dakota,20265750
2021-09-05,South Dakota,20271008
2021-09-12,South Dakota,18873970
2021-09-19,South Dakota,19219386
2021-09-26,South Dakota,19121112
2021-10-03,South Dakota,26303345
2021-10-10,South Dakota,26411019
2021-10-17,South Dakota,25950714
2021-10-24,South Dakota,24802967
2021-10-31,South Dakota,24723617
2021-11-07,South Dakota,25141437
2021-11-14,South Dakota,25615142
2021-11-21,South Dakota,25404918
2021-11-28,South Dakota,24173894
2021-12-05,South Dakota,24109456
2021-12-12,South Dakota,25745864
2021-12-19,South Dakota,26628312
2021-12-26,South Dakota,25269496
2022-01-02,South Dakota,24421534
2022-01-09,South Dakota,24382756
2022-01-16,South Dakota,25161451
2022-01-23,South Dakota,24097439
2022-01-30,South Dakota,24745497
2022-02-06,South Dakota,24178742
2022-02-13,South Dakota,24840137
2022-02-20,South Dakota,24813224
2022-02-27,South Dakota,24932951
2022-03-06,South Dakota,26142223
2022-03-13,South Dakota,26043139
2022-03-20,South Dakota,27033561
2022-03-27,South Dakota,26345509
2022-04-03,South Dakota,27394215
2022-04-10,South Dakota,26262039
2022-04-17,South Dakota,27877346
2022-04-24,South Dakota,26202166
2022-05-01,South Dakota,27760749
2022-05-08,South Dakota,28122314
2022-05-15,South Dakota,29779176
2022-05-22,South Dakota,29490107
2022-05-29,South Dakota,30564534
2022-06-05,South Dakota,31133691
2022-06-12,South Dakota,32190860
2022-06-19,South Dakota,32696955
2022-06-26,South Dakota,32599629
2022-07-03,South Dakota,34242938
2022-07-10,South Dakota,31691050
2022-07-17,South Dakota,32895934
2022-07-24,South Dakota,32576162
2022-07-31,South Dakota,32311519
2022-08-07,South Dakota,33116872
2022-08-14,South Dakota,35828335
2022-08-21,South Dakota,30899092
2022-08-28,South Dakota,30005659
2022-09-04,South Dakota,30379794
2022-09-11,South Dakota,29086014
2022-09-18,South Dakota,29573605
2022-09-25,South Dakota,28387144
2022-10-02,South Dakota,27940575
2022-10-09,South Dakota,28029169
2022-10-16,South Dakota,28025866
2022-10-23,South Dakota,27164958
2022-10-30,South Dakota,26502942
2022-11-06,South Dakota,26862346
2022-11-13,South Dakota,27271878
2022-11-20,South Dakota,27720458
2022-11-27,South Dakota,26502628
2022-12-04,South Dakota,25773990
2022-12-11,South Dakota,27252181
2022-12-18,South Dakota,27963413
2022-12-25,South Dakota,28215951
2023-01-01,South Dakota,25916643
2023-01-08,South Dakota,25085727
2023-01-15,South Dakota,26827627
2023-01-22,South Dakota,25720897
2023-01-29,South Dakota,25917390
2023-02-05,South Dakota,25884511
2023-02-12,South Dakota,27801440
2023-02-19,South Dakota,26981683
2023-02-26,South Dakota,26132930
2023-03-05,South Dakota,28296887
2023-03-12,South Dakota,29087945
2023-03-19,South Dakota,29043897
2023-03-26,South Dakota,27328951
2023-04-02,South Dakota,27831589
2023-04-09,South Dakota,28869793
2023-04-16,South Dakota,29071952
2023-04-23,South Dakota,28914905
2023-04-30,South Dakota,30087804
2023-05-07,South Dakota,30904599
2019-10-06,Tennessee,155674238
2019-10-13,Tennessee,144130310
2019-10-20,Tennessee,139732668
2019-10-27,Tennessee,134319022
2019-11-03,Tennessee,136685980
2019-11-10,Tennessee,136324595
2019-11-17,Tennessee,135190491
2019-11-24,Tennessee,139393955
2019-12-01,Tennessee,133945173
2019-12-08,Tennessee,135426365
2019-12-15,Tennessee,135249583
2019-12-22,Tennessee,143837604
2019-12-29,Tennessee,136181226
2020-01-05,Tennessee,133107420
2020-01-12,Tennessee,133743338
2020-01-19,Tennessee,133174600
2020-01-26,Tennessee,128870419
2020-02-02,Tennessee,132609604
2020-02-09,Tennessee,132141058
2020-02-16,Tennessee,129634554
2020-02-23,Tennessee,130792972
2020-03-01,Tennessee,139507291
2020-03-08,Tennessee,146429789
2020-03-15,Tennessee,158684644
2020-03-22,Tennessee,153445821
2020-03-29,Tennessee,140061174
2020-04-05,Tennessee,148042745
2020-04-12,Tennessee,146683983
2020-04-19,Tennessee,147343447
2020-04-26,Tennessee,146800271
2020-05-03,Tennessee,155827619
2020-05-10,Tennessee,154583769
2020-05-17,Tennessee,158429364
2020-05-24,Tennessee,165753716
2020-05-31,Tennessee,160317262
2020-06-07,Tennessee,162676413
2020-06-14,Tennessee,163688558
2020-06-21,Tennessee,162441172
2020-06-28,Tennessee,162325746
2020-07-05,Tennessee,173939972
2020-07-12,Tennessee,165348595
2020-07-19,Tennessee,168284776
2020-07-26,Tennessee,162653534
2020-08-02,Tennessee,164098352
2020-08-09,Tennessee,167374216
2020-08-16,Tennessee,169028938
2020-08-23,Tennessee,162518556
2020-08-30,Tennessee,160376685
2020-09-06,Tennessee,167313185
2020-09-13,Tennessee,166162276
2020-09-20,Tennessee,162000007
2020-09-27,Tennessee,153161315
2020-10-04,Tennessee,159085809
2020-10-11,Tennessee,152184572
2020-10-18,Tennessee,151088439
2020-10-25,Tennessee,149058215
2020-11-01,Tennessee,146919256
2020-11-08,Tennessee,150118207
2020-11-15,Tennessee,149010433
2020-11-22,Tennessee,152893006
2020-11-29,Tennessee,145806795
2020-12-06,Tennessee,141511500
2020-12-13,Tennessee,146091196
2020-12-20,Tennessee,151754623
2020-12-27,Tennessee,146242222
2021-01-03,Tennessee,144863751
2021-01-10,Tennessee,145534816
2021-01-17,Tennessee,145423790
2021-01-24,Tennessee,140867016
2021-01-31,Tennessee,141317750
2021-02-07,Tennessee,144564282
2021-02-14,Tennessee,143265221
2021-02-21,Tennessee,138443611
2021-02-28,Tennessee,152040541
2021-03-07,Tennessee,157927424
2021-03-14,Tennessee,172301350
2021-03-21,Tennessee,167121384
2021-03-28,Tennessee,152222936
2021-04-04,Tennessee,160816224
2021-04-11,Tennessee,163283813
2021-04-18,Tennessee,161584036
2021-04-25,Tennessee,158579319
2021-05-02,Tennessee,166154761
2021-05-09,Tennessee,166121632
2021-05-16,Tennessee,168247049
2021-05-23,Tennessee,175021293
2021-05-30,Tennessee,173529251
2021-06-06,Tennessee,174692380
2021-06-13,Tennessee,177318204
2021-06-20,Tennessee,182887172
2021-06-27,Tennessee,174789167
2021-07-04,Tennessee,185125331
2021-07-11,Tennessee,176818979
2021-07-18,Tennessee,181890343
2021-07-25,Tennessee,179525336
2021-08-01,Tennessee,179931689
2021-08-08,Tennessee,183553300
2021-08-15,Tennessee,186501515
2021-08-22,Tennessee,176653708
2021-08-29,Tennessee,179713841
2021-09-05,Tennessee,181028776
2021-09-12,Tennessee,177280304
2021-09-19,Tennessee,173504125
2021-09-26,Tennessee,164359614
2021-10-03,Tennessee,244244870
2021-10-10,Tennessee,239728177
2021-10-17,Tennessee,237896333
2021-10-24,Tennessee,233290614
2021-10-31,Tennessee,229313039
2021-11-07,Tennessee,230197587
2021-11-14,Tennessee,234007513
2021-11-21,Tennessee,238791206
2021-11-28,Tennessee,220939630
2021-12-05,Tennessee,224771953
2021-12-12,Tennessee,227632845
2021-12-19,Tennessee,237893228
2021-12-26,Tennessee,232430156
2022-01-02,Tennessee,224767189
2022-01-09,Tennessee,221163584
2022-01-16,Tennessee,232413351
2022-01-23,Tennessee,215309649
2022-01-30,Tennessee,219249546
2022-02-06,Tennessee,224516171
2022-02-13,Tennessee,225524007
2022-02-20,Tennessee,218613740
2022-02-27,Tennessee,233514026
2022-03-06,Tennessee,241950510
2022-03-13,Tennessee,240827838
2022-03-20,Tennessee,239039594
2022-03-27,Tennessee,242009531
2022-04-03,Tennessee,248168046
2022-04-10,Tennessee,252377518
2022-04-17,Tennessee,252796423
2022-04-24,Tennessee,247631530
2022-05-01,Tennessee,255580296
2022-05-08,Tennessee,254369211
2022-05-15,Tennessee,259908048
2022-05-22,Tennessee,274411659
2022-05-29,Tennessee,263543147
2022-06-05,Tennessee,257824139
2022-06-12,Tennessee,260960599
2022-06-19,Tennessee,276362609
2022-06-26,Tennessee,270841107
2022-07-03,Tennessee,281650881
2022-07-10,Tennessee,267019121
2022-07-17,Tennessee,269218064
2022-07-24,Tennessee,270085372
2022-07-31,Tennessee,273364370
2022-08-07,Tennessee,279884067
2022-08-14,Tennessee,281964916
2022-08-21,Tennessee,271716139
2022-08-28,Tennessee,273613652
2022-09-04,Tennessee,279000553
2022-09-11,Tennessee,267382745
2022-09-18,Tennessee,267283151
2022-09-25,Tennessee,262818392
2022-10-02,Tennessee,268423833
2022-10-09,Tennessee,258166827
2022-10-16,Tennessee,257083138
2022-10-23,Tennessee,249615671
2022-10-30,Tennessee,244890147
2022-11-06,Tennessee,247831243
2022-11-13,Tennessee,248078955
2022-11-20,Tennessee,252021988
2022-11-27,Tennessee,244384957
2022-12-04,Tennessee,239754272
2022-12-11,Tennessee,243035327
2022-12-18,Tennessee,255439196
2022-12-25,Tennessee,260271337
2023-01-01,Tennessee,238471494
2023-01-08,Tennessee,234174813
2023-01-15,Tennessee,241146884
2023-01-22,Tennessee,227700587
2023-01-29,Tennessee,232326868
2023-02-05,Tennessee,238263896
2023-02-12,Tennessee,244895147
2023-02-19,Tennessee,243855297
2023-02-26,Tennessee,246705712
2023-03-05,Tennessee,263365665
2023-03-12,Tennessee,272208646
2023-03-19,Tennessee,261497090
2023-03-26,Tennessee,250826661
2023-04-02,Tennessee,261110232
2023-04-09,Tennessee,262632908
2023-04-16,Tennessee,263975661
2023-04-23,Tennessee,264857799
2023-04-30,Tennessee,265892238
2023-05-07,Tennessee,273499573
2019-10-06,Texas,541078907
2019-10-13,Texas,514652477
2019-10-20,Texas,484212181
2019-10-27,Texas,483599435
2019-11-03,Texas,481478333
2019-11-10,Texas,483320679
2019-11-17,Texas,478104629
2019-11-24,Texas,490235899
2019-12-01,Texas,472848726
2019-12-08,Texas,471710635
2019-12-15,Texas,481564976
2019-12-22,Texas,507804112
2019-12-29,Texas,467525422
2020-01-05,Texas,452390589
2020-01-12,Texas,466671049
2020-01-19,Texas,461142927
2020-01-26,Texas,452238817
2020-02-02,Texas,471958590
2020-02-09,Texas,461755209
2020-02-16,Texas,458900855
2020-02-23,Texas,457236540
2020-03-01,Texas,492419826
2020-03-08,Texas,513987489
2020-03-15,Texas,587593531
2020-03-22,Texas,553455243
2020-03-29,Texas,498719329
2020-04-05,Texas,490671369
2020-04-12,Texas,502582830
2020-04-19,Texas,511736396
2020-04-26,Texas,515487730
2020-05-03,Texas,538277575
2020-05-10,Texas,534010977
2020-05-17,Texas,542776800
2020-05-24,Texas,579200968
2020-05-31,Texas,544491664
2020-06-07,Texas,577567533
2020-06-14,Texas,584731656
2020-06-21,Texas,575978458
2020-06-28,Texas,558015179
2020-07-05,Texas,601072951
2020-07-12,Texas,586230214
2020-07-19,Texas,586136878
2020-07-26,Texas,558759620
2020-08-02,Texas,566934225
2020-08-09,Texas,598101048
2020-08-16,Texas,612342532
2020-08-23,Texas,594962351
2020-08-30,Texas,587830951
2020-09-06,Texas,578186225
2020-09-13,Texas,558426370
2020-09-20,Texas,552604069
2020-09-27,Texas,535440643
2020-10-04,Texas,555993589
2020-10-11,Texas,553150409
2020-10-18,Texas,537675846
2020-10-25,Texas,517086067
2020-11-01,Texas,499850544
2020-11-08,Texas,515400732
2020-11-15,Texas,515212246
2020-11-22,Texas,539488248
2020-11-29,Texas,496499365
2020-12-06,Texas,486652318
2020-12-13,Texas,509601474
2020-12-20,Texas,524094563
2020-12-27,Texas,499021081
2021-01-03,Texas,485954921
2021-01-10,Texas,495592761
2021-01-17,Texas,492394555
2021-01-24,Texas,481922320
2021-01-31,Texas,494403062
2021-02-07,Texas,508609493
2021-02-14,Texas,498618693
2021-02-21,Texas,505144380
2021-02-28,Texas,544512377
2021-03-07,Texas,547202849
2021-03-14,Texas,626790165
2021-03-21,Texas,593057396
2021-03-28,Texas,530931012
2021-04-04,Texas,532237093
2021-04-11,Texas,542908686
2021-04-18,Texas,534217661
2021-04-25,Texas,546096314
2021-05-02,Texas,562123905
2021-05-09,Texas,585712658
2021-05-16,Texas,570427145
2021-05-23,Texas,583267376
2021-05-30,Texas,593132909
2021-06-06,Texas,606902920
2021-06-13,Texas,635379158
2021-06-20,Texas,644970852
2021-06-27,Texas,611761164
2021-07-04,Texas,639236238
2021-07-11,Texas,604727977
2021-07-18,Texas,626723672
2021-07-25,Texas,607071960
2021-08-01,Texas,613570624
2021-08-08,Texas,628737508
2021-08-15,Texas,654731720
2021-08-22,Texas,643350117
2021-08-29,Texas,633347096
2021-09-05,Texas,640916100
2021-09-12,Texas,605811949
2021-09-19,Texas,605126912
2021-09-26,Texas,576513741
2021-10-03,Texas,846360996
2021-10-10,Texas,860378788
2021-10-17,Texas,821470951
2021-10-24,Texas,816123888
2021-10-31,Texas,803785398
2021-11-07,Texas,798078686
2021-11-14,Texas,813596080
2021-11-21,Texas,825496999
2021-11-28,Texas,753648979
2021-12-05,Texas,767109222
2021-12-12,Texas,797449709
2021-12-19,Texas,818184291
2021-12-26,Texas,790855957
2022-01-02,Texas,756947881
2022-01-09,Texas,762413549
2022-01-16,Texas,773239165
2022-01-23,Texas,757025431
2022-01-30,Texas,765830590
2022-02-06,Texas,777748296
2022-02-13,Texas,782679657
2022-02-20,Texas,782777958
2022-02-27,Texas,802452110
2022-03-06,Texas,816625522
2022-03-13,Texas,812675554
2022-03-20,Texas,833042210
2022-03-27,Texas,827095885
2022-04-03,Texas,850032374
2022-04-10,Texas,871634417
2022-04-17,Texas,870295163
2022-04-24,Texas,839737382
2022-05-01,Texas,850167887
2022-05-08,Texas,890296799
2022-05-15,Texas,898767554
2022-05-22,Texas,895583947
2022-05-29,Texas,920017258
2022-06-05,Texas,909654384
2022-06-12,Texas,949870391
2022-06-19,Texas,969023692
2022-06-26,Texas,940907762
2022-07-03,Texas,966249952
2022-07-10,Texas,936276204
2022-07-17,Texas,948093410
2022-07-24,Texas,941450753
2022-07-31,Texas,963109909
2022-08-07,Texas,979016831
2022-08-14,Texas,985374559
2022-08-21,Texas,956650830
2022-08-28,Texas,950231655
2022-09-04,Texas,971086409
2022-09-11,Texas,944672827
2022-09-18,Texas,931076823
2022-09-25,Texas,929950136
2022-10-02,Texas,919216523
2022-10-09,Texas,922684371
2022-10-16,Texas,901641946
2022-10-23,Texas,871009110
2022-10-30,Texas,850515310
2022-11-06,Texas,847475436
2022-11-13,Texas,852211525
2022-11-20,Texas,877944513
2022-11-27,Texas,817175269
2022-12-04,Texas,828531181
2022-12-11,Texas,863198650
2022-12-18,Texas,890163696
2022-12-25,Texas,883142797
2023-01-01,Texas,809153466
2023-01-08,Texas,811576957
2023-01-15,Texas,831013727
2023-01-22,Texas,803963606
2023-01-29,Texas,805963645
2023-02-05,Texas,809824257
2023-02-12,Texas,843860928
2023-02-19,Texas,824199487
2023-02-26,Texas,848193679
2023-03-05,Texas,898283675
2023-03-12,Texas,965979422
2023-03-19,Texas,921704775
2023-03-26,Texas,866642461
2023-04-02,Texas,877605066
2023-04-09,Texas,897717812
2023-04-16,Texas,908098471
2023-04-23,Texas,902732385
2023-04-30,Texas,913290167
2023-05-07,Texas,962022027
2019-10-06,Utah,46002034
2019-10-13,Utah,43950311
2019-10-20,Utah,45862186
2019-10-27,Utah,45883522
2019-11-03,Utah,43344284
2019-11-10,Utah,44258186
2019-11-17,Utah,46091047
2019-11-24,Utah,46655269
2019-12-01,Utah,42799316
2019-12-08,Utah,42990859
2019-12-15,Utah,45535737
2019-12-22,Utah,50629211
2019-12-29,Utah,45035394
2020-01-05,Utah,42867211
2020-01-12,Utah,42495523
2020-01-19,Utah,42668745
2020-01-26,Utah,43123445
2020-02-02,Utah,46361419
2020-02-09,Utah,42266559
2020-02-16,Utah,43844394
2020-02-23,Utah,44119026
2020-03-01,Utah,46708924
2020-03-08,Utah,49082930
2020-03-15,Utah,55451153
2020-03-22,Utah,50908406
2020-03-29,Utah,47066271
2020-04-05,Utah,46730367
2020-04-12,Utah,48139868
2020-04-19,Utah,49273340
2020-04-26,Utah,50139847
2020-05-03,Utah,52677004
2020-05-10,Utah,53341435
2020-05-17,Utah,52220029
2020-05-24,Utah,53426620
2020-05-31,Utah,52132627
2020-06-07,Utah,54771791
2020-06-14,Utah,54593470
2020-06-21,Utah,53991955
2020-06-28,Utah,57756300
2020-07-05,Utah,59980601
2020-07-12,Utah,55434790
2020-07-19,Utah,58560317
2020-07-26,Utah,55499838
2020-08-02,Utah,55710475
2020-08-09,Utah,55857710
2020-08-16,Utah,56385234
2020-08-23,Utah,55895035
2020-08-30,Utah,55317886
2020-09-06,Utah,54625584
2020-09-13,Utah,50329967
2020-09-20,Utah,51048791
2020-09-27,Utah,50455450
2020-10-04,Utah,50477556
2020-10-11,Utah,49615569
2020-10-18,Utah,49473221
2020-10-25,Utah,48951558
2020-11-01,Utah,47922674
2020-11-08,Utah,48714455
2020-11-15,Utah,47258153
2020-11-22,Utah,49897854
2020-11-29,Utah,46779680
2020-12-06,Utah,45529948
2020-12-13,Utah,47701087
2020-12-20,Utah,51023830
2020-12-27,Utah,49514486
2021-01-03,Utah,46487223
2021-01-10,Utah,45720490
2021-01-17,Utah,47076790
2021-01-24,Utah,46429621
2021-01-31,Utah,47480594
2021-02-07,Utah,47941986
2021-02-14,Utah,47015915
2021-02-21,Utah,46635433
2021-02-28,Utah,49120500
2021-03-07,Utah,53313224
2021-03-14,Utah,58770617
2021-03-21,Utah,54636094
2021-03-28,Utah,49923058
2021-04-04,Utah,52632058
2021-04-11,Utah,52299183
2021-04-18,Utah,50219773
2021-04-25,Utah,52949842
2021-05-02,Utah,56007115
2021-05-09,Utah,57583432
2021-05-16,Utah,56687106
2021-05-23,Utah,57644000
2021-05-30,Utah,59459477
2021-06-06,Utah,60565270
2021-06-13,Utah,58920404
2021-06-20,Utah,62263407
2021-06-27,Utah,60996360
2021-07-04,Utah,64984991
2021-07-11,Utah,60579076
2021-07-18,Utah,61593658
2021-07-25,Utah,61069517
2021-08-01,Utah,59394248
2021-08-08,Utah,59329981
2021-08-15,Utah,60656351
2021-08-22,Utah,58497125
2021-08-29,Utah,57573623
2021-09-05,Utah,60165615
2021-09-12,Utah,56620332
2021-09-19,Utah,56998192
2021-09-26,Utah,56100569
2021-10-03,Utah,78244234
2021-10-10,Utah,75874141
2021-10-17,Utah,75271623
2021-10-24,Utah,74602835
2021-10-31,Utah,74405507
2021-11-07,Utah,73559787
2021-11-14,Utah,74020918
2021-11-21,Utah,76822262
2021-11-28,Utah,70963541
2021-12-05,Utah,70621212
2021-12-12,Utah,73375000
2021-12-19,Utah,79281415
2021-12-26,Utah,77692275
2022-01-02,Utah,70611523
2022-01-09,Utah,70280805
2022-01-16,Utah,72737608
2022-01-23,Utah,70837611
2022-01-30,Utah,73468048
2022-02-06,Utah,73418460
2022-02-13,Utah,74270303
2022-02-20,Utah,72603084
2022-02-27,Utah,73960836
2022-03-06,Utah,77586798
2022-03-13,Utah,76383637
2022-03-20,Utah,78357863
2022-03-27,Utah,79620270
2022-04-03,Utah,81837858
2022-04-10,Utah,78038771
2022-04-17,Utah,80559640
2022-04-24,Utah,78729130
2022-05-01,Utah,81528141
2022-05-08,Utah,84612637
2022-05-15,Utah,82901430
2022-05-22,Utah,84186908
2022-05-29,Utah,86852590
2022-06-05,Utah,87654632
2022-06-12,Utah,90080446
2022-06-19,Utah,90948762
2022-06-26,Utah,90996915
2022-07-03,Utah,97738996
2022-07-10,Utah,91505962
2022-07-17,Utah,93370301
2022-07-24,Utah,92176631
2022-07-31,Utah,88275946
2022-08-07,Utah,87746234
2022-08-14,Utah,89318533
2022-08-21,Utah,87263410
2022-08-28,Utah,88644859
2022-09-04,Utah,90796250
2022-09-11,Utah,85704126
2022-09-18,Utah,82578747
2022-09-25,Utah,81583654
2022-10-02,Utah,82461166
2022-10-09,Utah,80715550
2022-10-16,Utah,79051882
2022-10-23,Utah,78997315
2022-10-30,Utah,76819843
2022-11-06,Utah,76788218
2022-11-13,Utah,77514267
2022-11-20,Utah,80800177
2022-11-27,Utah,78027638
2022-12-04,Utah,73883028
2022-12-11,Utah,76445233
2022-12-18,Utah,82619797
2022-12-25,Utah,85948631
2023-01-01,Utah,72618035
2023-01-08,Utah,72347102
2023-01-15,Utah,74997968
2023-01-22,Utah,74262694
2023-01-29,Utah,75155901
2023-02-05,Utah,76237505
2023-02-12,Utah,80090616
2023-02-19,Utah,77638645
2023-02-26,Utah,77673269
2023-03-05,Utah,83904754
2023-03-12,Utah,88790245
2023-03-19,Utah,84876141
2023-03-26,Utah,80341382
2023-04-02,Utah,80784702
2023-04-09,Utah,83693796
2023-04-16,Utah,82950875
2023-04-23,Utah,83207752
2023-04-30,Utah,87151461
2023-05-07,Utah,90346612
2019-10-06,Vermont,10654128
2019-10-13,Vermont,10493866
2019-10-20,Vermont,10034766
2019-10-27,Vermont,9732839
2019-11-03,Vermont,9998307
2019-11-10,Vermont,9914387
2019-11-17,Vermont,9824944
2019-11-24,Vermont,10234926
2019-12-01,Vermont,10140664
2019-12-08,Vermont,10098783
2019-12-15,Vermont,10100359
2019-12-22,Vermont,10840313
2019-12-29,Vermont,11284137
2020-01-05,Vermont,11286677
2020-01-12,Vermont,10094297
2020-01-19,Vermont,10459226
2020-01-26,Vermont,10013202
2020-02-02,Vermont,10422771
2020-02-09,Vermont,10245583
2020-02-16,Vermont,10251653
2020-02-23,Vermont,10627027
2020-03-01,Vermont,10321603
2020-03-08,Vermont,11002690
2020-03-15,Vermont,11435654
2020-03-22,Vermont,11830941
2020-03-29,Vermont,10444062
2020-04-05,Vermont,10611241
2020-04-12,Vermont,10412629
2020-04-19,Vermont,10470686
2020-04-26,Vermont,10511675
2020-05-03,Vermont,11244376
2020-05-10,Vermont,11252154
2020-05-17,Vermont,11248781
2020-05-24,Vermont,12564025
2020-05-31,Vermont,12529766
2020-06-07,Vermont,12511161
2020-06-14,Vermont,12200507
2020-06-21,Vermont,12877303
2020-06-28,Vermont,13067929
2020-07-05,Vermont,14477900
2020-07-12,Vermont,13581080
2020-07-19,Vermont,13160168
2020-07-26,Vermont,13076994
2020-08-02,Vermont,13621460
2020-08-09,Vermont,12830791
2020-08-16,Vermont,12847283
2020-08-23,Vermont,12018681
2020-08-30,Vermont,11781952
2020-09-06,Vermont,11742211
2020-09-13,Vermont,11410464
2020-09-20,Vermont,10928516
2020-09-27,Vermont,11274684
2020-10-04,Vermont,11398364
2020-10-11,Vermont,11173347
2020-10-18,Vermont,10964926
2020-10-25,Vermont,10672287
2020-11-01,Vermont,10550546
2020-11-08,Vermont,10915170
2020-11-15,Vermont,10771670
2020-11-22,Vermont,10874180
2020-11-29,Vermont,10819020
2020-12-06,Vermont,10650734
2020-12-13,Vermont,10595475
2020-12-20,Vermont,10830190
2020-12-27,Vermont,11761644
2021-01-03,Vermont,11494781
2021-01-10,Vermont,10942796
2021-01-17,Vermont,10703796
2021-01-24,Vermont,10635883
2021-01-31,Vermont,10799389
2021-02-07,Vermont,10992666
2021-02-14,Vermont,10792892
2021-02-21,Vermont,11079750
2021-02-28,Vermont,10854414
2021-03-07,Vermont,11517988
2021-03-14,Vermont,12010396
2021-03-21,Vermont,12539026
2021-03-28,Vermont,11222143
2021-04-04,Vermont,11275937
2021-04-11,Vermont,11243964
2021-04-18,Vermont,11028639
2021-04-25,Vermont,11336823
2021-05-02,Vermont,11912435
2021-05-09,Vermont,11994926
2021-05-16,Vermont,12174721
2021-05-23,Vermont,13910948
2021-05-30,Vermont,13487132
2021-06-06,Vermont,13043593
2021-06-13,Vermont,13342857
2021-06-20,Vermont,13908880
2021-06-27,Vermont,13628238
2021-07-04,Vermont,14328350
2021-07-11,Vermont,13843774
2021-07-18,Vermont,13433531
2021-07-25,Vermont,13661363
2021-08-01,Vermont,13464126
2021-08-08,Vermont,13735041
2021-08-15,Vermont,14357893
2021-08-22,Vermont,13064025
2021-08-29,Vermont,12916090
2021-09-05,Vermont,12654207
2021-09-12,Vermont,12307859
2021-09-19,Vermont,11854055
2021-09-26,Vermont,12191094
2021-10-03,Vermont,17208123
2021-10-10,Vermont,17238409
2021-10-17,Vermont,16867636
2021-10-24,Vermont,16095630
2021-10-31,Vermont,15986865
2021-11-07,Vermont,16450799
2021-11-14,Vermont,16477180
2021-11-21,Vermont,16714318
2021-11-28,Vermont,16052504
2021-12-05,Vermont,16412109
2021-12-12,Vermont,16128337
2021-12-19,Vermont,17427392
2021-12-26,Vermont,17740468
2022-01-02,Vermont,17602152
2022-01-09,Vermont,16658675
2022-01-16,Vermont,16914502
2022-01-23,Vermont,16263822
2022-01-30,Vermont,16366358
2022-02-06,Vermont,17004640
2022-02-13,Vermont,16689059
2022-02-20,Vermont,16725384
2022-02-27,Vermont,16700359
2022-03-06,Vermont,17086731
2022-03-13,Vermont,16804677
2022-03-20,Vermont,17123995
2022-03-27,Vermont,16939633
2022-04-03,Vermont,17273732
2022-04-10,Vermont,16901303
2022-04-17,Vermont,17514824
2022-04-24,Vermont,16530617
2022-05-01,Vermont,17584378
2022-05-08,Vermont,18223424
2022-05-15,Vermont,19138994
2022-05-22,Vermont,20057254
2022-05-29,Vermont,19462028
2022-06-05,Vermont,20243384
2022-06-12,Vermont,19894380
2022-06-19,Vermont,20105333
2022-06-26,Vermont,20273985
2022-07-03,Vermont,22844305
2022-07-10,Vermont,21109350
2022-07-17,Vermont,21496521
2022-07-24,Vermont,21507024
2022-07-31,Vermont,21055279
2022-08-07,Vermont,21576116
2022-08-14,Vermont,20866311
2022-08-21,Vermont,19885724
2022-08-28,Vermont,19708102
2022-09-04,Vermont,19188721
2022-09-11,Vermont,18020623
2022-09-18,Vermont,18198310
2022-09-25,Vermont,17772235
2022-10-02,Vermont,17781060
2022-10-09,Vermont,18224034
2022-10-16,Vermont,17842758
2022-10-23,Vermont,17253872
2022-10-30,Vermont,17001670
2022-11-06,Vermont,17483212
2022-11-13,Vermont,16990549
2022-11-20,Vermont,17076820
2022-11-27,Vermont,17415651
2022-12-04,Vermont,16973330
2022-12-11,Vermont,17078050
2022-12-18,Vermont,17867737
2022-12-25,Vermont,19232544
2023-01-01,Vermont,18254415
2023-01-08,Vermont,17426156
2023-01-15,Vermont,17048539
2023-01-22,Vermont,17196042
2023-01-29,Vermont,17032340
2023-02-05,Vermont,17520094
2023-02-12,Vermont,17722087
2023-02-19,Vermont,17621735
2023-02-26,Vermont,17333835
2023-03-05,Vermont,18343682
2023-03-12,Vermont,18511581
2023-03-19,Vermont,19111463
2023-03-26,Vermont,17260096
2023-04-02,Vermont,17377273
2023-04-09,Vermont,18173575
2023-04-16,Vermont,18162049
2023-04-23,Vermont,17623203
2023-04-30,Vermont,18276857
2023-05-07,Vermont,19494926
2019-10-06,Virginia,172066423
2019-10-13,Virginia,161601645
2019-10-20,Virginia,153893495
2019-10-27,Virginia,150809622
2019-11-03,Virginia,156968155
2019-11-10,Virginia,155391291
2019-11-17,Virginia,151880467
2019-11-24,Virginia,154500701
2019-12-01,Virginia,153170304
2019-12-08,Virginia,155885205
2019-12-15,Virginia,151159938
2019-12-22,Virginia,163692375
2019-12-29,Virginia,151352893
2020-01-05,Virginia,152001837
2020-01-12,Virginia,152855580
2020-01-19,Virginia,145982252
2020-01-26,Virginia,144337569
2020-02-02,Virginia,150953057
2020-02-09,Virginia,152055733
2020-02-16,Virginia,148167205
2020-02-23,Virginia,148804133
2020-03-01,Virginia,158527801
2020-03-08,Virginia,163409249
2020-03-15,Virginia,188754728
2020-03-22,Virginia,176342493
2020-03-29,Virginia,161690146
2020-04-05,Virginia,166942310
2020-04-12,Virginia,165311737
2020-04-19,Virginia,166221230
2020-04-26,Virginia,166146355
2020-05-03,Virginia,176705173
2020-05-10,Virginia,175163330
2020-05-17,Virginia,175645455
2020-05-24,Virginia,181602899
2020-05-31,Virginia,180652170
2020-06-07,Virginia,185516072
2020-06-14,Virginia,182008194
2020-06-21,Virginia,177589601
2020-06-28,Virginia,190019012
2020-07-05,Virginia,199524865
2020-07-12,Virginia,187064332
2020-07-19,Virginia,191619754
2020-07-26,Virginia,183961730
2020-08-02,Virginia,187624235
2020-08-09,Virginia,184209933
2020-08-16,Virginia,179700730
2020-08-23,Virginia,178591806
2020-08-30,Virginia,182383627
2020-09-06,Virginia,186222413
2020-09-13,Virginia,173220384
2020-09-20,Virginia,168928097
2020-09-27,Virginia,168797590
2020-10-04,Virginia,176217089
2020-10-11,Virginia,169654399
2020-10-18,Virginia,163050882
2020-10-25,Virginia,165623748
2020-11-01,Virginia,165112481
2020-11-08,Virginia,167596233
2020-11-15,Virginia,163694977
2020-11-22,Virginia,168158835
2020-11-29,Virginia,163619179
2020-12-06,Virginia,159632428
2020-12-13,Virginia,162737264
2020-12-20,Virginia,168096273
2020-12-27,Virginia,160600536
2021-01-03,Virginia,161285295
2021-01-10,Virginia,158932759
2021-01-17,Virginia,159488853
2021-01-24,Virginia,156698362
2021-01-31,Virginia,160272674
2021-02-07,Virginia,160563408
2021-02-14,Virginia,155848250
2021-02-21,Virginia,157894230
2021-02-28,Virginia,163796229
2021-03-07,Virginia,174612377
2021-03-14,Virginia,200079906
2021-03-21,Virginia,188758958
2021-03-28,Virginia,173111525
2021-04-04,Virginia,178524305
2021-04-11,Virginia,180011223
2021-04-18,Virginia,176271631
2021-04-25,Virginia,175065614
2021-05-02,Virginia,187739403
2021-05-09,Virginia,187731621
2021-05-16,Virginia,184915271
2021-05-23,Virginia,190347001
2021-05-30,Virginia,191434284
2021-06-06,Virginia,197856116
2021-06-13,Virginia,195582842
2021-06-20,Virginia,191339932
2021-06-27,Virginia,195554733
2021-07-04,Virginia,211924902
2021-07-11,Virginia,199497004
2021-07-18,Virginia,204653908
2021-07-25,Virginia,199486535
2021-08-01,Virginia,200020469
2021-08-08,Virginia,194229805
2021-08-15,Virginia,196460321
2021-08-22,Virginia,192954390
2021-08-29,Virginia,200620478
2021-09-05,Virginia,199876305
2021-09-12,Virginia,188586877
2021-09-19,Virginia,187006075
2021-09-26,Virginia,178228310
2021-10-03,Virginia,271048031
2021-10-10,Virginia,264267113
2021-10-17,Virginia,257032021
2021-10-24,Virginia,256856676
2021-10-31,Virginia,255221502
2021-11-07,Virginia,254210851
2021-11-14,Virginia,257365910
2021-11-21,Virginia,260709600
2021-11-28,Virginia,246183598
2021-12-05,Virginia,252428302
2021-12-12,Virginia,250214046
2021-12-19,Virginia,262572653
2021-12-26,Virginia,252987751
2022-01-02,Virginia,247570917
2022-01-09,Virginia,248898889
2022-01-16,Virginia,250857872
2022-01-23,Virginia,240630000
2022-01-30,Virginia,246332113
2022-02-06,Virginia,247718808
2022-02-13,Virginia,247796846
2022-02-20,Virginia,245704581
2022-02-27,Virginia,254539797
2022-03-06,Virginia,263806233
2022-03-13,Virginia,266351669
2022-03-20,Virginia,267757777
2022-03-27,Virginia,269389622
2022-04-03,Virginia,272520470
2022-04-10,Virginia,277964646
2022-04-17,Virginia,282253256
2022-04-24,Virginia,274802222
2022-05-01,Virginia,290727348
2022-05-08,Virginia,284854597
2022-05-15,Virginia,279296130
2022-05-22,Virginia,302860488
2022-05-29,Virginia,292593331
2022-06-05,Virginia,295835576
2022-06-12,Virginia,290185531
2022-06-19,Virginia,299528811
2022-06-26,Virginia,296107450
2022-07-03,Virginia,313281997
2022-07-10,Virginia,294810632
2022-07-17,Virginia,302418266
2022-07-24,Virginia,298574850
2022-07-31,Virginia,298870973
2022-08-07,Virginia,302468893
2022-08-14,Virginia,302020483
2022-08-21,Virginia,295293415
2022-08-28,Virginia,306222919
2022-09-04,Virginia,309506677
2022-09-11,Virginia,289237582
2022-09-18,Virginia,291679545
2022-09-25,Virginia,287218015
2022-10-02,Virginia,288864320
2022-10-09,Virginia,278024414
2022-10-16,Virginia,276442480
2022-10-23,Virginia,270821530
2022-10-30,Virginia,270254957
2022-11-06,Virginia,273249495
2022-11-13,Virginia,272549134
2022-11-20,Virginia,276320017
2022-11-27,Virginia,267855343
2022-12-04,Virginia,265354902
2022-12-11,Virginia,269510630
2022-12-18,Virginia,281170584
2022-12-25,Virginia,279780285
2023-01-01,Virginia,262853194
2023-01-08,Virginia,263411853
2023-01-15,Virginia,268174663
2023-01-22,Virginia,255636483
2023-01-29,Virginia,257988853
2023-02-05,Virginia,264660031
2023-02-12,Virginia,270253070
2023-02-19,Virginia,271129890
2023-02-26,Virginia,274063689
2023-03-05,Virginia,289520255
2023-03-12,Virginia,307916269
2023-03-19,Virginia,297202719
2023-03-26,Virginia,279532595
2023-04-02,Virginia,286229977
2023-04-09,Virginia,293839744
2023-04-16,Virginia,297359967
2023-04-23,Virginia,294647609
2023-04-30,Virginia,295973428
2023-05-07,Virginia,301772658
2019-10-06,Washington,105763908
2019-10-13,Washington,104339594
2019-10-20,Washington,102402217
2019-10-27,Washington,99549903
2019-11-03,Washington,101445077
2019-11-10,Washington,102493531
2019-11-17,Washington,103838635
2019-11-24,Washington,103657674
2019-12-01,Washington,100959342
2019-12-08,Washington,102506228
2019-12-15,Washington,104798163
2019-12-22,Washington,113080403
2019-12-29,Washington,100706539
2020-01-05,Washington,101422957
2020-01-12,Washington,103079612
2020-01-19,Washington,99153199
2020-01-26,Washington,99473246
2020-02-02,Washington,104126832
2020-02-09,Washington,104104167
2020-02-16,Washington,97362063
2020-02-23,Washington,99950409
2020-03-01,Washington,107477573
2020-03-08,Washington,111388535
2020-03-15,Washington,121698993
2020-03-22,Washington,119323649
2020-03-29,Washington,105643796
2020-04-05,Washington,108192713
2020-04-12,Washington,110225508
2020-04-19,Washington,113724188
2020-04-26,Washington,109935675
2020-05-03,Washington,118100977
2020-05-10,Washington,127920488
2020-05-17,Washington,117697089
2020-05-24,Washington,120918669
2020-05-31,Washington,119281232
2020-06-07,Washington,120382319
2020-06-14,Washington,123717766
2020-06-21,Washington,120673195
2020-06-28,Washington,124796648
2020-07-05,Washington,125649881
2020-07-12,Washington,120901347
2020-07-19,Washington,126359721
2020-07-26,Washington,127771348
2020-08-02,Washington,133188125
2020-08-09,Washington,125952535
2020-08-16,Washington,126432915
2020-08-23,Washington,122110122
2020-08-30,Washington,124259318
2020-09-06,Washington,124581759
2020-09-13,Washington,117662826
2020-09-20,Washington,111632322
2020-09-27,Washington,108526971
2020-10-04,Washington,112825238
2020-10-11,Washington,110684503
2020-10-18,Washington,106590824
2020-10-25,Washington,104835484
2020-11-01,Washington,108548730
2020-11-08,Washington,108425959
2020-11-15,Washington,107706417
2020-11-22,Washington,112227700
2020-11-29,Washington,105174025
2020-12-06,Washington,107995295
2020-12-13,Washington,109944087
2020-12-20,Washington,116309572
2020-12-27,Washington,107114656
2021-01-03,Washington,108217572
2021-01-10,Washington,109823465
2021-01-17,Washington,106760567
2021-01-24,Washington,105331134
2021-01-31,Washington,106648446
2021-02-07,Washington,109182532
2021-02-14,Washington,106007769
2021-02-21,Washington,105673904
2021-02-28,Washington,111021561
2021-03-07,Washington,116941150
2021-03-14,Washington,127222360
2021-03-21,Washington,123748906
2021-03-28,Washington,109799217
2021-04-04,Washington,116874861
2021-04-11,Washington,118476152
2021-04-18,Washington,124594636
2021-04-25,Washington,120861513
2021-05-02,Washington,124200173
2021-05-09,Washington,130700689
2021-05-16,Washington,130615127
2021-05-23,Washington,126138211
2021-05-30,Washington,128402100
2021-06-06,Washington,130216903
2021-06-13,Washington,125357944
2021-06-20,Washington,134192933
2021-06-27,Washington,145342545
2021-07-04,Washington,142870874
2021-07-11,Washington,132607061
2021-07-18,Washington,137489728
2021-07-25,Washington,137360142
2021-08-01,Washington,142523539
2021-08-08,Washington,136393049
2021-08-15,Washington,140790143
2021-08-22,Washington,131807622
2021-08-29,Washington,128473713
2021-09-05,Washington,135333469
2021-09-12,Washington,129432392
2021-09-19,Washington,121231207
2021-09-26,Washington,119610947
2021-10-03,Washington,173143477
2021-10-10,Washington,170162893
2021-10-17,Washington,167421377
2021-10-24,Washington,163190223
2021-10-31,Washington,165155956
2021-11-07,Washington,164199928
2021-11-14,Washington,168652230
2021-11-21,Washington,170098808
2021-11-28,Washington,158370542
2021-12-05,Washington,164503607
2021-12-12,Washington,168854026
2021-12-19,Washington,177080923
2021-12-26,Washington,166593896
2022-01-02,Washington,161762010
2022-01-09,Washington,166032159
2022-01-16,Washington,167157717
2022-01-23,Washington,164346106
2022-01-30,Washington,164024827
2022-02-06,Washington,170138891
2022-02-13,Washington,163459979
2022-02-20,Washington,160798545
2022-02-27,Washington,165041501
2022-03-06,Washington,171832948
2022-03-13,Washington,172443375
2022-03-20,Washington,174739185
2022-03-27,Washington,172332060
2022-04-03,Washington,177811519
2022-04-10,Washington,173850320
2022-04-17,Washington,185583529
2022-04-24,Washington,177382652
2022-05-01,Washington,185282379
2022-05-08,Washington,191812755
2022-05-15,Washington,189038308
2022-05-22,Washington,187445495
2022-05-29,Washington,191419160
2022-06-05,Washington,192140102
2022-06-12,Washington,195542842
2022-06-19,Washington,194298028
2022-06-26,Washington,213212072
2022-07-03,Washington,213331560
2022-07-10,Washington,199809591
2022-07-17,Washington,202846648
2022-07-24,Washington,205218551
2022-07-31,Washington,216107723
2022-08-07,Washington,206136814
2022-08-14,Washington,207721411
2022-08-21,Washington,197668602
2022-08-28,Washington,198708266
2022-09-04,Washington,201258179
2022-09-11,Washington,191922359
2022-09-18,Washington,183687055
2022-09-25,Washington,181678982
2022-10-02,Washington,181472967
2022-10-09,Washington,181190007
2022-10-16,Washington,177515318
2022-10-23,Washington,172848242
2022-10-30,Washington,171748533
2022-11-06,Washington,172511051
2022-11-13,Washington,173273334
2022-11-20,Washington,180770466
2022-11-27,Washington,172251421
2022-12-04,Washington,170942767
2022-12-11,Washington,176451625
2022-12-18,Washington,185957278
2022-12-25,Washington,180973702
2023-01-01,Washington,167220717
2023-01-08,Washington,173888699
2023-01-15,Washington,173124788
2023-01-22,Washington,169139520
2023-01-29,Washington,170124244
2023-02-05,Washington,172039129
2023-02-12,Washington,178619260
2023-02-19,Washington,171916008
2023-02-26,Washington,174541337
2023-03-05,Washington,183342555
2023-03-12,Washington,193005316
2023-03-19,Washington,190162701
2023-03-26,Washington,177118420
2023-04-02,Washington,180139569
2023-04-09,Washington,189468341
2023-04-16,Washington,186078146
2023-04-23,Washington,183827308
2023-04-30,Washington,195255996
2023-05-07,Washington,201179479
2019-10-06,West Virginia,45374729
2019-10-13,West Virginia,42164049
2019-10-20,West Virginia,38465749
2019-10-27,West Virginia,37769050
2019-11-03,West Virginia,39411931
2019-11-10,West Virginia,40368204
2019-11-17,West Virginia,38165784
2019-11-24,West Virginia,38850553
2019-12-01,West Virginia,38228550
2019-12-08,West Virginia,39876563
2019-12-15,West Virginia,39020265
2019-12-22,West Virginia,39733872
2019-12-29,West Virginia,37371772
2020-01-05,West Virginia,39515530
2020-01-12,West Virginia,40469847
2020-01-19,West Virginia,37593550
2020-01-26,West Virginia,37000483
2020-02-02,West Virginia,37965137
2020-02-09,West Virginia,40027527
2020-02-16,West Virginia,37831285
2020-02-23,West Virginia,37679972
2020-03-01,West Virginia,41365082
2020-03-08,West Virginia,42542348
2020-03-15,West Virginia,46329093
2020-03-22,West Virginia,45742605
2020-03-29,West Virginia,39704240
2020-04-05,West Virginia,42406844
2020-04-12,West Virginia,44622626
2020-04-19,West Virginia,42088579
2020-04-26,West Virginia,41845671
2020-05-03,West Virginia,45386372
2020-05-10,West Virginia,46665321
2020-05-17,West Virginia,45314230
2020-05-24,West Virginia,47497210
2020-05-31,West Virginia,47049173
2020-06-07,West Virginia,49346856
2020-06-14,West Virginia,48300537
2020-06-21,West Virginia,45134452
2020-06-28,West Virginia,46802342
2020-07-05,West Virginia,51979692
2020-07-12,West Virginia,48877614
2020-07-19,West Virginia,48445591
2020-07-26,West Virginia,46086420
2020-08-02,West Virginia,46797382
2020-08-09,West Virginia,48388940
2020-08-16,West Virginia,47556679
2020-08-23,West Virginia,45580542
2020-08-30,West Virginia,45367765
2020-09-06,West Virginia,47293907
2020-09-13,West Virginia,47551030
2020-09-20,West Virginia,43912690
2020-09-27,West Virginia,43194334
2020-10-04,West Virginia,45261604
2020-10-11,West Virginia,44576952
2020-10-18,West Virginia,41723665
2020-10-25,West Virginia,41389497
2020-11-01,West Virginia,40916621
2020-11-08,West Virginia,43413285
2020-11-15,West Virginia,42156657
2020-11-22,West Virginia,41861134
2020-11-29,West Virginia,40189419
2020-12-06,West Virginia,40731935
2020-12-13,West Virginia,41513427
2020-12-20,West Virginia,40782924
2020-12-27,West Virginia,39476417
2021-01-03,West Virginia,40991525
2021-01-10,West Virginia,43127643
2021-01-17,West Virginia,41657173
2021-01-24,West Virginia,38830025
2021-01-31,West Virginia,39954309
2021-02-07,West Virginia,42616214
2021-02-14,West Virginia,40975558
2021-02-21,West Virginia,39287973
2021-02-28,West Virginia,41951629
2021-03-07,West Virginia,45879562
2021-03-14,West Virginia,49643332
2021-03-21,West Virginia,49317077
2021-03-28,West Virginia,43325118
2021-04-04,West Virginia,45228378
2021-04-11,West Virginia,48967242
2021-04-18,West Virginia,44790017
2021-04-25,West Virginia,45503832
2021-05-02,West Virginia,47731133
2021-05-09,West Virginia,49087005
2021-05-16,West Virginia,48565502
2021-05-23,West Virginia,50637719
2021-05-30,West Virginia,51141617
2021-06-06,West Virginia,52005187
2021-06-13,West Virginia,52441621
2021-06-20,West Virginia,49020132
2021-06-27,West Virginia,48647523
2021-07-04,West Virginia,53976213
2021-07-11,West Virginia,51681309
2021-07-18,West Virginia,51619195
2021-07-25,West Virginia,50587313
2021-08-01,West Virginia,50588393
2021-08-08,West Virginia,51784540
2021-08-15,West Virginia,51606383
2021-08-22,West Virginia,48217705
2021-08-29,West Virginia,49288112
2021-09-05,West Virginia,49298765
2021-09-12,West Virginia,49584877
2021-09-19,West Virginia,48024040
2021-09-26,West Virginia,45557693
2021-10-03,West Virginia,67883113
2021-10-10,West Virginia,70399280
2021-10-17,West Virginia,66043678
2021-10-24,West Virginia,63842049
2021-10-31,West Virginia,63324231
2021-11-07,West Virginia,67251490
2021-11-14,West Virginia,66612660
2021-11-21,West Virginia,65121440
2021-11-28,West Virginia,60973907
2021-12-05,West Virginia,64272871
2021-12-12,West Virginia,65040774
2021-12-19,West Virginia,65395194
2021-12-26,West Virginia,62894154
2022-01-02,West Virginia,62574613
2022-01-09,West Virginia,65536847
2022-01-16,West Virginia,65977530
2022-01-23,West Virginia,59321562
2022-01-30,West Virginia,60682206
2022-02-06,West Virginia,65299885
2022-02-13,West Virginia,65081501
2022-02-20,West Virginia,61789071
2022-02-27,West Virginia,66154613
2022-03-06,West Virginia,69455420
2022-03-13,West Virginia,69900352
2022-03-20,West Virginia,67501870
2022-03-27,West Virginia,67529122
2022-04-03,West Virginia,69274026
2022-04-10,West Virginia,74097573
2022-04-17,West Virginia,72078836
2022-04-24,West Virginia,68168618
2022-05-01,West Virginia,72863254
2022-05-08,West Virginia,74749669
2022-05-15,West Virginia,73227904
2022-05-22,West Virginia,75824754
2022-05-29,West Virginia,72996966
2022-06-05,West Virginia,75400185
2022-06-12,West Virginia,74937530
2022-06-19,West Virginia,73102634
2022-06-26,West Virginia,72747321
2022-07-03,West Virginia,78622911
2022-07-10,West Virginia,76261142
2022-07-17,West Virginia,75992653
2022-07-24,West Virginia,73511310
2022-07-31,West Virginia,74698082
2022-08-07,West Virginia,78282945
2022-08-14,West Virginia,77673203
2022-08-21,West Virginia,73275469
2022-08-28,West Virginia,76344248
2022-09-04,West Virginia,77349828
2022-09-11,West Virginia,76050201
2022-09-18,West Virginia,74104004
2022-09-25,West Virginia,70874506
2022-10-02,West Virginia,71932125
2022-10-09,West Virginia,74190182
2022-10-16,West Virginia,70746845
2022-10-23,West Virginia,67673967
2022-10-30,West Virginia,67504383
2022-11-06,West Virginia,70416470
2022-11-13,West Virginia,70382175
2022-11-20,West Virginia,67479595
2022-11-27,West Virginia,66490665
2022-12-04,West Virginia,67049392
2022-12-11,West Virginia,70499335
2022-12-18,West Virginia,69850626
2022-12-25,West Virginia,70641050
2023-01-01,West Virginia,65687268
2023-01-08,West Virginia,69959953
2023-01-15,West Virginia,69952896
2023-01-22,West Virginia,63364499
2023-01-29,West Virginia,65045343
2023-02-05,West Virginia,69293480
2023-02-12,West Virginia,71515363
2023-02-19,West Virginia,69092458
2023-02-26,West Virginia,69679104
2023-03-05,West Virginia,75067825
2023-03-12,West Virginia,78255741
2023-03-19,West Virginia,75107018
2023-03-26,West Virginia,69340958
2023-04-02,West Virginia,71158238
2023-04-09,West Virginia,78461254
2023-04-16,West Virginia,76094026
2023-04-23,West Virginia,74040229
2023-04-30,West Virginia,75759703
2023-05-07,West Virginia,79297110
2019-10-06,Wisconsin,86707757
2019-10-13,Wisconsin,87339997
2019-10-20,Wisconsin,86378292
2019-10-27,Wisconsin,84847392
2019-11-03,Wisconsin,84430400
2019-11-10,Wisconsin,84657735
2019-11-17,Wisconsin,86704220
2019-11-24,Wisconsin,88143657
2019-12-01,Wisconsin,84291416
2019-12-08,Wisconsin,85157244
2019-12-15,Wisconsin,87736175
2019-12-22,Wisconsin,94516988
2019-12-29,Wisconsin,86541497
2020-01-05,Wisconsin,83982215
2020-01-12,Wisconsin,83210541
2020-01-19,Wisconsin,82278527
2020-01-26,Wisconsin,83227979
2020-02-02,Wisconsin,83991230
2020-02-09,Wisconsin,84231046
2020-02-16,Wisconsin,84046257
2020-02-23,Wisconsin,85512528
2020-03-01,Wisconsin,87040926
2020-03-08,Wisconsin,91238415
2020-03-15,Wisconsin,99213111
2020-03-22,Wisconsin,99225509
2020-03-29,Wisconsin,85948011
2020-04-05,Wisconsin,89055839
2020-04-12,Wisconsin,91410184
2020-04-19,Wisconsin,94645463
2020-04-26,Wisconsin,93598196
2020-05-03,Wisconsin,96537163
2020-05-10,Wisconsin,99683246
2020-05-17,Wisconsin,100460331
2020-05-24,Wisconsin,104290445
2020-05-31,Wisconsin,102166025
2020-06-07,Wisconsin,108556200
2020-06-14,Wisconsin,103936089
2020-06-21,Wisconsin,104650456
2020-06-28,Wisconsin,105545957
2020-07-05,Wisconsin,117400252
2020-07-12,Wisconsin,106306977
2020-07-19,Wisconsin,106809376
2020-07-26,Wisconsin,103471927
2020-08-02,Wisconsin,103478200
2020-08-09,Wisconsin,102730958
2020-08-16,Wisconsin,103504572
2020-08-23,Wisconsin,101400234
2020-08-30,Wisconsin,101921350
2020-09-06,Wisconsin,98563733
2020-09-13,Wisconsin,91732869
2020-09-20,Wisconsin,93763066
2020-09-27,Wisconsin,93904749
2020-10-04,Wisconsin,90455369
2020-10-11,Wisconsin,93108850
2020-10-18,Wisconsin,91154751
2020-10-25,Wisconsin,87616975
2020-11-01,Wisconsin,88525014
2020-11-08,Wisconsin,92131295
2020-11-15,Wisconsin,91348926
2020-11-22,Wisconsin,94058186
2020-11-29,Wisconsin,90350458
2020-12-06,Wisconsin,88707905
2020-12-13,Wisconsin,91542956
2020-12-20,Wisconsin,96028971
2020-12-27,Wisconsin,93388621
2021-01-03,Wisconsin,88536901
2021-01-10,Wisconsin,88958125
2021-01-17,Wisconsin,88841230
2021-01-24,Wisconsin,87496019
2021-01-31,Wisconsin,91152284
2021-02-07,Wisconsin,89954240
2021-02-14,Wisconsin,87410704
2021-02-21,Wisconsin,89602440
2021-02-28,Wisconsin,92603139
2021-03-07,Wisconsin,95380231
2021-03-14,Wisconsin,104992937
2021-03-21,Wisconsin,104751735
2021-03-28,Wisconsin,91098857
2021-04-04,Wisconsin,97437647
2021-04-11,Wisconsin,97690434
2021-04-18,Wisconsin,96311141
2021-04-25,Wisconsin,98740462
2021-05-02,Wisconsin,104492144
2021-05-09,Wisconsin,106201021
2021-05-16,Wisconsin,105651321
2021-05-23,Wisconsin,110768074
2021-05-30,Wisconsin,111868990
2021-06-06,Wisconsin,116249339
2021-06-13,Wisconsin,117237118
2021-06-20,Wisconsin,116460896
2021-06-27,Wisconsin,108722468
2021-07-04,Wisconsin,124132664
2021-07-11,Wisconsin,110894630
2021-07-18,Wisconsin,110798379
2021-07-25,Wisconsin,111772603
2021-08-01,Wisconsin,110769411
2021-08-08,Wisconsin,108184148
2021-08-15,Wisconsin,111276411
2021-08-22,Wisconsin,111059083
2021-08-29,Wisconsin,110814558
2021-09-05,Wisconsin,111532492
2021-09-12,Wisconsin,101391587
2021-09-19,Wisconsin,102505710
2021-09-26,Wisconsin,102265249
2021-10-03,Wisconsin,145142676
2021-10-10,Wisconsin,144063095
2021-10-17,Wisconsin,141440058
2021-10-24,Wisconsin,139449132
2021-10-31,Wisconsin,138373769
2021-11-07,Wisconsin,140427908
2021-11-14,Wisconsin,144043738
2021-11-21,Wisconsin,144661079
2021-11-28,Wisconsin,137384512
2021-12-05,Wisconsin,136574079
2021-12-12,Wisconsin,141935220
2021-12-19,Wisconsin,148776921
2021-12-26,Wisconsin,145243901
2022-01-02,Wisconsin,137051597
2022-01-09,Wisconsin,133988048
2022-01-16,Wisconsin,138091774
2022-01-23,Wisconsin,138088477
2022-01-30,Wisconsin,139017541
2022-02-06,Wisconsin,138271158
2022-02-13,Wisconsin,139412016
2022-02-20,Wisconsin,140249085
2022-02-27,Wisconsin,141695532
2022-03-06,Wisconsin,144612058
2022-03-13,Wisconsin,143274356
2022-03-20,Wisconsin,144371738
2022-03-27,Wisconsin,143698515
2022-04-03,Wisconsin,148790635
2022-04-10,Wisconsin,147485688
2022-04-17,Wisconsin,154578677
2022-04-24,Wisconsin,146967859
2022-05-01,Wisconsin,152496195
2022-05-08,Wisconsin,156608949
2022-05-15,Wisconsin,164745922
2022-05-22,Wisconsin,165614107
2022-05-29,Wisconsin,165984431
2022-06-05,Wisconsin,170291439
2022-06-12,Wisconsin,169388310
2022-06-19,Wisconsin,173919687
2022-06-26,Wisconsin,170159445
2022-07-03,Wisconsin,181212901
2022-07-10,Wisconsin,167227740
2022-07-17,Wisconsin,169197846
2022-07-24,Wisconsin,171737769
2022-07-31,Wisconsin,168619060
2022-08-07,Wisconsin,167300996
2022-08-14,Wisconsin,163347700
2022-08-21,Wisconsin,163579799
2022-08-28,Wisconsin,164951299
2022-09-04,Wisconsin,168076195
2022-09-11,Wisconsin,156684671
2022-09-18,Wisconsin,156284474
2022-09-25,Wisconsin,153506964
2022-10-02,Wisconsin,151968250
2022-10-09,Wisconsin,152510846
2022-10-16,Wisconsin,149052272
2022-10-23,Wisconsin,149625338
2022-10-30,Wisconsin,146529936
2022-11-06,Wisconsin,145964568
2022-11-13,Wisconsin,148390555
2022-11-20,Wisconsin,152474912
2022-11-27,Wisconsin,150635816
2022-12-04,Wisconsin,142193070
2022-12-11,Wisconsin,147823738
2022-12-18,Wisconsin,155791297
2022-12-25,Wisconsin,161068988
2023-01-01,Wisconsin,142641458
2023-01-08,Wisconsin,140556535
2023-01-15,Wisconsin,142879650
2023-01-22,Wisconsin,141574072
2023-01-29,Wisconsin,144952624
2023-02-05,Wisconsin,145493912
2023-02-12,Wisconsin,150103507
2023-02-19,Wisconsin,149355707
2023-02-26,Wisconsin,147986205
2023-03-05,Wisconsin,153305059
2023-03-12,Wisconsin,161762846
2023-03-19,Wisconsin,160997581
2023-03-26,Wisconsin,146433104
2023-04-02,Wisconsin,148877959
2023-04-09,Wisconsin,158992907
2023-04-16,Wisconsin,162525239
2023-04-23,Wisconsin,155482743
2023-04-30,Wisconsin,162200446
2023-05-07,Wisconsin,167233104
2019-10-06,Wyoming,12906407
2019-10-13,Wyoming,12182099
2019-10-20,Wyoming,12461447
2019-10-27,Wyoming,12136073
2019-11-03,Wyoming,11816719
2019-11-10,Wyoming,12021378
2019-11-17,Wyoming,12048604
2019-11-24,Wyoming,11965099
2019-12-01,Wyoming,11479225
2019-12-08,Wyoming,11820203
2019-12-15,Wyoming,12078295
2019-12-22,Wyoming,12814748
2019-12-29,Wyoming,11653245
2020-01-05,Wyoming,11764975
2020-01-12,Wyoming,11771635
2020-01-19,Wyoming,11686723
2020-01-26,Wyoming,11777732
2020-02-02,Wyoming,12232547
2020-02-09,Wyoming,11651381
2020-02-16,Wyoming,11769943
2020-02-23,Wyoming,11856643
2020-03-01,Wyoming,12575446
2020-03-08,Wyoming,13026247
2020-03-15,Wyoming,13765269
2020-03-22,Wyoming,13280268
2020-03-29,Wyoming,12158058
2020-04-05,Wyoming,12759776
2020-04-12,Wyoming,12499053
2020-04-19,Wyoming,12815883
2020-04-26,Wyoming,13110749
2020-05-03,Wyoming,13831896
2020-05-10,Wyoming,13542037
2020-05-17,Wyoming,13754300
2020-05-24,Wyoming,14021484
2020-05-31,Wyoming,14228464
2020-06-07,Wyoming,15536011
2020-06-14,Wyoming,15317087
2020-06-21,Wyoming,14818330
2020-06-28,Wyoming,16040050
2020-07-05,Wyoming,16803920
2020-07-12,Wyoming,16021548
2020-07-19,Wyoming,16371053
2020-07-26,Wyoming,16038079
2020-08-02,Wyoming,15876121
2020-08-09,Wyoming,16228537
2020-08-16,Wyoming,15832146
2020-08-23,Wyoming,15464859
2020-08-30,Wyoming,14990103
2020-09-06,Wyoming,15331993
2020-09-13,Wyoming,13782139
2020-09-20,Wyoming,14227153
2020-09-27,Wyoming,13709820
2020-10-04,Wyoming,13837191
2020-10-11,Wyoming,13688789
2020-10-18,Wyoming,13060879
2020-10-25,Wyoming,12396055
2020-11-01,Wyoming,12429956
2020-11-08,Wyoming,13085742
2020-11-15,Wyoming,12346349
2020-11-22,Wyoming,12776668
2020-11-29,Wyoming,11916096
2020-12-06,Wyoming,12267039
2020-12-13,Wyoming,12499163
2020-12-20,Wyoming,12978665
2020-12-27,Wyoming,12368154
2021-01-03,Wyoming,12255352
2021-01-10,Wyoming,12464569
2021-01-17,Wyoming,12324836
2021-01-24,Wyoming,12243267
2021-01-31,Wyoming,12380809
2021-02-07,Wyoming,12460755
2021-02-14,Wyoming,11857725
2021-02-21,Wyoming,12206507
2021-02-28,Wyoming,12722268
2021-03-07,Wyoming,13776276
2021-03-14,Wyoming,14429850
2021-03-21,Wyoming,13373539
2021-03-28,Wyoming,12786513
2021-04-04,Wyoming,13424499
2021-04-11,Wyoming,13322350
2021-04-18,Wyoming,13013595
2021-04-25,Wyoming,13628281
2021-05-02,Wyoming,14533147
2021-05-09,Wyoming,14375411
2021-05-16,Wyoming,14116462
2021-05-23,Wyoming,14893983
2021-05-30,Wyoming,15279759
2021-06-06,Wyoming,16692900
2021-06-13,Wyoming,16682966
2021-06-20,Wyoming,16736238
2021-06-27,Wyoming,16368765
2021-07-04,Wyoming,17873033
2021-07-11,Wyoming,16955935
2021-07-18,Wyoming,17100529
2021-07-25,Wyoming,17069849
2021-08-01,Wyoming,16465111
2021-08-08,Wyoming,17021149
2021-08-15,Wyoming,16898618
2021-08-22,Wyoming,16109259
2021-08-29,Wyoming,15228529
2021-09-05,Wyoming,15998475
2021-09-12,Wyoming,14814966
2021-09-19,Wyoming,14998006
2021-09-26,Wyoming,14524620
2021-10-03,Wyoming,21168304
2021-10-10,Wyoming,20630874
2021-10-17,Wyoming,19626614
2021-10-24,Wyoming,19280840
2021-10-31,Wyoming,19126432
2021-11-07,Wyoming,19442598
2021-11-14,Wyoming,18964164
2021-11-21,Wyoming,19314003
2021-11-28,Wyoming,18555036
2021-12-05,Wyoming,18970923
2021-12-12,Wyoming,19117619
2021-12-19,Wyoming,19943649
2021-12-26,Wyoming,19421555
2022-01-02,Wyoming,18558114
2022-01-09,Wyoming,19060213
2022-01-16,Wyoming,19293884
2022-01-23,Wyoming,18742366
2022-01-30,Wyoming,19087435
2022-02-06,Wyoming,19332637
2022-02-13,Wyoming,18750807
2022-02-20,Wyoming,18726525
2022-02-27,Wyoming,19316739
2022-03-06,Wyoming,20806984
2022-03-13,Wyoming,19684154
2022-03-20,Wyoming,19868982
2022-03-27,Wyoming,19955137
2022-04-03,Wyoming,20758233
2022-04-10,Wyoming,20264842
2022-04-17,Wyoming,20243209
2022-04-24,Wyoming,20089693
2022-05-01,Wyoming,21096833
2022-05-08,Wyoming,21531689
2022-05-15,Wyoming,21616613
2022-05-22,Wyoming,21585248
2022-05-29,Wyoming,22541744
2022-06-05,Wyoming,24100158
2022-06-12,Wyoming,24664630
2022-06-19,Wyoming,24740091
2022-06-26,Wyoming,24498523
2022-07-03,Wyoming,26235911
2022-07-10,Wyoming,25544968
2022-07-17,Wyoming,25693764
2022-07-24,Wyoming,26000871
2022-07-31,Wyoming,25244641
2022-08-07,Wyoming,25201050
2022-08-14,Wyoming,24566757
2022-08-21,Wyoming,23638624
2022-08-28,Wyoming,22936352
2022-09-04,Wyoming,24172878
2022-09-11,Wyoming,22719550
2022-09-18,Wyoming,22254099
2022-09-25,Wyoming,21497707
2022-10-02,Wyoming,21704018
2022-10-09,Wyoming,21604743
2022-10-16,Wyoming,20696539
2022-10-23,Wyoming,20298615
2022-10-30,Wyoming,19606306
2022-11-06,Wyoming,20495111
2022-11-13,Wyoming,19780659
2022-11-20,Wyoming,20184986
2022-11-27,Wyoming,19548922
2022-12-04,Wyoming,19550615
2022-12-11,Wyoming,20143294
2022-12-18,Wyoming,20651204
2022-12-25,Wyoming,21015453
2023-01-01,Wyoming,19128635
2023-01-08,Wyoming,19531016
2023-01-15,Wyoming,19876354
2023-01-22,Wyoming,19709727
2023-01-29,Wyoming,19594505
2023-02-05,Wyoming,20212000
2023-02-12,Wyoming,20510614
2023-02-19,Wyoming,20096421
2023-02-26,Wyoming,19972751
2023-03-05,Wyoming,21887585
2023-03-12,Wyoming,21955065
2023-03-19,Wyoming,21499314
2023-03-26,Wyoming,20230807
2023-04-02,Wyoming,20543373
2023-04-09,Wyoming,21188736
2023-04-16,Wyoming,20958790
2023-04-23,Wyoming,21367217
2023-04-30,Wyoming,22511772
2023-05-07,Wyoming,23276821
