date,state,sales,lag_1,lag_7,lag_30,rolling_mean_4,rolling_std_4,rolling_mean_12,day_of_week,month,week_of_year,is_holiday,quarter,year
2020-05-03,Alabama,128066131,118114595.0,132632134.0,129106730.0,120357244.5,5145357.27005214,119367898.58333333,6,5,18,0,2,2020
2020-05-10,Alabama,127906087,128066131.0,127145065.0,123782286.0,122957221.5,5809217.713021125,121076938.16666667,6,5,19,0,2,2020
2020-05-17,Alabama,130340051,127906087.0,116657084.0,116218909.0,126106716.0,5442798.4970580535,122955187.91666667,6,5,20,0,2,2020
2020-05-24,Alabama,134708619,130340051.0,123259529.0,109968011.0,130255222.0,3170199.544369212,124459948.41666667,6,5,21,0,2,2020
2020-05-31,Alabama,129887877,134708619.0,117506179.0,112189104.0,130710658.5,2867265.176317628,125330452.0,6,5,22,0,2,2020
2020-06-07,Alabama,132304541,129887877.0,117742073.0,110932913.0,131810272.0,2198626.0483641643,125303152.58333333,6,6,23,0,2,2020
2020-06-14,Alabama,131401893,132304541.0,118114595.0,109056410.0,132075732.5,2018680.7583332944,125657888.25,6,6,24,0,2,2020
2020-06-21,Alabama,133712552,131401893.0,128066131.0,113040422.0,131826715.75,1604604.3540149296,127079177.25,6,6,25,0,2,2020
2020-06-28,Alabama,132320128,133712552.0,127906087.0,109574036.0,132434778.5,953880.516097145,127834227.16666667,6,6,26,0,2,2020
2020-07-05,Alabama,138414683,132320128.0,130340051.0,108083724.0,133962314.0,3116541.95782453,129576602.5,6,7,27,0,3,2020
2020-07-12,Alabama,129799793,138414683.0,134708619.0,108528456.0,133561789.0,3617902.0440186164,130581412.5,6,7,28,0,3,2020
2020-07-19,Alabama,133548791,129799793.0,129887877.0,116541575.0,133520848.75,3616553.638014005,131867595.5,6,7,29,0,3,2020
2020-07-26,Alabama,132657649,133548791.0,132304541.0,106949922.0,133605229.0,3582982.1858546943,132250222.0,6,7,30,0,3,2020
2020-08-02,Alabama,131945461,132657649.0,131401893.0,104239954.0,131987923.5,1599432.9981635446,132586836.5,6,8,31,0,3,2020
2020-08-09,Alabama,137744835,131945461.0,133712552.0,108717628.0,133974184.0,2597931.843165784,133203901.83333333,6,8,32,0,3,2020
2020-08-16,Alabama,137880677,137744835.0,132320128.0,105904866.0,135057155.5,3195630.8120388007,133468240.0,6,8,33,0,3,2020
2020-08-23,Alabama,131642695,137880677.0,138414683.0,106265737.0,134803417.0,3477525.2224124507,133614474.83333333,6,8,34,0,3,2020
2020-08-30,Alabama,128713002,131642695.0,129799793.0,108358280.0,133995302.25,4567734.288651324,133315179.91666667,6,8,35,1,3,2020
2020-09-06,Alabama,137905687,128713002.0,133548791.0,109022482.0,134035515.25,4612238.585307466,133857162.75,6,9,36,0,3,2020
2020-09-13,Alabama,134469488,137905687.0,132657649.0,107397612.0,133182718.0,3929047.60169036,133920240.75,6,9,37,0,3,2020
2020-09-20,Alabama,129079260,134469488.0,131945461.0,107801054.0,132541859.25,4439825.151830308,133650168.41666667,6,9,38,0,3,2020
2020-09-27,Alabama,127614100,129079260.0,137744835.0,116651493.0,132267133.75,4776920.525476536,132750119.83333333,6,9,39,0,3,2020
2020-10-04,Alabama,133713630,127614100.0,137880677.0,119441834.0,131219119.5,3384407.4959300878,133076272.91666667,6,10,40,0,4,2020
2020-10-11,Alabama,128170886,133713630.0,131642695.0,132632134.0,129644469.0,2779171.194897997,132628114.16666667,6,10,41,0,4,2020
2020-10-18,Alabama,122464550,128170886.0,128713002.0,127145065.0,127990791.5,4599440.405401048,131778689.25,6,10,42,0,4,2020
2020-10-25,Alabama,121301025,122464550.0,137905687.0,116657084.0,126412522.75,5718738.394609747,130891652.91666667,6,10,43,1,4,2020
2020-11-01,Alabama,120522114,121301025.0,134469488.0,123259529.0,123114643.75,3464035.7508480847,129456426.16666667,6,11,44,0,4,2020
2020-11-08,Alabama,120902500,120522114.0,129079260.0,117506179.0,121297547.25,840489.2559676155,128041578.08333333,6,11,45,0,4,2020
2020-11-15,Alabama,117987142,120902500.0,127614100.0,117742073.0,120178195.25,1494920.117073704,126903615.33333333,6,11,46,0,4,2020
2020-11-22,Alabama,124645965,117987142.0,133713630.0,118114595.0,121014430.25,2745142.5257428167,126564695.58333333,6,11,47,0,4,2020
2020-11-29,Alabama,118491656,124645965.0,128170886.0,128066131.0,120506815.75,3038571.328981926,124946859.66666667,6,11,48,0,4,2020
2020-12-06,Alabama,116104621,118491656.0,122464550.0,127906087.0,119307346.0,3704348.302130989,123416454.08333333,6,12,49,0,4,2020
2020-12-13,Alabama,116502691,116104621.0,121301025.0,130340051.0,118936233.25,3947101.949745787,122368406.66666667,6,12,50,0,4,2020
2020-12-20,Alabama,122244236,116502691.0,120522114.0,134708619.0,118335801.0,2807051.323289869,121920918.0,6,12,51,0,4,2020
2020-12-27,Alabama,115522663,122244236.0,120902500.0,129887877.0,117593552.75,3126464.2522748145,120405004.08333333,6,12,52,0,4,2020
2021-01-03,Alabama,115331048,115522663.0,117987142.0,132304541.0,117400159.5,3269900.2203578628,119335017.58333333,6,1,53,0,1,2021
2021-01-10,Alabama,117780959,115331048.0,124645965.0,131401893.0,117719726.5,3214955.0869875406,118944718.33333333,6,1,1,0,1,2021
2021-01-17,Alabama,115816664,117780959.0,118491656.0,133712552.0,116112833.5,1129874.4537279673,118487688.25,6,1,2,0,1,2021
2021-01-24,Alabama,113870548,115816664.0,116104621.0,132320128.0,115699804.75,1615242.0762530682,117933391.08333333,6,1,3,0,1,2021
2021-01-31,Alabama,115802738,113870548.0,116502691.0,138414683.0,115817727.25,1596455.6308642975,117508410.91666667,6,1,4,0,1,2021
2021-02-07,Alabama,117468184,115802738.0,122244236.0,129799793.0,115739533.5,1470972.8383183714,117465164.41666667,6,2,5,0,1,2021
2021-02-14,Alabama,115644582,117468184.0,115522663.0,133548791.0,115696513.0,1470481.4282916798,116715049.16666667,6,2,6,0,1,2021
2021-02-21,Alabama,112186375,115644582.0,115331048.0,132657649.0,115275469.75,2218464.770750933,116189609.08333333,6,2,7,0,1,2021
2021-02-28,Alabama,124158003,112186375.0,117780959.0,131945461.0,117364286.0,5031021.421872838,116860724.25,6,2,8,0,1,2021
2021-03-07,Alabama,126283023,124158003.0,115816664.0,137744835.0,119567995.75,6734024.499356854,117675751.91666667,6,3,9,0,1,2021
2021-03-14,Alabama,143739698,126283023.0,113870548.0,137880677.0,126591774.75,13007502.787742889,119467040.41666667,6,3,10,0,1,2021
2021-03-21,Alabama,138119750,143739698.0,115802738.0,131642695.0,133075118.5,9395549.88641029,121350131.0,6,3,11,0,1,2021
2021-03-28,Alabama,124801756,138119750.0,117468184.0,128713002.0,133236056.75,9195271.370635508,122139356.66666667,6,3,12,0,1,2021
2021-04-04,Alabama,131843895,124801756.0,115644582.0,137905687.0,134626274.75,8155195.857004602,123311268.0,6,4,13,0,2,2021
2021-04-11,Alabama,126097509,131843895.0,112186375.0,134469488.0,130215727.5,6093584.388658763,124168005.08333333,6,4,14,0,2,2021
2021-04-18,Alabama,126192682,126097509.0,124158003.0,129079260.0,127233960.5,3138093.781821768,125194849.58333333,6,4,15,0,2,2021
2021-04-25,Alabama,127348328,126192682.0,126283023.0,127614100.0,127870603.5,2709188.1753251804,126156982.08333333,6,4,16,1,2,2021
2021-05-02,Alabama,134697460,127348328.0,143739698.0,133713630.0,128583994.75,4115107.0351927704,127592755.08333333,6,5,17,0,2,2021
2021-05-09,Alabama,136554064,134697460.0,138119750.0,128170886.0,131198133.5,5189952.619601178,129335211.91666667,6,5,18,0,2,2021
2021-05-16,Alabama,135462842,136554064.0,124801756.0,122464550.0,133515673.5,4181548.829713515,131274917.5,6,5,19,0,2,2021
2021-05-23,Alabama,140446890,135462842.0,131843895.0,121301025.0,136790314.0,2553989.1596204494,132632324.75,6,5,20,0,2,2021
2021-05-30,Alabama,139935911,140446890.0,126097509.0,120522114.0,138099926.75,2464615.066876168,133770065.41666667,6,5,21,0,2,2021
2021-06-06,Alabama,140893518,139935911.0,126192682.0,120902500.0,139184790.25,2511953.254563005,133532883.75,6,6,22,0,2,2021
2021-06-13,Alabama,137083192,140893518.0,127348328.0,117987142.0,139589877.75,1716310.0300187643,133446503.91666667,6,6,23,0,2,2021
2021-06-20,Alabama,144489981,137083192.0,134697460.0,124645965.0,140600650.5,3056526.1334216925,135087189.33333334,6,6,24,0,2,2021
2021-06-27,Alabama,140720826,144489981.0,136554064.0,118491656.0,140796879.25,3024654.0668040607,135826933.58333334,6,6,25,0,2,2021
2021-07-04,Alabama,150209239,140720826.0,135462842.0,116104621.0,143125809.5,5607527.953547838,137836244.41666666,6,7,26,0,3,2021
2021-07-11,Alabama,137692247,150209239.0,140446890.0,116502691.0,143278073.25,5392919.661967439,138794541.5,6,7,27,0,3,2021
2021-07-18,Alabama,143840884,137692247.0,139935911.0,122244236.0,143115799.0,5353922.277429206,140168921.16666666,6,7,28,0,3,2021
2021-07-25,Alabama,143718288,143840884.0,140893518.0,115522663.0,143865164.5,5111241.009523003,140920656.83333334,6,7,29,0,3,2021
2021-08-01,Alabama,146096098,143718288.0,137083192.0,115331048.0,142836879.25,3599752.5271741915,141715826.33333334,6,8,30,0,3,2021
2021-08-08,Alabama,151796623,146096098.0,144489981.0,117780959.0,146362973.25,3783784.0962573895,143076974.75,6,8,31,0,3,2021
2021-08-15,Alabama,149096388,151796623.0,140720826.0,115816664.0,147676849.25,3519309.008802679,143797766.25,6,8,32,1,3,2021
2021-08-22,Alabama,142623393,149096388.0,150209239.0,113870548.0,147403125.5,3946480.3658333896,144021723.08333334,6,8,33,0,3,2021
2021-08-29,Alabama,140962323,142623393.0,137692247.0,115802738.0,146119681.75,5161098.925433069,144027456.83333334,6,8,34,0,3,2021
2021-09-05,Alabama,148892734,140962323.0,143840884.0,117468184.0,145393709.5,4213661.920804649,145011585.33333334,6,9,35,0,3,2021
2021-09-12,Alabama,142022733,148892734.0,143718288.0,115644582.0,143625295.75,3578144.121978654,144805981.33333334,6,9,36,0,3,2021
2021-09-19,Alabama,133797917,142022733.0,146096098.0,112186375.0,141418926.75,6178205.0627400745,144229072.25,6,9,37,0,3,2021
2021-09-26,Alabama,133378009,133797917.0,151796623.0,124158003.0,139522848.25,7406710.244926629,142826469.75,6,9,38,0,3,2021
2021-10-03,Alabama,203436378,133378009.0,149096388.0,126283023.0,153158759.25,33753865.56081788,148305147.33333334,6,10,39,0,4,2021
2021-10-10,Alabama,198855812,203436378.0,142623393.0,143739698.0,167367029.0,39049883.28251372,152889724.66666666,6,10,40,0,4,2021
2021-10-17,Alabama,195850755,198855812.0,140962323.0,138119750.0,182880238.5,33148548.704002142,157234096.91666666,6,10,41,0,4,2021
2021-10-24,Alabama,189687422,195850755.0,148892734.0,124801756.0,196957591.75,5763632.1642885925,160866707.25,6,10,42,0,4,2021
2021-10-31,Alabama,189048085,189687422.0,142022733.0,131843895.0,193360518.5,4778013.850520959,163970995.75,6,10,43,0,4,2021
2021-11-07,Alabama,184678477,189048085.0,133797917.0,126097509.0,189816184.75,4597776.13266581,166936169.83333334,6,11,44,0,4,2021
2021-11-14,Alabama,184911321,184678477.0,133378009.0,126192682.0,187081326.25,2654711.681904723,170460163.83333334,6,11,45,0,4,2021
2021-11-21,Alabama,190608741,184911321.0,203436378.0,127348328.0,187311656.0,2976642.119768149,174597365.33333334,6,11,46,0,4,2021
2021-11-28,Alabama,177133617,190608741.0,198855812.0,134697460.0,184333039.0,5527803.9705431415,176950772.25,6,11,47,0,4,2021
2021-12-05,Alabama,180600248,177133617.0,195850755.0,136554064.0,183313481.75,5811662.513256836,180165565.16666666,6,12,48,0,4,2021
2021-12-12,Alabama,182041354,180600248.0,189687422.0,135462842.0,182595990.0,5725158.064839535,184185851.58333334,6,12,49,0,4,2021
2021-12-19,Alabama,189045387,182041354.0,189048085.0,140446890.0,182205151.5,5003726.236365273,188824799.75,6,12,50,0,4,2021
2021-12-26,Alabama,183210806,189045387.0,184678477.0,139935911.0,183724448.75,3704486.0641623996,187139335.41666666,6,12,51,0,4,2021
2022-01-02,Alabama,179002839,183210806.0,184911321.0,140893518.0,183325096.5,4205737.764268973,185484921.0,6,1,52,0,1,2022
2022-01-09,Alabama,178676924,179002839.0,190608741.0,137083192.0,182483989.0,4837091.271367518,184053768.41666666,6,1,1,0,1,2022
2022-01-16,Alabama,180918293,178676924.0,177133617.0,144489981.0,180452215.5,2088013.5640860966,183323007.66666666,6,1,2,0,1,2022
2022-01-23,Alabama,177754219,180918293.0,180600248.0,140720826.0,179088068.75,1329809.5197686972,182381852.16666666,6,1,3,0,1,2022
2022-01-30,Alabama,179630073,177754219.0,182041354.0,150209239.0,179244877.25,1353185.0022134648,181961151.83333334,6,1,4,0,1,2022
2022-02-06,Alabama,184970125,179630073.0,189045387.0,137692247.0,180818177.5,3057674.7782555628,181966052.16666666,6,2,5,0,1,2022
2022-02-13,Alabama,181195482,184970125.0,183210806.0,143840884.0,180887474.75,3063834.86748717,181181613.91666666,6,2,6,0,1,2022
2022-02-20,Alabama,178404182,181195482.0,179002839.0,143718288.0,181049965.5,2852197.4334211512,181287494.33333334,6,2,7,0,1,2022
2022-02-27,Alabama,192108735,178404182.0,178676924.0,146096098.0,184169631.0,5937343.048105373,182246534.91666666,6,2,8,0,1,2022
2022-03-06,Alabama,197917628,192108735.0,180918293.0,151796623.0,187406506.75,9169029.388778953,183569557.75,6,3,9,0,1,2022
2022-03-13,Alabama,194057784,197917628.0,177754219.0,149096388.0,190622082.25,8495415.572007652,183987257.5,6,3,10,0,1,2022
2022-03-20,Alabama,194303303,194057784.0,179630073.0,142623393.0,194596862.5,2421779.288832263,184911632.25,6,3,11,0,1,2022
2022-03-27,Alabama,195635389,194303303.0,184970125.0,140962323.0,195478526.0,1767623.7813769158,186297678.08333334,6,3,12,0,1,2022
2022-04-03,Alabama,200427370,195635389.0,181195482.0,148892734.0,196105961.5,2963141.2746587405,188110215.25,6,4,13,0,2,2022
2022-04-10,Alabama,202888791,200427370.0,178404182.0,142022733.0,198313713.25,4027227.8487321096,189941090.08333334,6,4,14,0,2,2022
2022-04-17,Alabama,199965775,202888791.0,192108735.0,133797917.0,199729331.25,3015831.162472595,191792053.08333334,6,4,15,0,2,2022
2022-04-24,Alabama,197876829,199965775.0,197917628.0,133378009.0,200289691.25,2057595.759063024,193312616.08333334,6,4,16,0,2,2022
2022-05-01,Alabama,207976103,197876829.0,194057784.0,203436378.0,202176874.5,4378631.01129248,195229780.91666666,6,5,17,0,2,2022
2022-05-08,Alabama,207537233,207976103.0,194303303.0,198855812.0,203338985.0,5174998.985116346,197424926.83333334,6,5,18,0,2,2022
2022-05-15,Alabama,208193477,207537233.0,195635389.0,195850755.0,205395910.5,5020146.754549066,199907368.08333334,6,5,19,0,2,2022
2022-05-22,Alabama,219547509,208193477.0,200427370.0,189687422.0,210813580.5,5829013.092499409,202193932.58333334,6,5,20,0,2,2022
2022-05-29,Alabama,212449962,219547509.0,202888791.0,189048085.0,211932045.25,5524333.840990975,203404960.41666666,6,5,21,0,2,2022
2022-06-05,Alabama,209711182,212449962.0,199965775.0,184678477.0,212475532.5,5032929.513346892,204709410.25,6,6,22,0,2,2022
2022-06-12,Alabama,209838488,209711182.0,197876829.0,184911321.0,212886785.25,4616370.419544063,206004009.0,6,6,23,0,2,2022
2022-06-19,Alabama,220358695,209838488.0,207976103.0,190608741.0,213089581.75,5007737.889440244,208064284.5,6,6,24,0,2,2022
2022-06-26,Alabama,220100179,220358695.0,207537233.0,177133617.0,215002136.0,6037113.594214581,209703685.25,6,6,25,0,2,2022
2022-07-03,Alabama,226966251,220100179.0,208193477.0,180600248.0,219315903.25,7072286.843795532,211710140.25,6,7,26,0,3,2022
2022-07-10,Alabama,212433149,226966251.0,219547509.0,182041354.0,219964568.5,5941929.075687468,212749088.08333334,6,7,27,1,3,2022
2022-07-17,Alabama,212769923,212433149.0,212449962.0,189045387.0,218067375.5,6907237.423581451,213990179.25,6,7,28,0,3,2022
2022-07-24,Alabama,215436686,212769923.0,209711182.0,183210806.0,216901502.25,6843025.206069514,214611894.5,6,7,29,0,3,2022
2022-07-31,Alabama,221654891,215436686.0,209838488.0,179002839.0,215573662.25,4270982.824374586,215788366.0,6,7,30,0,3,2022
2022-08-07,Alabama,226809535,221654891.0,220358695.0,178676924.0,219167758.75,6309669.2262438545,217339704.16666666,6,8,31,0,3,2022
2022-08-14,Alabama,224323610,226809535.0,220100179.0,180918293.0,222056180.5,4889252.029996766,217737712.58333334,6,8,32,0,3,2022
2022-08-21,Alabama,215153556,224323610.0,226966251.0,177754219.0,221985398.0,5017397.504076108,217963012.08333334,6,8,33,0,3,2022
2022-08-28,Alabama,215670829,215153556.0,212433149.0,179630073.0,220489382.5,5953574.008259758,218459649.33333334,6,8,34,0,3,2022
2022-09-04,Alabama,227759611,215670829.0,212769923.0,184970125.0,220726901.5,6298713.205435707,219953076.25,6,9,35,0,3,2022
2022-09-11,Alabama,215165395,227759611.0,215436686.0,181195482.0,218437347.75,6219517.161109432,219520301.25,6,9,36,0,3,2022
2022-09-18,Alabama,213270228,215165395.0,221654891.0,178404182.0,217966515.75,6609999.705410486,218951138.66666666,6,9,37,0,3,2022
2022-09-25,Alabama,215556916,213270228.0,226809535.0,192108735.0,217938037.5,6623418.995623595,218000360.75,6,9,38,0,3,2022
2022-10-02,Alabama,218622107,215556916.0,224323610.0,197917628.0,215653661.5,2216618.129958814,218516107.25,6,10,39,1,4,2022
2022-10-09,Alabama,211016006,218622107.0,215153556.0,194057784.0,214616314.25,3250911.405309496,218369947.5,6,10,40,1,4,2022
2022-10-16,Alabama,204418181,211016006.0,215670829.0,194303303.0,212403302.5,6172669.991321375,217451738.75,6,10,41,0,4,2022
2022-10-23,Alabama,198480435,204418181.0,227759611.0,195635389.0,208134182.25,8666121.295878028,215520534.08333334,6,10,42,0,4,2022
2022-10-30,Alabama,194245502,198480435.0,215165395.0,200427370.0,202040031.0,7294955.577616253,212806864.66666666,6,10,43,0,4,2022
2022-11-06,Alabama,197814663,194245502.0,213270228.0,202888791.0,198739695.25,4217656.297126414,210597785.75,6,11,44,0,4,2022
2022-11-13,Alabama,194267617,197814663.0,215556916.0,199965775.0,196202054.25,2262864.703844532,208857290.83333334,6,11,45,0,4,2022
2022-11-20,Alabama,197053090,194267617.0,218622107.0,197876829.0,195845218.0,1860607.8372642505,207305812.58333334,6,11,46,0,4,2022
2022-11-27,Alabama,192420637,197053090.0,211016006.0,207976103.0,195389001.75,2498113.6383356806,204360898.08333334,6,11,47,0,4,2022
2022-12-04,Alabama,191867741,192420637.0,204418181.0,207537233.0,193902271.25,2337783.116639508,202419426.91666666,6,12,48,0,4,2022
2022-12-11,Alabama,194239369,191867741.0,198480435.0,208193477.0,193895209.25,2336353.825227834,200833522.0,6,12,49,0,4,2022
2022-12-18,Alabama,200415284,194239369.0,194245502.0,219547509.0,194735757.75,3919554.582726978,199571719.33333334,6,12,50,0,4,2022
2022-12-25,Alabama,200741724,200415284.0,197814663.0,212449962.0,196816029.5,4453105.608246693,198081687.41666666,6,12,51,1,4,2022
2023-01-01,Alabama,184497797,200741724.0,194267617.0,209711182.0,194973543.5,7597471.572363937,195871836.66666666,6,1,52,0,1,2023
2023-01-08,Alabama,186490148,184497797.0,197053090.0,209838488.0,193036238.25,8747973.162679728,194377833.91666666,6,1,1,0,1,2023
2023-01-15,Alabama,185544784,186490148.0,192420637.0,220358695.0,189318613.25,7658758.1978987595,193299863.0,6,1,2,0,1,2023
2023-01-22,Alabama,182246125,185544784.0,191867741.0,220100179.0,184694713.5,1823966.9815237424,192299914.91666666,6,1,3,0,1,2023
2023-01-29,Alabama,183105938,182246125.0,194239369.0,226966251.0,184346748.75,1998472.7720206962,191074187.83333334,6,1,4,0,1,2023
2023-02-05,Alabama,192305584,183105938.0,200415284.0,212433149.0,185800607.75,4556158.999484186,190910685.08333334,6,2,5,0,1,2023
2023-02-12,Alabama,191999971,192305584.0,200741724.0,212769923.0,187414404.5,5484069.46220555,190489591.83333334,6,2,6,0,1,2023
2023-02-19,Alabama,191443698,191999971.0,184497797.0,215436686.0,189713797.75,4419664.74766756,190408180.25,6,2,7,0,1,2023
2023-02-26,Alabama,199003416,191443698.0,186490148.0,221654891.0,193688167.25,3561416.127996849,191002819.83333334,6,2,8,0,1,2023
2023-03-05,Alabama,209478343,199003416.0,185544784.0,226809535.0,197981357.0,8401254.973017529,192272734.33333334,6,3,9,0,1,2023
2023-03-12,Alabama,218905536,209478343.0,182246125.0,224323610.0,204707748.25,12011247.322346028,193813588.66666666,6,3,10,0,1,2023
2023-03-19,Alabama,210866567,218905536.0,183105938.0,215153556.0,209563465.5,8175048.338872988,194657325.58333334,6,3,11,0,1,2023
2023-03-26,Alabama,202214026,210866567.0,192305584.0,215670829.0,210366118.0,6841463.230611197,196133678.0,6,3,12,0,1,2023
2023-04-02,Alabama,205535419,202214026.0,191999971.0,227759611.0,209380387.0,7281888.568403735,197720783.91666666,6,4,13,0,2,2023
2023-04-09,Alabama,202345732,205535419.0,191443698.0,215165395.0,205240436.0,4052934.4815481985,199120862.91666666,6,4,14,0,2,2023
2023-04-16,Alabama,203132041,202345732.0,199003416.0,213270228.0,203306804.5,1540031.3926304765,200861355.91666666,6,4,15,0,2,2023
2023-04-23,Alabama,206852539,203132041.0,209478343.0,215556916.0,204466432.75,2090789.9346497282,202840239.33333334,6,4,16,0,2,2023
2023-04-30,Alabama,211451723,206852539.0,218905536.0,218622107.0,205945508.75,4163936.1455018274,204435750.91666666,6,4,17,0,2,2023
2023-05-07,Alabama,219573277,211451723.0,210866567.0,211016006.0,210252395.0,7084623.980037354,206733526.41666666,6,5,18,0,2,2023
2020-05-03,Arizona,134864797,127294783.0,139557887.0,119877789.0,127929212.0,4860888.815677027,125079612.75,6,5,18,0,2,2020
2020-05-10,Arizona,136028525,134864797.0,135979843.0,117122712.0,131022731.75,5161734.501043062,127201744.66666667,6,5,19,0,2,2020
2020-05-17,Arizona,130942705,136028525.0,119847336.0,116127754.0,132282702.5,3973803.0670430833,128864201.0,6,5,20,0,2,2020
2020-05-24,Arizona,131535235,130942705.0,125962618.0,115216831.0,133342815.5,2487122.8947603335,129963036.75,6,5,21,0,2,2020
2020-05-31,Arizona,131413795,131535235.0,123654446.0,115424159.0,132480065.0,2379403.2573315557,130248732.66666667,6,5,22,0,2,2020
2020-06-07,Arizona,138359363,131413795.0,125902822.0,120785283.0,133062774.5,3540294.4669731944,130148855.66666667,6,6,23,0,2,2020
2020-06-14,Arizona,139014231,138359363.0,127294783.0,116490977.0,135080656.0,4172881.1602630974,130401721.33333333,6,6,24,0,2,2020
2020-06-21,Arizona,134529099,139014231.0,134864797.0,114640798.0,135829122.0,3546463.5520200534,131625201.58333333,6,6,25,0,2,2020
2020-06-28,Arizona,135096231,134529099.0,136028525.0,109101595.0,136749731.0,2264519.3864518,132386336.0,6,6,26,0,2,2020
2020-07-05,Arizona,144153475,135096231.0,130942705.0,110405117.0,138198259.0,4442811.449590004,134094588.41666667,6,7,27,0,3,2020
2020-07-12,Arizona,136606142,144153475.0,131535235.0,110395321.0,137596236.75,4458513.347471661,134986531.75,6,7,28,0,3,2020
2020-07-19,Arizona,135991553,136606142.0,131413795.0,117291974.0,137961850.25,4174047.070620186,135711262.58333334,6,7,29,0,3,2020
2020-07-26,Arizona,132190421,135991553.0,138359363.0,108536780.0,137235397.75,5008482.664640688,135488397.91666666,6,7,30,0,3,2020
2020-08-02,Arizona,135907144,132190421.0,139014231.0,109641291.0,135173815.0,2013178.8505619755,135478282.83333334,6,8,31,0,3,2020
2020-08-09,Arizona,139932969,135907144.0,134529099.0,110420623.0,136005521.75,3161735.2272581207,136227471.5,6,8,32,0,3,2020
2020-08-16,Arizona,139367250,139932969.0,135096231.0,110294022.0,136849446.0,3579660.0436249124,136880139.41666666,6,8,33,0,3,2020
2020-08-23,Arizona,135396922,139367250.0,144153475.0,109185129.0,137651071.25,2329148.48088129,137212066.66666666,6,8,34,0,3,2020
2020-08-30,Arizona,135895403,135396922.0,136606142.0,115328264.0,137648136.0,2332084.3485295945,137006736.66666666,6,8,35,1,3,2020
2020-09-06,Arizona,140717021,135895403.0,135991553.0,111821590.0,137844149.0,2605107.8766294313,137148635.83333334,6,9,36,0,3,2020
2020-09-13,Arizona,132210326,140717021.0,132190421.0,110562942.0,136054918.0,3510673.999880653,136955404.75,6,9,37,0,3,2020
2020-09-20,Arizona,130208125,132210326.0,135907144.0,110993229.0,134757718.75,4618644.168741328,136548062.58333334,6,9,38,0,3,2020
2020-09-27,Arizona,127220754,130208125.0,139932969.0,118349206.0,132589056.5,5793523.690124143,135137002.5,6,9,39,0,3,2020
2020-10-04,Arizona,132505937,127220754.0,139367250.0,127985444.0,130536285.5,2434637.3493359676,134795318.75,6,10,40,0,4,2020
2020-10-11,Arizona,133872032,132505937.0,135396922.0,139557887.0,130951712.0,2910718.896158244,134618692.0,6,10,41,0,4,2020
2020-10-18,Arizona,130530706,133872032.0,135895403.0,135979843.0,131032357.25,2887626.6654719957,134480382.41666666,6,10,42,0,4,2020
2020-10-25,Arizona,125675792,130530706.0,140717021.0,119847336.0,130646116.75,3586219.37998643,133627769.75,6,10,43,1,4,2020
2020-11-01,Arizona,123994824,125675792.0,132210326.0,125962618.0,128518338.5,4518624.8307558885,132299591.0,6,11,44,0,4,2020
2020-11-08,Arizona,130904551,123994824.0,130208125.0,123654446.0,127776468.25,3468159.9931973917,131594366.08333333,6,11,45,0,4,2020
2020-11-15,Arizona,123016313,130904551.0,127220754.0,125902822.0,125897870.0,3513835.895248479,130562648.66666667,6,11,46,0,4,2020
2020-11-22,Arizona,126324975,123016313.0,132505937.0,127294783.0,126060165.75,3515151.4190846644,129765113.0,6,11,47,0,4,2020
2020-11-29,Arizona,119295868,126324975.0,133872032.0,134864797.0,124885426.75,4934197.3049037,127980016.91666667,6,11,48,0,4,2020
2020-12-06,Arizona,118392564,119295868.0,130530706.0,136028525.0,121757430.0,3643664.108765335,126828536.75,6,12,49,0,4,2020
2020-12-13,Arizona,120157853,118392564.0,125675792.0,130942705.0,121042815.0,3594441.365537165,125991014.08333333,6,12,50,0,4,2020
2020-12-20,Arizona,123308776,120157853.0,123994824.0,131535235.0,120288765.25,2138459.498242819,125665015.91666667,6,12,51,0,4,2020
2020-12-27,Arizona,117662825,123308776.0,130904551.0,131413795.0,119880504.5,2514096.0578589034,124428089.91666667,6,12,52,0,4,2020
2021-01-03,Arizona,119728725,117662825.0,123016313.0,138359363.0,120214544.75,2332721.9790782887,123249481.0,6,1,53,0,1,2021
2021-01-10,Arizona,121976001,119728725.0,126324975.0,139014231.0,120669081.75,2489837.6201200206,122536588.91666667,6,1,1,0,1,2021
2021-01-17,Arizona,123411183,121976001.0,119295868.0,134529099.0,120694683.5,2526287.5170924254,122347871.5,6,1,2,0,1,2021
2021-01-24,Arizona,118460351,123411183.0,118392564.0,135096231.0,120894065.0,2220168.8887271644,121886665.41666667,6,1,3,0,1,2021
2021-01-31,Arizona,119030151,118460351.0,120157853.0,144153475.0,120719421.5,2365136.103119863,120897132.08333333,6,1,4,0,1,2021
2021-02-07,Arizona,126877371,119030151.0,123308776.0,136606142.0,121944764.0,3963041.7356010783,121218886.91666667,6,2,5,0,1,2021
2021-02-14,Arizona,123255297,126877371.0,117662825.0,135991553.0,121905792.5,3944537.8412697483,120963080.41666667,6,2,6,0,1,2021
2021-02-21,Arizona,122351717,123255297.0,119728725.0,132190421.0,122878634.0,3225948.7254096284,121217734.5,6,2,7,0,1,2021
2021-02-28,Arizona,124760494,122351717.0,121976001.0,135907144.0,124311219.75,1978349.7728169595,121748395.33333333,6,2,8,0,1,2021
2021-03-07,Arizona,136194918,124760494.0,123411183.0,139932969.0,126640606.5,6446564.583964832,123084817.41666667,6,3,9,0,1,2021
2021-03-14,Arizona,150363246,136194918.0,118460351.0,139367250.0,133417593.75,12809731.515469125,125339356.58333333,6,3,10,0,1,2021
2021-03-21,Arizona,144705321,150363246.0,119030151.0,135396922.0,139005994.75,11140106.519122794,127592897.91666667,6,3,11,0,1,2021
2021-03-28,Arizona,125617568,144705321.0,126877371.0,135895403.0,139220263.25,10777104.66736007,128083634.83333333,6,3,12,0,1,2021
2021-04-04,Arizona,140912772,125617568.0,123255297.0,140717021.0,140399726.75,10592218.691560054,129661699.08333333,6,4,13,0,2,2021
2021-04-11,Arizona,138011956,140912772.0,122351717.0,132210326.0,137311904.25,8263906.109762551,130878430.16666667,6,4,14,0,2,2021
2021-04-18,Arizona,134735709,138011956.0,124760494.0,130208125.0,134819501.25,6633307.682753215,132234710.0,6,4,15,0,2,2021
2021-04-25,Arizona,139157806,134735709.0,136194918.0,127220754.0,138204560.75,2602121.8095030556,133912014.58333333,6,4,16,1,2,2021
2021-05-02,Arizona,144090339,139157806.0,150363246.0,132505937.0,138998952.5,3877149.2172363205,135346428.58333334,6,5,17,0,2,2021
2021-05-09,Arizona,152933491,144090339.0,144705321.0,133872032.0,142729336.25,7802371.59642422,137819611.41666666,6,5,18,0,2,2021
2021-05-16,Arizona,147870671,152933491.0,125617568.0,130530706.0,146013076.75,5831936.422273377,139946190.91666666,6,5,19,0,2,2021
2021-05-23,Arizona,146832911,147870671.0,140912772.0,125675792.0,147931853.0,3696170.507057614,141785559.0,6,5,20,0,2,2021
2021-05-30,Arizona,149964412,146832911.0,138011956.0,123994824.0,149400371.25,2691524.4828709015,142933016.83333334,6,5,21,0,2,2021
2021-06-06,Arizona,153270396,149964412.0,134735709.0,130904551.0,149484597.5,2840111.047048259,143175279.33333334,6,6,22,0,2,2021
2021-06-13,Arizona,152816611,153270396.0,139157806.0,123016313.0,150721082.5,2976612.5531425076,143851220.16666666,6,6,23,0,2,2021
2021-06-20,Arizona,154949376,152816611.0,144090339.0,126324975.0,152750198.75,2071392.7809769674,146295537.5,6,6,24,0,2,2021
2021-06-27,Arizona,147305127,154949376.0,152933491.0,119295868.0,152085377.5,3316235.4926239657,146828233.75,6,6,25,0,2,2021
2021-07-04,Arizona,155493045,147305127.0,147870671.0,118392564.0,152641039.75,3740104.2912611626,148284991.16666666,6,7,26,0,3,2021
2021-07-11,Arizona,150801486,155493045.0,146832911.0,120157853.0,152137258.5,3842876.1309049386,149623805.91666666,6,7,27,0,3,2021
2021-07-18,Arizona,146199274,150801486.0,149964412.0,123308776.0,149949733.0,4183844.9106162996,150210594.91666666,6,7,28,0,3,2021
2021-07-25,Arizona,140495761,146199274.0,153270396.0,117662825.0,148247391.5,6411069.959045546,149911046.75,6,7,29,0,3,2021
2021-08-01,Arizona,144662532,140495761.0,152816611.0,119728725.0,145539763.25,4255669.71193389,149221800.16666666,6,8,30,0,3,2021
2021-08-08,Arizona,154347015,144662532.0,154949376.0,121976001.0,146426145.5,5804350.012670518,149761495.5,6,8,31,0,3,2021
2021-08-15,Arizona,149953473,154347015.0,147305127.0,123411183.0,147364695.25,6053607.830338545,150021542.33333334,6,8,32,1,3,2021
2021-08-22,Arizona,146415000,149953473.0,155493045.0,118460351.0,148844505.0,4277803.916453617,149725758.0,6,8,33,0,3,2021
2021-08-29,Arizona,147911738,146415000.0,150801486.0,119030151.0,149656806.5,3446768.546471158,149279203.16666666,6,8,34,0,3,2021
2021-09-05,Arizona,155366160,147911738.0,146199274.0,126877371.0,149911592.75,3914913.2693910548,149491665.58333334,6,9,35,0,3,2021
2021-09-12,Arizona,149966653,155366160.0,140495761.0,123255297.0,149914887.75,3914965.8137397347,149076438.66666666,6,9,36,0,3,2021
2021-09-19,Arizona,148517047,149966653.0,144662532.0,122351717.0,150440399.5,3395141.924891148,149177432.0,6,9,37,0,3,2021
2021-09-26,Arizona,143876042,148517047.0,154347015.0,124760494.0,149431475.5,4733072.1497980105,148209348.41666666,6,9,38,0,3,2021
2021-10-03,Arizona,200820085,143876042.0,149953473.0,136194918.0,160794956.75,26809574.1460529,152377565.0,6,10,39,0,4,2021
2021-10-10,Arizona,201963815,200820085.0,146415000.0,150363246.0,173794247.25,31926772.00078795,157024610.08333334,6,10,40,0,4,2021
2021-10-17,Arizona,197141587,201963815.0,147911738.0,144705321.0,185950382.25,28124907.463796344,161745095.58333334,6,10,41,0,4,2021
2021-10-24,Arizona,195856140,197141587.0,155366160.0,125617568.0,198945406.75,2911044.580434751,166011229.58333334,6,10,42,0,4,2021
2021-10-31,Arizona,194283831,195856140.0,149966653.0,140912772.0,197311343.25,3314501.3446807554,169339297.58333334,6,10,43,0,4,2021
2021-11-07,Arizona,201120667,194283831.0,148517047.0,138011956.0,197100556.25,2923781.0509658903,173603230.41666666,6,11,44,0,4,2021
2021-11-14,Arizona,196009266,201120667.0,143876042.0,134735709.0,196817476.0,2972887.4896022594,177736085.91666666,6,11,45,0,4,2021
2021-11-21,Arizona,199577574,196009266.0,200820085.0,139157806.0,197747834.5,3148856.2149940436,182041572.25,6,11,46,0,4,2021
2021-11-28,Arizona,184063174,199577574.0,201963815.0,144090339.0,195192670.25,7722284.674077045,184432990.08333334,6,11,47,0,4,2021
2021-12-05,Arizona,186262764,184063174.0,197141587.0,152933491.0,191478194.5,7490300.428751884,187457666.0,6,12,48,0,4,2021
2021-12-12,Arizona,187993597,186262764.0,195856140.0,147870671.0,189474277.25,6924903.7287745215,190747378.5,6,12,49,0,4,2021
2021-12-19,Arizona,191792532,187993597.0,194283831.0,146832911.0,187528016.75,3266438.1768873646,194740419.33333334,6,12,50,0,4,2021
2021-12-26,Arizona,187019454,191792532.0,201120667.0,149964412.0,188267086.75,2454754.435725478,193590366.75,6,12,51,0,4,2021
2022-01-02,Arizona,182124831,187019454.0,196009266.0,153270396.0,187232603.5,3979398.2649499495,191937118.08333334,6,1,52,0,1,2022
2022-01-09,Arizona,187226998,182124831.0,199577574.0,152816611.0,187040953.75,3948874.6692843926,191110902.33333334,6,1,1,0,1,2022
2022-01-16,Arizona,190506028,187226998.0,184063174.0,154949376.0,186719327.75,3454287.3851579367,190665059.66666666,6,1,2,0,1,2022
2022-01-23,Arizona,184460687,190506028.0,186262764.0,147305127.0,186079636.0,3613440.841697057,189846464.33333334,6,1,3,0,1,2022
2022-01-30,Arizona,184840307,184460687.0,187993597.0,155493045.0,186758505.0,2782257.2044358146,188489767.66666666,6,1,4,0,1,2022
2022-02-06,Arizona,191822690,184840307.0,191792532.0,150801486.0,187907428.0,3802159.6160763255,188140886.33333334,6,2,5,0,1,2022
2022-02-13,Arizona,193758115,191822690.0,187019454.0,146199274.0,188720449.75,4768055.235503666,187655931.41666666,6,2,6,0,1,2022
2022-02-20,Arizona,186140486,193758115.0,182124831.0,140495761.0,189140399.5,4320812.241595632,187829040.75,6,2,7,0,1,2022
2022-02-27,Arizona,191804856,186140486.0,187226998.0,144662532.0,190881536.75,3290924.5164975463,188290881.75,6,2,8,0,1,2022
2022-03-06,Arizona,204336119,191804856.0,190506028.0,154347015.0,194009894.0,7604474.346667516,189652758.58333334,6,3,9,0,1,2022
2022-03-13,Arizona,199341790,204336119.0,184460687.0,149953473.0,195405812.75,8042708.000231053,190281863.41666666,6,3,10,0,1,2022
2022-03-20,Arizona,203135958,199341790.0,184840307.0,146415000.0,199654680.75,5649566.490952432,191624905.41666666,6,3,11,0,1,2022
2022-03-27,Arizona,204330837,203135958.0,191822690.0,147911738.0,202786176.0,2364631.280114583,193475405.91666666,6,3,12,0,1,2022
2022-04-03,Arizona,216587578,204330837.0,193758115.0,155366160.0,205849040.75,7468294.210145394,195922120.91666666,6,4,13,0,2,2022
2022-04-10,Arizona,219518921,216587578.0,186140486.0,149966653.0,210893323.5,8367963.015892772,198339862.0,6,4,14,0,2,2022
2022-04-17,Arizona,217866947,219518921.0,191804856.0,148517047.0,214576070.75,6934758.133145416,201123717.0,6,4,15,0,2,2022
2022-04-24,Arizona,207194456,217866947.0,204336119.0,143876042.0,215291975.5,5530098.0816096375,202986562.75,6,4,16,0,2,2022
2022-05-01,Arizona,210346537,207194456.0,199341790.0,200820085.0,213731715.25,5910078.462677787,204530216.66666666,6,5,17,0,2,2022
2022-05-08,Arizona,219329549,210346537.0,203135958.0,201963815.0,213684372.25,5848706.6708869785,206661169.5,6,5,18,0,2,2022
2022-05-15,Arizona,215137302,219329549.0,204330837.0,197141587.0,213001961.0,5334680.309972497,209077570.83333334,6,5,19,0,2,2022
2022-05-22,Arizona,215304100,215137302.0,216587578.0,195856140.0,215029372.0,3674578.8977530813,211035841.16666666,6,5,20,0,2,2022
2022-05-29,Arizona,219462134,215304100.0,219518921.0,194283831.0,217308271.25,2412087.503405401,212296342.41666666,6,5,21,0,2,2022
2022-06-05,Arizona,221466462,219462134.0,217866947.0,201120667.0,217842499.5,3136765.0879317136,214140065.08333334,6,6,22,0,2,2022
2022-06-12,Arizona,228960137,221466462.0,207194456.0,196009266.0,221298208.25,5716466.386929822,216292080.0,6,6,23,0,2,2022
2022-06-19,Arizona,224705587,228960137.0,210346537.0,199577574.0,223648580.0,4148006.374116634,217989975.83333334,6,6,24,0,2,2022
2022-06-26,Arizona,215666630,224705587.0,219329549.0,184063174.0,222699704.0,5603617.98832435,217913230.16666666,6,6,25,0,2,2022
2022-07-03,Arizona,230278334,215666630.0,215137302.0,186262764.0,224902672.0,6600608.01460635,218809847.91666666,6,7,26,0,3,2022
2022-07-10,Arizona,220195810,230278334.0,215304100.0,187993597.0,222711590.25,6250126.64425139,219003919.83333334,6,7,27,1,3,2022
2022-07-17,Arizona,218623208,220195810.0,219462134.0,191792532.0,221190995.5,6342509.020246841,219956315.83333334,6,7,28,0,3,2022
2022-07-24,Arizona,213178650,218623208.0,221466462.0,187019454.0,220569000.5,7137081.969764619,220192325.25,6,7,29,0,3,2022
2022-07-31,Arizona,211959851,213178650.0,228960137.0,182124831.0,215989379.75,4031889.9775507837,219578183.75,6,7,30,0,3,2022
2022-08-07,Arizona,225961035,211959851.0,224705587.0,187226998.0,217430686.0,6382235.985525359,220480161.5,6,8,31,0,3,2022
2022-08-14,Arizona,220700930,225961035.0,215666630.0,190506028.0,217950116.5,6592722.337207284,220929897.33333334,6,8,32,0,3,2022
2022-08-21,Arizona,215522849,220700930.0,230278334.0,184460687.0,218536166.25,6113997.087682474,220601623.58333334,6,8,33,0,3,2022
2022-08-28,Arizona,222686060,215522849.0,220195810.0,184840307.0,221217718.5,4372401.596207569,220703256.75,6,8,34,0,3,2022
2022-09-04,Arizona,232958487,222686060.0,218623208.0,191822690.0,222967081.5,7313439.616758075,221036452.58333334,6,9,35,0,3,2022
2022-09-11,Arizona,226231108,232958487.0,213178650.0,193758115.0,224349626.0,7264798.833593134,221163579.33333334,6,9,36,0,3,2022
2022-09-18,Arizona,218387231,226231108.0,211959851.0,186140486.0,225065721.5,6162220.8427791,221390296.08333334,6,9,37,0,3,2022
2022-09-25,Arizona,211204050,218387231.0,225961035.0,191804856.0,222195219.0,9441802.5583898,219800772.41666666,6,9,38,0,3,2022
2022-10-02,Arizona,214133475,211204050.0,220700930.0,204336119.0,217488966.0,6531753.6118188165,219295577.83333334,6,10,39,1,4,2022
2022-10-09,Arizona,218976019,214133475.0,215522849.0,199341790.0,215675193.75,3679611.23461384,219324978.75,6,10,40,1,4,2022
2022-10-16,Arizona,211117837,218976019.0,222686060.0,203135958.0,213857845.25,3688809.5972035574,219153244.33333334,6,10,41,0,4,2022
2022-10-23,Arizona,206019098,211117837.0,232958487.0,204330837.0,212561607.25,5431523.608931696,218658181.58333334,6,10,42,0,4,2022
2022-10-30,Arizona,203716151,206019098.0,226231108.0,216587578.0,209957276.25,6761299.538798669,216804441.25,6,10,43,0,4,2022
2022-11-06,Arizona,212352076,203716151.0,218387231.0,219518921.0,208301290.5,4105837.4783222764,216108703.41666666,6,11,44,0,4,2022
2022-11-13,Arizona,209536787,212352076.0,211204050.0,217866947.0,207906028.0,3809737.166542791,215609864.91666666,6,11,45,0,4,2022
2022-11-20,Arizona,206468807,209536787.0,214133475.0,207194456.0,208018455.25,3741516.255307164,214258427.16666666,6,11,46,0,4,2022
2022-11-27,Arizona,200179530,206468807.0,218976019.0,210346537.0,207134300.0,5222031.432858688,211526847.41666666,6,11,47,0,4,2022
2022-12-04,Arizona,195652307,200179530.0,211117837.0,219329549.0,202959357.75,6236966.211223353,208978614.0,6,12,48,0,4,2022
2022-12-11,Arizona,200138362,195652307.0,206019098.0,215137302.0,200609751.5,4446425.003019529,207457874.91666666,6,12,49,0,4,2022
2022-12-18,Arizona,204225387,200138362.0,203716151.0,215304100.0,200048896.5,3502291.693311284,206876319.66666666,6,12,50,0,4,2022
2022-12-25,Arizona,206642210,204225387.0,212352076.0,219462134.0,201664566.5,4823943.784825568,206252047.58333334,6,12,51,1,4,2022
2023-01-01,Arizona,188408490,206642210.0,209536787.0,221466462.0,199853612.25,8088456.375469331,203704753.5,6,1,52,0,1,2023
2023-01-08,Arizona,194629091,188408490.0,206468807.0,228960137.0,198476294.5,8483236.464685861,202330691.33333334,6,1,1,0,1,2023
2023-01-15,Arizona,199308521,194629091.0,200179530.0,224705587.0,197247078.0,7691825.667672244,201771476.58333334,6,1,2,0,1,2023
2023-01-22,Arizona,191351464,199308521.0,195652307.0,215666630.0,193424391.5,4673705.779358523,200741086.0,6,1,3,0,1,2023
2023-01-29,Arizona,193432652,191351464.0,200138362.0,230278334.0,194680432.0,3369511.6641052905,199164467.33333334,6,1,4,0,1,2023
2023-02-05,Arizona,203668153,193432652.0,204225387.0,220195810.0,196940197.5,5609847.2640891,198675414.5,6,2,5,0,1,2023
2023-02-12,Arizona,210784001,203668153.0,206642210.0,218623208.0,199809067.5,9083527.908941984,199035014.0,6,2,6,0,1,2023
2023-02-19,Arizona,200168687,210784001.0,188408490.0,213178650.0,202013373.25,7227121.411304771,199034110.41666666,6,2,7,0,1,2023
2023-02-26,Arizona,201565059,200168687.0,194629091.0,211959851.0,204046475.0,4716356.265676534,199526839.75,6,2,8,0,1,2023
2023-03-05,Arizona,216243765,201565059.0,199308521.0,225961035.0,207190378.0,7655636.28509825,200868956.66666666,6,3,9,0,1,2023
2023-03-12,Arizona,235892871,216243765.0,191351464.0,220700930.0,213467595.5,16624594.639357215,203507913.66666666,6,3,10,0,1,2023
2023-03-19,Arizona,227766017,235892871.0,193432652.0,215522849.0,220366928.0,14903155.986645903,205268230.91666666,6,3,11,0,1,2023
2023-03-26,Arizona,207113292,227766017.0,203668153.0,222686060.0,221753986.25,12659186.941488538,206826964.41666666,6,3,12,0,1,2023
2023-04-02,Arizona,215603138,207113292.0,210784001.0,232958487.0,221593829.5,12755820.074132906,208574801.66666666,6,4,13,0,2,2023
2023-04-09,Arizona,229352435,215603138.0,200168687.0,226231108.0,219958720.5,10538372.470948571,211078461.16666666,6,4,14,0,2,2023
2023-04-16,Arizona,223021337,229352435.0,201565059.0,218387231.0,218772550.5,9591135.266847543,213717617.25,6,4,15,0,2,2023
2023-04-23,Arizona,220557323,223021337.0,216243765.0,211204050.0,222133558.25,5716386.9371481445,215978006.5,6,4,16,0,2,2023
2023-04-30,Arizona,231156458,220557323.0,235892871.0,214133475.0,226021888.25,5043845.402961708,218268698.58333334,6,4,17,0,2,2023
2023-05-07,Arizona,240505460,231156458.0,227766017.0,218976019.0,228810144.5,9016742.698405378,220745486.83333334,6,5,18,0,2,2023
2020-05-03,Arkansas,65718902,63303777.0,69299262.0,67349815.0,63765373.5,1373539.2128416505,62686084.916666664,6,5,18,0,2,2020
2020-05-10,Arkansas,66725736,65718902.0,66672578.0,63679443.0,64564780.25,1984193.957950746,63505588.25,6,5,19,0,2,2020
2020-05-17,Arkansas,67059259,66725736.0,59930918.0,59248421.0,65701918.5,1697247.4382109598,64428908.5,6,5,20,0,2,2020
2020-05-24,Arkansas,69534675,67059259.0,63610285.0,57654430.0,67259643.0,1620171.1701967374,65124471.416666664,6,5,21,0,2,2020
2020-05-31,Arkansas,67420353,69534675.0,63528109.0,58551067.0,67685005.75,1265316.147698373,65442880.0,6,5,22,0,2,2020
2020-06-07,Arkansas,70882885,67420353.0,62510706.0,59494648.0,68724293.0,1806362.473143566,65574848.583333336,6,6,23,0,2,2020
2020-06-14,Arkansas,70697390,70882885.0,63303777.0,58265259.0,69633825.75,1591708.7683897854,65910249.583333336,6,6,24,0,2,2020
2020-06-21,Arkansas,70943346,70697390.0,65718902.0,59690104.0,69985993.5,1713625.2339685238,66827951.916666664,6,6,25,0,2,2020
2020-06-28,Arkansas,69082980,70943346.0,66725736.0,58049432.0,70401650.25,885319.9794689645,67284009.83333333,6,6,26,0,2,2020
2020-07-05,Arkansas,76591713,69082980.0,67059259.0,59101265.0,71828857.25,3280700.386557458,68372643.5,6,7,27,0,3,2020
2020-07-12,Arkansas,71426615,76591713.0,69534675.0,58035927.0,72011163.5,3216500.3494367916,69115635.91666667,6,7,28,0,3,2020
2020-07-19,Arkansas,71755452,71426615.0,67420353.0,61147230.0,72214190.0,3151607.9818032575,69819942.16666667,6,7,29,0,3,2020
2020-07-26,Arkansas,70313071,71755452.0,70882885.0,58290655.0,72521712.75,2782648.32092791,70202789.58333333,6,7,30,0,3,2020
2020-08-02,Arkansas,70280652,70313071.0,70697390.0,56942259.0,70943947.5,759270.1644010964,70499032.58333333,6,8,31,0,3,2020
2020-08-09,Arkansas,71170812,70280652.0,70943346.0,57854514.0,70879996.75,714519.4981596031,70841662.0,6,8,32,0,3,2020
2020-08-16,Arkansas,72517548,71170812.0,69082980.0,56718756.0,71070520.75,1049058.143140909,71090234.75,6,8,33,0,3,2020
2020-08-23,Arkansas,70270227,72517548.0,76591713.0,55036034.0,71059809.75,1059536.0656911363,71327724.25,6,8,34,0,3,2020
2020-08-30,Arkansas,69321237,70270227.0,71426615.0,58093735.0,70819956.0,1360548.8041720525,71197586.91666667,6,8,35,1,3,2020
2020-09-06,Arkansas,70544925,69321237.0,71755452.0,58021180.0,70663484.25,1342620.2776206874,71184881.5,6,9,36,0,3,2020
2020-09-13,Arkansas,71051325,70544925.0,70313071.0,56891696.0,70296928.5,726476.2479482739,71193879.75,6,9,37,0,3,2020
2020-09-20,Arkansas,68622672,71051325.0,70280652.0,55979416.0,69885039.75,1111622.7934395066,71155520.75,6,9,38,0,3,2020
2020-09-27,Arkansas,64905092,68622672.0,71170812.0,61187920.0,68781003.5,2787683.482227314,70181635.66666667,6,9,39,0,3,2020
2020-10-04,Arkansas,67850338,64905092.0,72517548.0,63599450.0,68107356.75,2533315.155472158,69883612.58333333,6,10,40,0,4,2020
2020-10-11,Arkansas,67105075,67850338.0,70270227.0,69299262.0,67120794.25,1601817.1363157916,69496081.16666667,6,10,41,0,4,2020
2020-10-18,Arkansas,64996749,67105075.0,69321237.0,66672578.0,66214313.5,1490699.6637155572,69053054.33333333,6,10,42,0,4,2020
2020-10-25,Arkansas,62410736,64996749.0,70544925.0,59930918.0,65590724.5,2440235.259216143,68397228.0,6,10,43,1,4,2020
2020-11-01,Arkansas,61173665,62410736.0,71051325.0,63610285.0,63921556.25,2653570.879079156,67564132.41666667,6,11,44,0,4,2020
2020-11-08,Arkansas,63896293,61173665.0,68622672.0,63528109.0,63119360.75,1674922.023081351,66845694.5,6,11,45,0,4,2020
2020-11-15,Arkansas,63680879,63896293.0,64905092.0,62510706.0,62790393.25,1261471.2296664792,66296582.166666664,6,11,46,0,4,2020
2020-11-22,Arkansas,64469135,63680879.0,67850338.0,63303777.0,63304993.0,1459304.8133436723,65892240.333333336,6,11,47,0,4,2020
2020-11-29,Arkansas,62518778,64469135.0,67105075.0,65718902.0,63641271.25,818933.1172716493,65223394.75,6,11,48,0,4,2020
2020-12-06,Arkansas,60541396,62518778.0,64996749.0,66725736.0,62802547.0,1707074.6277506473,64347567.333333336,6,12,49,0,4,2020
2020-12-13,Arkansas,62551318,60541396.0,62410736.0,67059259.0,62520156.75,1603639.948073006,63841621.166666664,6,12,50,0,4,2020
2020-12-20,Arkansas,63362785,62551318.0,61173665.0,69534675.0,62243569.25,1200067.611604555,63713095.583333336,6,12,51,0,4,2020
2020-12-27,Arkansas,63040188,63362785.0,63896293.0,67420353.0,62373921.75,1266409.7937367118,63312249.75,6,12,52,0,4,2020
2021-01-03,Arkansas,61067745,63040188.0,63680879.0,70882885.0,62505509.0,1014900.2508282992,62809138.916666664,6,1,53,0,1,2021
2021-01-10,Arkansas,62054714,61067745.0,64469135.0,70697390.0,62381358.0,1037550.2143244337,62563969.333333336,6,1,1,0,1,2021
2021-01-17,Arkansas,61751789,62054714.0,62518778.0,70943346.0,61978609.0,819321.3620963045,62509057.083333336,6,1,2,0,1,2021
2021-01-24,Arkansas,59692624,61751789.0,60541396.0,69082980.0,61141718.0,1050570.281104829,62385637.0,6,1,3,0,1,2021
2021-01-31,Arkansas,60629838,59692624.0,62551318.0,76591713.0,61032241.25,1083159.305170264,62113432.416666664,6,1,4,0,1,2021
2021-02-07,Arkansas,62729412,60629838.0,63362785.0,71426615.0,61200915.75,1321720.5861417642,62034143.5,6,2,5,0,1,2021
2021-02-14,Arkansas,63052100,62729412.0,63040188.0,71755452.0,61525993.5,1627017.2647306721,61916057.25,6,2,6,0,1,2021
2021-02-21,Arkansas,56331936,63052100.0,61067745.0,70313071.0,60685821.5,3094887.6754326657,61400487.083333336,6,2,7,0,1,2021
2021-02-28,Arkansas,65438140,56331936.0,62054714.0,70280652.0,61887897.0,3895999.8337185127,61808549.083333336,6,2,8,0,1,2021
2021-03-07,Arkansas,67470845,65438140.0,61751789.0,71170812.0,63073255.25,4843459.791826182,62218509.666666664,6,3,9,0,1,2021
2021-03-14,Arkansas,73830082,67470845.0,59692624.0,72517548.0,65767750.75,7235213.851986749,63090784.416666664,6,3,10,0,1,2021
2021-03-21,Arkansas,71996987,73830082.0,60629838.0,70270227.0,69684013.5,3892954.6193856876,63837184.333333336,6,3,11,0,1,2021
2021-03-28,Arkansas,64565241,71996987.0,62729412.0,69321237.0,69465788.75,4220947.325285042,64128642.333333336,6,3,12,0,1,2021
2021-04-04,Arkansas,68515097,64565241.0,63052100.0,70544925.0,69726851.75,4086587.3148823027,64667007.583333336,6,4,13,0,2,2021
2021-04-11,Arkansas,68454423,68515097.0,56331936.0,71051325.0,68382937.0,3036375.9464594233,65225560.416666664,6,4,14,0,2,2021
2021-04-18,Arkansas,67525813,68454423.0,65438140.0,68622672.0,67265143.5,1855998.525414203,65878326.166666664,6,4,15,0,2,2021
2021-04-25,Arkansas,67632914,67525813.0,67470845.0,64905092.0,68032061.75,525140.8704499641,66461915.833333336,6,4,16,1,2,2021
2021-05-02,Arkansas,70271403,67632914.0,73830082.0,67850338.0,68471138.25,1269841.498147287,67090415.083333336,6,5,17,0,2,2021
2021-05-09,Arkansas,71602056,70271403.0,71996987.0,67105075.0,69258046.5,2013534.2454881903,67802911.41666667,6,5,18,0,2,2021
2021-05-16,Arkansas,69891687,71602056.0,64565241.0,64996749.0,69849515.0,1649695.720631543,68932890.66666667,6,5,19,0,2,2021
2021-05-23,Arkansas,71888898,69891687.0,68515097.0,62410736.0,70913511.0,980119.2082996977,69470453.83333333,6,5,20,0,2,2021
2021-05-30,Arkansas,72688736,71888898.0,68454423.0,61173665.0,71517844.25,1177588.9769882683,69905278.08333333,6,5,21,0,2,2021
2021-06-06,Arkansas,73746656,72688736.0,67525813.0,63896293.0,72053994.25,1630013.3234908257,69898325.91666667,6,6,22,0,2,2021
2021-06-13,Arkansas,75043823,73746656.0,67632914.0,63680879.0,73342028.25,1366041.3945134606,70152228.91666667,6,6,23,0,2,2021
2021-06-20,Arkansas,78781472,75043823.0,70271403.0,64469135.0,75065171.75,2658149.3546044924,71336914.83333333,6,6,24,0,2,2021
2021-06-27,Arkansas,74788922,78781472.0,71602056.0,62518778.0,75590218.25,2200261.0236061267,71859733.58333333,6,6,25,0,2,2021
2021-07-04,Arkansas,80327966,74788922.0,69891687.0,60541396.0,77235545.75,2753335.3930569883,72849195.5,6,7,26,0,3,2021
2021-07-11,Arkansas,76636654,80327966.0,71888898.0,62551318.0,77633753.5,2426472.9153437978,73608432.25,6,7,27,0,3,2021
2021-07-18,Arkansas,77954786,76636654.0,72688736.0,63362785.0,77427082.0,2329396.495651187,74468588.25,6,7,28,0,3,2021
2021-07-25,Arkansas,76727707,77954786.0,73746656.0,63040188.0,77911778.25,1719280.8077628308,75006613.58333333,6,7,29,0,3,2021
2021-08-01,Arkansas,76563570,76727707.0,75043823.0,61067745.0,76970679.25,659497.8945477692,75420073.08333333,6,8,30,0,3,2021
2021-08-08,Arkansas,76788500,76563570.0,78781472.0,62054714.0,77008640.75,637877.8692672607,75994807.5,6,8,31,0,3,2021
2021-08-15,Arkansas,78200292,76788500.0,74788922.0,61751789.0,77070017.25,759481.8621540217,76520757.0,6,8,32,1,3,2021
2021-08-22,Arkansas,75360902,78200292.0,80327966.0,59692624.0,76728316.0,1164373.6156326109,76743437.5,6,8,33,0,3,2021
2021-08-29,Arkansas,76041639,75360902.0,76636654.0,60629838.0,76597833.25,1217042.702067437,76934686.08333333,6,8,34,0,3,2021
2021-09-05,Arkansas,77173311,76041639.0,77954786.0,62729412.0,76694036.0,1251849.2681796895,77112143.41666667,6,9,35,0,3,2021
2021-09-12,Arkansas,76970529,77173311.0,76727707.0,63052100.0,76386595.25,842801.2326357123,76961231.5,6,9,36,0,3,2021
2021-09-19,Arkansas,74662068,76970529.0,76563570.0,56331936.0,76211886.75,1144668.3808283848,76950660.33333333,6,9,37,0,3,2021
2021-09-26,Arkansas,70631842,74662068.0,76788500.0,65438140.0,74859437.5,3039859.4444768373,76142650.0,6,9,38,0,3,2021
2021-10-03,Arkansas,105087223,70631842.0,78200292.0,67470845.0,81837915.5,15719315.307402305,78513530.75,6,10,39,0,4,2021
2021-10-10,Arkansas,104309748,105087223.0,75360902.0,73830082.0,88672720.25,18580672.77115104,80709777.58333333,6,10,40,0,4,2021
2021-10-17,Arkansas,101130188,104309748.0,76041639.0,71996987.0,95289750.25,16527492.087166367,82743317.66666667,6,10,41,0,4,2021
2021-10-24,Arkansas,98315876,101130188.0,77173311.0,64565241.0,102210758.75,3110066.839321772,84556009.83333333,6,10,42,0,4,2021
2021-10-31,Arkansas,96518730,98315876.0,76970529.0,68515097.0,100068635.5,3405286.2763495115,86200195.66666667,6,10,43,0,4,2021
2021-11-07,Arkansas,98227444,96518730.0,74662068.0,68454423.0,98548059.5,1909822.7916567675,87869125.0,6,11,44,0,4,2021
2021-11-14,Arkansas,99626519,98227444.0,70631842.0,67525813.0,98172142.25,1274454.3242544625,89891259.75,6,11,45,0,4,2021
2021-11-21,Arkansas,100440189,99626519.0,105087223.0,67632914.0,98703220.5,1719292.6561657991,91924472.25,6,11,46,0,4,2021
2021-11-28,Arkansas,95547889,100440189.0,104309748.0,70271403.0,98460510.25,2146034.077169535,93455687.08333333,6,11,47,0,4,2021
2021-12-05,Arkansas,95357790,95547889.0,101130188.0,71602056.0,97743096.75,2666471.534572777,94987958.83333333,6,12,48,0,4,2021
2021-12-12,Arkansas,96826619,95357790.0,98315876.0,69891687.0,97043121.75,2356763.5594893466,96835004.75,6,12,49,0,4,2021
2021-12-19,Arkansas,99984094,96826619.0,96518730.0,71888898.0,96929098.0,2138554.7797521213,99281025.75,6,12,50,0,4,2021
2021-12-26,Arkansas,99759952,99984094.0,98227444.0,72688736.0,97982113.75,2265014.8657823186,98837086.5,6,12,51,0,4,2021
2022-01-02,Arkansas,93380357,99759952.0,99626519.0,73746656.0,97487755.5,3093132.541110437,97926303.91666667,6,1,52,0,1,2022
2022-01-09,Arkansas,94532467,93380357.0,100440189.0,75043823.0,96914217.5,3448828.402392756,97376493.83333333,6,1,1,0,1,2022
2022-01-16,Arkansas,98948580,94532467.0,95547889.0,78781472.0,96655339.0,3169104.436722248,97429219.16666667,6,1,2,0,1,2022
2022-01-23,Arkansas,92112220,98948580.0,95357790.0,74788922.0,94743406.0,2972598.5251400224,97062010.0,6,1,3,0,1,2022
2022-01-30,Arkansas,94644193,92112220.0,96826619.0,80327966.0,95059365.0,2843802.985395783,96763405.75,6,1,4,0,1,2022
2022-02-06,Arkansas,96618081,94644193.0,99984094.0,76636654.0,95580768.5,2905521.9775593337,96512702.58333333,6,2,5,0,1,2022
2022-02-13,Arkansas,97702066,96618081.0,99759952.0,77954786.0,95269140.0,2455977.2923872825,96284525.66666667,6,2,6,0,1,2022
2022-02-20,Arkansas,90819494,97702066.0,93380357.0,76727707.0,94945958.5,3028249.98380874,95890492.75,6,2,7,0,1,2022
2022-02-27,Arkansas,99037115,90819494.0,94532467.0,76563570.0,96044189.0,3620909.2807973847,96197103.16666667,6,2,8,0,1,2022
2022-03-06,Arkansas,103093646,99037115.0,98948580.0,76788500.0,97663080.25,5106048.978390651,96719355.41666667,6,3,9,0,1,2022
2022-03-13,Arkansas,102169602,103093646.0,92112220.0,78200292.0,98779964.25,5583687.772606578,96901481.08333333,6,3,10,0,1,2022
2022-03-20,Arkansas,102381503,102169602.0,94644193.0,75360902.0,101670466.5,1799508.1886879457,97119943.66666667,6,3,11,0,1,2022
2022-03-27,Arkansas,99464637,102381503.0,96618081.0,76041639.0,101777347.0,1591659.4127787845,97626967.0,6,3,12,0,1,2022
2022-04-03,Arkansas,103811548,99464637.0,97702066.0,77173311.0,101956822.5,1814444.2573839622,98400223.75,6,4,13,0,2,2022
2022-04-10,Arkansas,105314661,103811548.0,90819494.0,76970529.0,102743087.25,2492226.5237836805,98930730.5,6,4,14,0,2,2022
2022-04-17,Arkansas,104085976,105314661.0,99037115.0,74662068.0,103169205.5,2554726.2808794817,99928543.5,6,4,15,0,2,2022
2022-04-24,Arkansas,100996169,104085976.0,103093646.0,70631842.0,103552088.5,1824987.799322954,100457874.83333333,6,4,16,0,2,2022
2022-05-01,Arkansas,103805094,100996169.0,102169602.0,105087223.0,103550475.0,1824684.7709850157,101056792.58333333,6,5,17,0,2,2022
2022-05-08,Arkansas,105764203,103805094.0,102381503.0,104309748.0,103662860.5,1977046.699274865,101728637.33333333,6,5,18,0,2,2022
2022-05-15,Arkansas,110749148,105764203.0,99464637.0,101130188.0,105328653.5,4109465.4755519773,103389441.83333333,6,5,19,0,2,2022
2022-05-22,Arkansas,110460402,110749148.0,103811548.0,98315876.0,107694711.75,3456135.300167933,104341382.41666667,6,5,20,0,2,2022
2022-05-29,Arkansas,109863859,110460402.0,105314661.0,96518730.0,109209403.0,2326193.5186739382,104905566.83333333,6,5,21,0,2,2022
2022-06-05,Arkansas,109057664,109863859.0,104085976.0,98227444.0,110032768.25,747312.7866903443,105479572.0,6,6,22,0,2,2022
2022-06-12,Arkansas,110363535,109057664.0,100996169.0,99626519.0,109936365.0,641472.6686061051,106144741.33333333,6,6,23,0,2,2022
2022-06-19,Arkansas,117770997,110363535.0,103805094.0,100440189.0,111764013.75,4040631.3672599345,107670271.33333333,6,6,24,0,2,2022
2022-06-26,Arkansas,114411032,117770997.0,105764203.0,95547889.0,112900807.0,3966821.8810175103,108553561.66666667,6,6,25,0,2,2022
2022-07-03,Arkansas,119976406,114411032.0,110749148.0,95357790.0,115630492.5,4191127.488789815,109775373.75,6,7,26,0,3,2022
2022-07-10,Arkansas,117172559,119976406.0,110460402.0,96826619.0,117332748.5,2290784.0511740996,110865922.33333333,6,7,27,1,3,2022
2022-07-17,Arkansas,114762339,117172559.0,109863859.0,99984094.0,116580584.0,2575203.048113415,112013103.16666667,6,7,28,0,3,2022
2022-07-24,Arkansas,114581651,114762339.0,109057664.0,99759952.0,116623238.75,2528274.2311724955,112911149.58333333,6,7,29,0,3,2022
2022-07-31,Arkansas,114979802,114581651.0,110363535.0,93380357.0,115374087.75,1209979.7003264977,113679116.16666667,6,7,30,0,3,2022
2022-08-07,Arkansas,116148959,114979802.0,117770997.0,94532467.0,115118187.75,706196.3850107134,114129100.41666667,6,8,31,0,3,2022
2022-08-14,Arkansas,118150219,116148959.0,114411032.0,98948580.0,115965157.75,1601384.0312998628,114769918.5,6,8,32,0,3,2022
2022-08-21,Arkansas,112180743,118150219.0,119976406.0,92112220.0,115364930.75,2493986.548594613,114962992.16666667,6,8,33,0,3,2022
2022-08-28,Arkansas,113832344,112180743.0,117172559.0,94644193.0,115078066.25,2616055.5384312603,115360882.16666667,6,8,34,0,3,2022
2022-09-04,Arkansas,118942575,113832344.0,114762339.0,96618081.0,115776470.25,3284701.089821853,116075802.16666667,6,9,35,0,3,2022
2022-09-11,Arkansas,116255198,118942575.0,114581651.0,97702066.0,115302715.0,2947569.8878519046,115949485.58333333,6,9,36,0,3,2022
2022-09-18,Arkansas,113416519,116255198.0,114979802.0,90819494.0,115611659.0,2549100.8435918386,115866609.5,6,9,37,0,3,2022
2022-09-25,Arkansas,110869552,113416519.0,116148959.0,99037115.0,114870961.0,3493843.545142888,115107705.0,6,9,38,0,3,2022
2022-10-02,Arkansas,112136004,110869552.0,118150219.0,103093646.0,113169318.25,2305097.6252755253,114687992.08333333,6,10,39,1,4,2022
2022-10-09,Arkansas,112645109,112136004.0,112180743.0,102169602.0,112266796.0,1069950.3174599372,114511556.25,6,10,40,1,4,2022
2022-10-16,Arkansas,109648626,112645109.0,113832344.0,102381503.0,111324822.75,1343884.6432149117,114100470.83333333,6,10,41,0,4,2022
2022-10-23,Arkansas,105598575,109648626.0,118942575.0,99464637.0,110007078.5,3217396.4633819936,113318701.91666667,6,10,42,0,4,2022
2022-10-30,Arkansas,102518258,105598575.0,116255198.0,103811548.0,107602642.0,4452705.887970068,112182810.16666667,6,10,43,0,4,2022
2022-11-06,Arkansas,104366457,102518258.0,113416519.0,105314661.0,105532979.0,3021708.641820052,111034163.33333333,6,11,44,0,4,2022
2022-11-13,Arkansas,104922414,104366457.0,110869552.0,104085976.0,104351426.0,1321884.862803864,110429302.58333333,6,11,45,0,4,2022
2022-11-20,Arkansas,104002357,104922414.0,112136004.0,100996169.0,103952371.5,1028207.0696458272,109610137.0,6,11,46,0,4,2022
2022-11-27,Arkansas,103751416,104002357.0,112645109.0,103805094.0,104260661.0,508317.8969457273,108344207.08333333,6,11,47,0,4,2022
2022-12-04,Arkansas,99768472,103751416.0,109648626.0,105764203.0,103111164.75,2284612.582482695,106970313.25,6,12,48,0,4,2022
2022-12-11,Arkansas,102920616,99768472.0,105598575.0,110749148.0,102610715.25,1950405.9516260326,106095654.66666667,6,12,49,0,4,2022
2022-12-18,Arkansas,104855820,102920616.0,102518258.0,110460402.0,102824081.0,2185862.06742725,105594510.33333333,6,12,50,0,4,2022
2022-12-25,Arkansas,110014384,104855820.0,104366457.0,109863859.0,104389823.0,4296056.095256828,105417708.66666667,6,12,51,1,4,2022
2023-01-01,Arkansas,96531612,110014384.0,104922414.0,109057664.0,103580608.0,5572060.460045278,104074917.25,6,1,52,0,1,2023
2023-01-08,Arkansas,99012694,96531612.0,104002357.0,110363535.0,102603627.5,6048577.204406862,103188589.58333333,6,1,1,0,1,2023
2023-01-15,Arkansas,101487862,99012694.0,103751416.0,117770997.0,101761638.0,5862099.59299294,102846030.16666667,6,1,2,0,1,2023
2023-01-22,Arkansas,96226248,101487862.0,99768472.0,114411032.0,98314604.0,2456093.59467862,102321696.0,6,1,3,0,1,2023
2023-01-29,Arkansas,98786791,96226248.0,102920616.0,119976406.0,98878398.75,2150165.0516381892,101856723.83333333,6,1,4,0,1,2023
2023-02-05,Arkansas,100758299,98786791.0,104855820.0,117172559.0,99314800.0,2353991.98381742,101509714.25,6,2,5,0,1,2023
2023-02-12,Arkansas,103288441,100758299.0,110014384.0,114762339.0,99764944.75,2993378.1327488385,101450221.25,6,2,6,0,1,2023
2023-02-19,Arkansas,100840048,103288441.0,96531612.0,114581651.0,100918394.75,1843241.9479960466,101207607.25,6,2,7,0,1,2023
2023-02-26,Arkansas,102483063,100840048.0,99012694.0,114979802.0,101842462.75,1249195.4941220898,101433823.16666667,6,2,8,0,1,2023
2023-03-05,Arkansas,111201474,102483063.0,101487862.0,116148959.0,104453256.5,4612742.230975012,102123894.66666667,6,3,9,0,1,2023
2023-03-12,Arkansas,116121676,111201474.0,96226248.0,118150219.0,107661565.25,7244639.650709454,103062716.0,6,3,10,0,1,2023
2023-03-19,Arkansas,111784587,116121676.0,98786791.0,112180743.0,110397700.0,5714743.747074757,103210232.91666667,6,3,11,0,1,2023
2023-03-26,Arkansas,102395451,111784587.0,100758299.0,113832344.0,110375797.0,5755214.433734163,103698886.16666667,6,3,12,0,1,2023
2023-04-02,Arkansas,109455465,102395451.0,103288441.0,118942575.0,109939294.75,5737903.54164483,104569117.08333333,6,4,13,0,2,2023
2023-04-09,Arkansas,112740581,109455465.0,100840048.0,116255198.0,109094021.0,4673971.439222113,105506843.66666667,6,4,14,0,2,2023
2023-04-16,Arkansas,111327538,112740581.0,102483063.0,113416519.0,108979758.75,4591123.914171229,106765284.5,6,4,15,0,2,2023
2023-04-23,Arkansas,110406153,111327538.0,111201474.0,110869552.0,110982434.25,1399275.0220914215,107733564.66666667,6,4,16,0,2,2023
2023-04-30,Arkansas,111996706,110406153.0,116121676.0,112136004.0,111617744.5,992731.4842945689,108670098.58333333,6,4,17,0,2,2023
2023-05-07,Arkansas,116455073,111996706.0,111784587.0,112645109.0,112546367.5,2686147.793550774,109767317.91666667,6,5,18,0,2,2023
2020-05-03,California,523453599,511961313.0,594467897.0,506587724.0,504901990.25,16782135.172509108,498029385.8333333,6,5,18,0,2,2020
2020-05-10,California,532766128,523453599.0,514100499.0,504318966.0,517029653.0,14221240.345608654,505235948.75,6,5,19,0,2,2020
2020-05-17,California,506672448,532766128.0,465090389.0,491957817.0,518713372.0,11697917.973159757,509591632.5,6,5,20,0,2,2020
2020-05-24,California,528426454,506672448.0,489779220.0,505768872.0,522829657.25,11423693.198525235,512953034.5,6,5,21,0,2,2020
2020-05-31,California,525499509,528426454.0,484255477.0,492597099.0,523341134.75,11506442.644733936,514700875.4166667,6,5,22,0,2,2020
2020-06-07,California,556528877,525499509.0,499937572.0,497063952.0,529281822.0,20563911.30832763,511539290.4166667,6,6,23,0,2,2020
2020-06-14,California,572134465,556528877.0,511961313.0,486794359.0,545647326.25,22527536.09013345,516375454.25,6,6,24,0,2,2020
2020-06-21,California,539820647,572134465.0,523453599.0,477240955.0,548495874.5,20227081.58532387,522602975.75,6,6,25,0,2,2020
2020-06-28,California,550818407,539820647.0,532766128.0,444766891.0,554825599.0,13462344.649656557,527689574.6666667,6,6,26,0,2,2020
2020-07-05,California,585581852,550818407.0,506672448.0,449865324.0,562088842.75,20621439.280236796,536133439.25,6,7,27,0,3,2020
2020-07-12,California,572401489,585581852.0,528426454.0,461461506.0,562155598.75,20665184.85117162,542172099.0,6,7,28,0,3,2020
2020-07-19,California,566344439,572401489.0,525499509.0,491464690.0,568786546.75,14421835.554113261,546704026.1666666,6,7,29,0,3,2020
2020-07-26,California,563610657,566344439.0,556528877.0,446846319.0,571984609.25,9780821.299234135,550050447.6666666,6,7,30,0,3,2020
2020-08-02,California,571725103,563610657.0,572134465.0,450124199.0,568520422.0,4249445.287005808,553297028.9166666,6,8,31,0,3,2020
2020-08-09,California,572375905,571725103.0,539820647.0,449525601.0,568514026.0,4241668.7050933,558772317.0,6,8,32,0,3,2020
2020-08-16,California,590385374,572375905.0,550818407.0,439475032.0,574524259.75,11300919.975519443,563935560.3333334,6,8,33,0,3,2020
2020-08-23,California,586280792,590385374.0,585581852.0,450336277.0,580191793.5,9552625.24492977,569000667.25,6,8,34,0,3,2020
2020-08-30,California,577902644,586280792.0,572401489.0,467920813.0,581736178.75,8119376.031426277,570781814.5,6,8,35,1,3,2020
2020-09-06,California,590828387,577902644.0,566344439.0,446322189.0,586349299.25,5991738.885483539,572339641.3333334,6,9,36,0,3,2020
2020-09-13,California,555189447,590828387.0,563610657.0,446287373.0,577550317.5,15839412.637703843,573620374.6666666,6,9,37,0,3,2020
2020-09-20,California,546802449,555189447.0,571725103.0,454404243.0,567680731.75,20266855.691942673,573285711.5,6,9,38,0,3,2020
2020-09-27,California,536372040,546802449.0,572375905.0,488089630.0,557298080.75,23641666.895636473,569184893.8333334,6,9,39,0,3,2020
2020-10-04,California,554931497,536372040.0,590385374.0,504525418.0,548323858.25,8868630.941350723,567729061.1666666,6,10,40,0,4,2020
2020-10-11,California,543419228,554931497.0,586280792.0,594467897.0,545381303.5,7708056.81305278,565818626.9166666,6,10,41,0,4,2020
2020-10-18,California,535362222,543419228.0,577902644.0,514100499.0,542521246.75,9016375.114540918,563464590.6666666,6,10,42,0,4,2020
2020-10-25,California,529163244,535362222.0,590828387.0,465090389.0,540719047.75,11128295.309565557,559917769.0833334,6,10,43,1,4,2020
2020-11-01,California,517917263,529163244.0,555189447.0,489779220.0,531465489.25,10753777.071964294,555379548.9166666,6,11,44,0,4,2020
2020-11-08,California,513811149,517917263.0,546802449.0,484255477.0,524063469.5,9942424.888367249,548998363.5,6,11,45,0,4,2020
2020-11-15,California,497866038,513811149.0,536372040.0,499937572.0,514689423.5,12957727.34038067,541630467.3333334,6,11,46,0,4,2020
2020-11-22,California,521507022,497866038.0,554931497.0,511961313.0,512775368.0,10424999.266116796,536930832.1666666,6,11,47,0,4,2020
2020-11-29,California,471884849,521507022.0,543419228.0,523453599.0,501267264.5,21923286.739044506,527018870.6666667,6,11,48,0,4,2020
2020-12-06,California,479476192,471884849.0,535362222.0,532766128.0,492683525.25,22095783.82580448,520709432.75,6,12,49,0,4,2020
2020-12-13,California,487555072,479476192.0,529163244.0,506672448.0,490105783.75,21890139.165084373,515772151.3333333,6,12,50,0,4,2020
2020-12-20,California,505770196,487555072.0,517917263.0,528426454.0,486171577.25,14548295.4599087,513221997.6666667,6,12,51,0,4,2020
2020-12-27,California,474551686,505770196.0,513811149.0,525499509.0,486838286.5,13712427.040738588,506523680.0833333,6,12,52,0,4,2020
2021-01-03,California,479823371,474551686.0,497866038.0,556528877.0,486925081.25,13651256.80140155,501224025.3333333,6,1,53,0,1,2021
2021-01-10,California,478632113,479823371.0,521507022.0,572134465.0,484694341.5,14230742.209443824,496496516.25,6,1,1,0,1,2021
2021-01-17,California,488099008,478632113.0,471884849.0,539820647.0,480276544.5,5682559.905334762,493074496.5833333,6,1,2,0,1,2021
2021-01-24,California,475172743,488099008.0,479476192.0,550818407.0,480431808.75,5478832.545662211,489512453.25,6,1,3,0,1,2021
2021-01-31,California,476419790,475172743.0,487555072.0,585581852.0,479580913.5,5856131.40901792,486396506.6666667,6,1,4,0,1,2021
2021-02-07,California,494320647,476419790.0,505770196.0,572401489.0,483503047.0,9268401.907088978,486101057.4166667,6,2,5,0,1,2021
2021-02-14,California,485051221,494320647.0,474551686.0,566344439.0,482741100.25,8881845.820837853,483063074.0,6,2,6,0,1,2021
2021-02-21,California,482836202,485051221.0,479823371.0,563610657.0,484656965.0,7409642.759572597,483975686.75,6,2,7,0,1,2021
2021-02-28,California,514375629,482836202.0,478632113.0,571725103.0,494145924.75,14374687.55474069,486883973.1666667,6,2,8,0,1,2021
2021-03-07,California,538794933,514375629.0,488099008.0,572375905.0,505264496.25,26576354.20149978,491153961.5833333,6,3,9,0,1,2021
2021-03-14,California,612121418,538794933.0,475172743.0,590385374.0,537032045.5,55051564.60410361,500016563.4166667,6,3,10,0,1,2021
2021-03-21,California,535505288,612121418.0,476419790.0,586280792.0,550199317.0,42675745.167670466,505096030.25,6,3,11,0,1,2021
2021-03-28,California,488584342,535505288.0,494320647.0,577902644.0,543751495.25,51024270.62323065,505826111.1666667,6,3,12,0,1,2021
2021-04-04,California,536621575,488584342.0,485051221.0,590828387.0,543208155.75,51106150.83686839,510658566.3333333,6,4,13,0,2,2021
2021-04-11,California,508801549,536621575.0,482836202.0,555189447.0,517378188.5,23105150.952762384,512383778.0833333,6,4,14,0,2,2021
2021-04-18,California,515453323,508801549.0,514375629.0,546802449.0,512365197.25,19800143.496699657,515740493.0833333,6,4,15,0,2,2021
2021-04-25,California,532877586,515453323.0,538794933.0,536372040.0,523438508.25,13427499.11274723,520445309.4166667,6,4,16,1,2,2021
2021-05-02,California,552679135,532877586.0,612121418.0,554931497.0,527452898.25,19643937.934962213,525308516.75,6,5,17,0,2,2021
2021-05-09,California,576813823,552679135.0,535505288.0,543419228.0,544455966.75,26393582.568778973,532955400.25,6,5,18,0,2,2021
2021-05-16,California,551703983,576813823.0,488584342.0,535362222.0,553518631.75,18006632.203226406,538694382.0,6,5,19,0,2,2021
2021-05-23,California,564105034,551703983.0,536621575.0,529163244.0,561325493.75,11760770.605475448,542838499.0833334,6,5,20,0,2,2021
2021-05-30,California,580968751,564105034.0,508801549.0,517917263.0,568397897.75,13240966.959943637,546352983.9166666,6,5,21,0,2,2021
2021-06-06,California,578471229,580968751.0,515453323.0,513811149.0,568812249.25,13612825.742651513,543548801.5,6,6,22,0,2,2021
2021-06-13,California,589885974,578471229.0,532877586.0,497866038.0,578357747.0,10690651.144438326,548080525.3333334,6,6,23,0,2,2021
2021-06-20,California,602011587,589885974.0,552679135.0,521507022.0,587834385.25,10645933.409460772,557532795.75,6,6,24,0,2,2021
2021-06-27,California,585311316,602011587.0,576813823.0,471884849.0,588920026.5,9908282.252182353,561590274.1666666,6,6,25,0,2,2021
2021-07-04,California,622923228,585311316.0,551703983.0,479476192.0,600033026.25,16808405.247041643,571100414.0833334,6,7,26,0,3,2021
2021-07-11,California,612497091,622923228.0,564105034.0,487555072.0,605685805.5,16043088.320492528,579187394.75,6,7,27,0,3,2021
2021-07-18,California,608751471,612497091.0,580968751.0,505770196.0,607370776.5,15881687.17806933,585510218.5,6,7,28,0,3,2021
2021-07-25,California,598589158,608751471.0,578471229.0,474551686.0,610690237.0,10051628.669862352,589336053.75,6,7,29,0,3,2021
2021-08-01,California,602999392,598589158.0,589885974.0,479823371.0,605709278.0,6147328.268432744,591518184.5,6,8,30,0,3,2021
2021-08-08,California,611364709,602999392.0,602011587.0,478632113.0,605426182.5,5743339.816515821,596489911.6666666,6,8,31,0,3,2021
2021-08-15,California,638156864,611364709.0,585311316.0,488099008.0,612777530.75,17729716.48785381,602660897.5,6,8,32,1,3,2021
2021-08-22,California,617148868,638156864.0,622923228.0,475172743.0,617417458.25,14996794.095831452,605675907.25,6,8,33,0,3,2021
2021-08-29,California,595262791,617148868.0,612497091.0,476419790.0,615483308.0,17726593.931800406,607075204.0833334,6,8,34,0,3,2021
2021-09-05,California,625640392,595262791.0,608751471.0,494320647.0,619052228.75,18055018.81887657,610054738.9166666,6,9,35,0,3,2021
2021-09-12,California,602636475,625640392.0,598589158.0,485051221.0,610172131.5,13747926.972422998,610106812.9166666,6,9,36,0,3,2021
2021-09-19,California,586302816,602636475.0,602999392.0,482836202.0,602460618.5,16834648.0744194,610189437.9166666,6,9,37,0,3,2021
2021-09-26,California,580649015,586302816.0,611364709.0,514375629.0,598807174.5,20172281.656153582,606666586.8333334,6,9,38,0,3,2021
2021-10-03,California,847187815,580649015.0,638156864.0,538794933.0,654194030.25,128999830.35641079,626224147.1666666,6,10,39,0,4,2021
2021-10-10,California,815989724,847187815.0,617148868.0,612121418.0,707532342.5,143831651.00667894,643494001.5833334,6,10,40,0,4,2021
2021-10-17,California,818621940,815989724.0,595262791.0,535505288.0,765612123.5,124115387.4790004,661830066.75,6,10,41,0,4,2021
2021-10-24,California,782324756,818621940.0,625640392.0,488584342.0,816031058.75,26542875.24810722,676773847.0833334,6,10,42,0,4,2021
2021-10-31,California,801781952,782324756.0,602636475.0,536621575.0,804679593.0,16637739.868213667,692641950.6666666,6,10,43,0,4,2021
2021-11-07,California,783320346,801781952.0,586302816.0,508801549.0,796512248.5,17242577.806215324,704738907.5,6,11,44,0,4,2021
2021-11-14,California,792175855,783320346.0,580649015.0,515453323.0,789900727.25,9074441.500078337,719324489.75,6,11,45,0,4,2021
2021-11-21,California,804762762,792175855.0,847187815.0,532877586.0,795510228.75,9740896.157103205,736782820.6666666,6,11,46,0,4,2021
2021-11-28,California,738558960,804762762.0,815989724.0,552679135.0,779704480.75,28806717.93281633,746192701.3333334,6,11,47,0,4,2021
2021-12-05,California,748674115,738558960.0,818621940.0,576813823.0,771042923.0,32348105.460386198,758362504.6666666,6,12,48,0,4,2021
2021-12-12,California,755743320,748674115.0,782324756.0,551703983.0,761934789.25,29410000.657589428,772482546.6666666,6,12,49,0,4,2021
2021-12-19,California,774968962,755743320.0,801781952.0,564105034.0,754486339.25,15368595.63992248,788675875.5833334,6,12,50,0,4,2021
2021-12-26,California,749275823,774968962.0,783320346.0,580968751.0,757165555.0,12292768.572190784,780516542.9166666,6,12,51,0,4,2021
2022-01-02,California,729386633,749275823.0,792175855.0,578471229.0,752343684.5,18796264.62218604,773299618.6666666,6,1,52,0,1,2022
2022-01-09,California,736430207,729386633.0,804762762.0,589885974.0,747515406.25,20069303.69506443,766450307.5833334,6,1,1,0,1,2022
2022-01-16,California,755673421,736430207.0,738558960.0,602011587.0,742691521.0,11945806.211614877,764229363.0,6,1,2,0,1,2022
2022-01-23,California,750604360,755673421.0,748674115.0,585311316.0,743023655.25,12205539.639974881,759964563.6666666,6,1,3,0,1,2022
2022-01-30,California,732224035,750604360.0,755743320.0,622923228.0,743733005.75,11188927.605432203,755706537.75,6,1,4,0,1,2022
2022-02-06,California,745632437,732224035.0,774968962.0,612497091.0,746033563.25,10077747.981337536,751827919.5833334,6,2,5,0,1,2022
2022-02-13,California,762696333,745632437.0,749275823.0,608751471.0,747789291.25,12610494.679530514,748322383.8333334,6,2,6,0,1,2022
2022-02-20,California,739917838,762696333.0,729386633.0,598589158.0,745117660.75,12942931.84551566,748435623.6666666,6,2,7,0,1,2022
2022-02-27,California,757884374,739917838.0,736430207.0,602999392.0,751532745.5,10562332.24089141,749203145.25,6,2,8,0,1,2022
2022-03-06,California,775923009,757884374.0,755673421.0,611364709.0,759105388.5,14892729.907389784,750884786.0,6,3,9,0,1,2022
2022-03-13,California,779023246,775923009.0,750604360.0,638156864.0,763187116.75,18097553.75038498,751222643.0,6,3,10,0,1,2022
2022-03-20,California,773456533,779023246.0,732224035.0,617148868.0,771571790.5,9404873.138237547,753237702.1666666,6,3,11,0,1,2022
2022-03-27,California,798854528,773456533.0,745632437.0,595262791.0,781814329.0,11586183.317390485,759026693.4166666,6,3,12,0,1,2022
2022-04-03,California,819513915,798854528.0,762696333.0,625640392.0,792712055.5,20930267.503835354,765950335.75,6,4,13,0,2,2022
2022-04-10,California,831441980,819513915.0,739917838.0,602636475.0,805816739.0,25429123.20584438,772264382.3333334,6,4,14,0,2,2022
2022-04-17,California,822280165,831441980.0,757884374.0,586302816.0,818022647.0,13757974.947053099,778237366.0833334,6,4,15,0,2,2022
2022-04-24,California,798871465,822280165.0,775923009.0,580649015.0,818026881.25,13750109.553681053,783791318.5833334,6,4,16,0,2,2022
2022-05-01,California,822427062,798871465.0,779023246.0,847187815.0,818755168.0,13931083.388270298,790190870.6666666,6,5,17,0,2,2022
2022-05-08,California,837782910,822427062.0,773456533.0,815989724.0,820340400.5,16054834.907194542,796448085.4166666,6,5,18,0,2,2022
2022-05-15,California,812869874,837782910.0,798854528.0,818621940.0,817987827.75,16362363.902030263,802527421.75,6,5,19,0,2,2022
2022-05-22,California,823723310,812869874.0,819513915.0,782324756.0,824200789.0,10267062.859160535,808013999.75,6,5,20,0,2,2022
2022-05-29,California,854870957,823723310.0,831441980.0,801781952.0,832311762.75,18171399.287954308,814592995.4166666,6,5,21,0,2,2022
2022-06-05,California,867362897,854870957.0,822280165.0,783320346.0,839706759.5,25628785.304139934,821954633.0,6,6,22,0,2,2022
2022-06-12,California,894410020,867362897.0,798871465.0,792175855.0,860091796.0,29328787.57615981,832034090.25,6,6,23,0,2,2022
2022-06-19,California,886160929,894410020.0,822427062.0,804762762.0,875701200.75,17915097.887021836,839309623.6666666,6,6,24,0,2,2022
2022-06-26,California,888243245,886160929.0,837782910.0,738558960.0,884044272.75,11659454.169621743,845037067.8333334,6,6,25,0,2,2022
2022-07-03,California,935576185,888243245.0,812869874.0,748674115.0,901097594.75,23251058.27617891,853714918.25,6,7,26,0,3,2022
2022-07-10,California,892737988,935576185.0,823723310.0,755743320.0,900679586.75,23425737.833362944,859586403.5,6,7,27,1,3,2022
2022-07-17,California,896695790,892737988.0,854870957.0,774968962.0,903313302.0,21784007.656410858,867738430.5833334,6,7,28,0,3,2022
2022-07-24,California,921542954,896695790.0,867362897.0,749275823.0,911638229.25,20425677.53189095,875998088.25,6,7,29,0,3,2022
2022-07-31,California,903223651,921542954.0,894410020.0,729386633.0,903550095.75,12750590.777051723,881451483.3333334,6,7,30,0,3,2022
2022-08-07,California,925362008,903223651.0,886160929.0,736430207.0,911706100.75,13910533.98514354,890825827.8333334,6,8,31,0,3,2022
2022-08-14,California,938316356,925362008.0,888243245.0,755673421.0,922111242.25,14494105.05888514,900375248.3333334,6,8,32,0,3,2022
2022-08-21,California,900851967,938316356.0,935576185.0,750604360.0,916938495.5,18026294.13972481,904206999.1666666,6,8,33,0,3,2022
2022-08-28,California,909390979,900851967.0,892737988.0,732224035.0,918480327.5,16675340.108768666,907709339.3333334,6,8,34,0,3,2022
2022-09-04,California,953230705,909390979.0,896695790.0,745632437.0,925447501.75,24496707.567877367,912611063.0833334,6,9,35,0,3,2022
2022-09-11,California,941975597,953230705.0,921542954.0,762696333.0,926362312.0,25195826.749084264,917262285.4166666,6,9,36,0,3,2022
2022-09-18,California,867638860,941975597.0,903223651.0,739917838.0,918059035.25,38411706.33343663,915545253.3333334,6,9,37,0,3,2022
2022-09-25,California,855686656,867638860.0,925362008.0,757884374.0,904632954.5,50068344.847382076,908887792.5833334,6,9,38,0,3,2022
2022-10-02,California,856445643,855686656.0,938316356.0,775923009.0,880436689.0,41388227.177225724,905863430.5,6,10,39,1,4,2022
2022-10-09,California,866381839,856445643.0,900851967.0,779023246.0,861538249.5,6347009.6678233845,903337267.9166666,6,10,40,1,4,2022
2022-10-16,California,826542797,866381839.0,909390979.0,773456533.0,851264233.75,17186198.37594868,895420588.1666666,6,10,41,0,4,2022
2022-10-23,California,836400784,826542797.0,953230705.0,798854528.0,846442765.75,18206906.647989083,889852015.9166666,6,10,42,0,4,2022
2022-10-30,California,821263499,836400784.0,941975597.0,819513915.0,837647229.75,20157434.160012133,881177140.1666666,6,10,43,0,4,2022
2022-11-06,California,813144569,821263499.0,867638860.0,831441980.0,824337912.25,9748800.636691172,870746157.9166666,6,11,44,0,4,2022
2022-11-13,California,811480817,813144569.0,855686656.0,822280165.0,820572417.25,11384857.08720931,863298562.0833334,6,11,45,0,4,2022
2022-11-20,California,832806518,811480817.0,856445643.0,798871465.0,819673850.75,9742539.929906989,856916523.6666666,6,11,46,0,4,2022
2022-11-27,California,792984860,832806518.0,866381839.0,822427062.0,812604191.0,16274787.685550857,843562703.25,6,11,47,0,4,2022
2022-12-04,California,764715118,792984860.0,826542797.0,837782910.0,800496828.25,28875159.543601763,828790996.6666666,6,12,48,0,4,2022
2022-12-11,California,779963946,764715118.0,836400784.0,812869874.0,792617610.5,29177316.93873368,821484753.8333334,6,12,49,0,4,2022
2022-12-18,California,802540094,779963946.0,821263499.0,823723310.0,785051004.5,16413823.021640606,817055873.6666666,6,12,50,0,4,2022
2022-12-25,California,815368628,802540094.0,813144569.0,854870957.0,790646946.5,22650936.1298868,813632789.0833334,6,12,51,1,4,2022
2023-01-01,California,756579579,815368628.0,811480817.0,867362897.0,788613061.75,25889339.97486319,804482600.75,6,1,52,0,1,2023
2023-01-08,California,756624460,756579579.0,832806518.0,894410020.0,782778190.25,30676018.374724492,798656072.6666666,6,1,1,0,1,2023
2023-01-15,California,766999017,756624460.0,792984860.0,886160929.0,773892921.0,28081498.891788602,792872592.0833334,6,1,2,0,1,2023
2023-01-22,California,764986979,766999017.0,764715118.0,888243245.0,761297508.75,5483783.146584404,788182882.0833334,6,1,3,0,1,2023
2023-01-29,California,778317435,764986979.0,779963946.0,935576185.0,766731972.75,8934969.97489097,785280620.9166666,6,1,4,0,1,2023
2023-02-05,California,787384368,778317435.0,802540094.0,892737988.0,774421949.75,10445376.90217231,783272583.5,6,2,5,0,1,2023
2023-02-12,California,845801292,787384368.0,815368628.0,896695790.0,794122518.5,35659400.953198925,784355481.3333334,6,2,6,0,1,2023
2023-02-19,California,786199419,845801292.0,756579579.0,921542954.0,799425628.5,31177890.510560274,783790027.9166666,6,2,7,0,1,2023
2023-02-26,California,786344636,786199419.0,756624460.0,903223651.0,801432428.75,29583948.987265978,785592487.75,6,2,8,0,1,2023
2023-03-05,California,839560396,786344636.0,766999017.0,925362008.0,814476435.75,32667208.40210998,790558858.5833334,6,3,9,0,1,2023
2023-03-12,California,921784604,839560396.0,764986979.0,938316356.0,833472263.75,64010077.182751626,800495901.0833334,6,3,10,0,1,2023
2023-03-19,California,841308841,921784604.0,778317435.0,900851967.0,847249619.25,55854865.311118476,802657585.5,6,3,11,0,1,2023
2023-03-26,California,789656125,841308841.0,787384368.0,909390979.0,848077491.5,54663058.952587835,805413964.3333334,6,3,12,0,1,2023
2023-04-02,California,813344182,789656125.0,845801292.0,953230705.0,841523438.0,57521559.57002992,810140607.8333334,6,4,13,0,2,2023
2023-04-09,California,860323110,813344182.0,786199419.0,941975597.0,826158064.5,31055775.27908736,817917615.5833334,6,4,14,0,2,2023
2023-04-16,California,835223086,860323110.0,786344636.0,867638860.0,824636625.75,30203493.27102206,823770624.5,6,4,15,0,2,2023
2023-04-23,California,850571754,835223086.0,839560396.0,855686656.0,839865533.0,20478199.772968438,829791817.75,6,4,16,0,2,2023
2023-04-30,California,874642691,850571754.0,921784604.0,856445643.0,855190160.25,16580730.342889046,837063344.6666666,6,4,17,0,2,2023
2023-05-07,California,883254116,874642691.0,841308841.0,866381839.0,860922911.75,22019253.213719796,840184413.3333334,6,5,18,0,2,2023
2020-05-03,Colorado,105416647,100031056.0,117149278.0,100423016.0,101379982.25,2708768.368158045,100403037.91666667,6,5,18,0,2,2020
2020-05-10,Colorado,105115083,105416647.0,104354543.0,96208959.0,102555179.0,3136152.4352498143,101397305.08333333,6,5,19,0,2,2020
2020-05-17,Colorado,106926596,105115083.0,94075698.0,96070971.0,104372345.5,3000734.0633234507,102612704.25,6,5,20,0,2,2020
2020-05-24,Colorado,110779344,106926596.0,96546501.0,97471702.0,107059417.5,2603499.3297371264,103651307.75,6,5,21,0,2,2020
2020-05-31,Colorado,106394738,110779344.0,100414296.0,92194329.0,107303940.25,2438480.7224174608,103905142.5,6,5,22,0,2,2020
2020-06-07,Colorado,115018399,106394738.0,99657930.0,95171405.0,109779769.25,4001725.690099826,103727569.25,6,6,23,0,2,2020
2020-06-14,Colorado,114522305,115018399.0,100031056.0,94977961.0,111678696.5,3998698.723283073,104574882.75,6,6,24,0,2,2020
2020-06-21,Colorado,111039373,114522305.0,105416647.0,95674566.0,111743703.75,3981279.956954496,105988522.33333333,6,6,25,0,2,2020
2020-06-28,Colorado,116567565,111039373.0,105115083.0,89816716.0,114286910.5,2333693.121680674,107656944.33333333,6,6,26,0,2,2020
2020-07-05,Colorado,124000018,116567565.0,106926596.0,92967545.0,116532315.25,5476628.606304333,109622421.16666667,6,7,27,0,3,2020
2020-07-12,Colorado,119333472,124000018.0,110779344.0,97765963.0,117735107.0,5416022.175965987,111262049.66666667,6,7,28,0,3,2020
2020-07-19,Colorado,119223162,119333472.0,106394738.0,102108204.0,119781054.25,3089646.253581189,112861391.83333333,6,7,29,0,3,2020
2020-07-26,Colorado,115636420,119223162.0,115018399.0,91828009.0,119548268.0,3428919.366722606,113713039.58333333,6,7,30,0,3,2020
2020-08-02,Colorado,116777704,115636420.0,114522305.0,93858490.0,117742689.5,1833935.2957872723,114684924.66666667,6,8,31,0,3,2020
2020-08-09,Colorado,119457331,116777704.0,111039373.0,94406018.0,117773654.25,1870430.1872072818,115729152.58333333,6,8,32,0,3,2020
2020-08-16,Colorado,118885840,119457331.0,116567565.0,93556021.0,117689323.75,1789130.6220173717,116404693.91666667,6,8,33,0,3,2020
2020-08-23,Colorado,116517361,118885840.0,124000018.0,91933087.0,117909559.0,1479643.3992884965,117248245.83333333,6,8,34,0,3,2020
2020-08-30,Colorado,114589946,116517361.0,119333472.0,96637422.0,117362619.5,2244266.5638820664,117212541.41666667,6,8,35,1,3,2020
2020-09-06,Colorado,115955629,114589946.0,119223162.0,91717705.0,116487194.0,1792254.0746160997,117331985.08333333,6,9,36,0,3,2020
2020-09-13,Colorado,107410888,115955629.0,115636420.0,93183877.0,113618456.0,4216780.807111748,117029611.33333333,6,9,37,0,3,2020
2020-09-20,Colorado,109526977,107410888.0,116777704.0,92341806.0,111870860.0,4060537.9043188347,116442895.66666667,6,9,38,0,3,2020
2020-09-27,Colorado,107762178,109526977.0,119457331.0,98316102.0,110163918.0,3970606.139852452,115089742.33333333,6,9,39,0,3,2020
2020-10-04,Colorado,106364272,107762178.0,118885840.0,103348721.0,107766078.75,1315548.110856556,114008975.66666667,6,10,40,0,4,2020
2020-10-11,Colorado,107613660,106364272.0,116517361.0,117149278.0,107816771.75,1301126.7400993598,113041517.16666667,6,10,41,0,4,2020
2020-10-18,Colorado,103854518,107613660.0,114589946.0,104354543.0,106398657.0,1808244.7646816685,112059692.0,6,10,42,0,4,2020
2020-10-25,Colorado,101886131,103854518.0,115955629.0,94075698.0,104929645.25,2561312.5986284674,110818727.58333333,6,10,43,1,4,2020
2020-11-01,Colorado,97188916,101886131.0,107410888.0,96546501.0,102635806.25,4339543.472992856,108963026.33333333,6,11,44,0,4,2020
2020-11-08,Colorado,104033043,97188916.0,109526977.0,100414296.0,101740652.0,3186583.8927171924,107725293.25,6,11,45,0,4,2020
2020-11-15,Colorado,100429080,104033043.0,107762178.0,99657930.0,100884292.5,2874099.0465559214,106384603.16666667,6,11,46,0,4,2020
2020-11-22,Colorado,104943497,100429080.0,106364272.0,100031056.0,101648634.0,3555180.495487769,105580732.41666667,6,11,47,0,4,2020
2020-11-29,Colorado,94796796,104943497.0,107613660.0,105416647.0,101050604.0,4602389.411367752,103817496.33333333,6,11,48,0,4,2020
2020-12-06,Colorado,97886273,94796796.0,103854518.0,105115083.0,99513911.5,4290233.78586859,103023778.41666667,6,12,49,0,4,2020
2020-12-13,Colorado,102075751,97886273.0,101886131.0,106926596.0,99925579.25,4482035.427014262,102402842.91666667,6,12,50,0,4,2020
2020-12-20,Colorado,104443758,102075751.0,97188916.0,110779344.0,99800644.5,4298756.820724996,102126307.91666667,6,12,51,0,4,2020
2020-12-27,Colorado,99610494,104443758.0,104033043.0,106394738.0,101004069.0,2866046.4001876647,101563493.08333333,6,12,52,0,4,2020
2021-01-03,Colorado,99516019,99610494.0,100429080.0,115018399.0,101411505.5,2343237.7033242574,100888689.66666667,6,1,53,0,1,2021
2021-01-10,Colorado,99984581,99516019.0,104943497.0,114522305.0,100888713.0,2378650.33545258,100566194.91666667,6,1,1,0,1,2021
2021-01-17,Colorado,100352533,99984581.0,94796796.0,111039373.0,99865906.75,382337.45795425435,100438395.08333333,6,1,2,0,1,2021
2021-01-24,Colorado,98388621,100352533.0,97886273.0,116567565.0,99560438.5,852924.3621257805,100538370.5,6,1,3,0,1,2021
2021-01-31,Colorado,99306860,98388621.0,102075751.0,124000018.0,99508148.75,862908.2597790564,100144521.91666667,6,1,4,0,1,2021
2021-02-07,Colorado,101010049,99306860.0,104443758.0,119333472.0,99764515.75,1154650.381679632,100192936.0,6,2,5,0,1,2021
2021-02-14,Colorado,98307861,101010049.0,99610494.0,119223162.0,99253347.75,1255728.260047101,99639966.33333333,6,2,6,0,1,2021
2021-02-21,Colorado,97443599,98307861.0,99516019.0,115636420.0,99017092.25,1531310.1068565177,99860533.25,6,2,7,0,1,2021
2021-02-28,Colorado,101868950,97443599.0,99984581.0,116777704.0,99657614.75,2116820.1714956607,100192423.0,6,2,8,0,1,2021
2021-03-07,Colorado,110131176,101868950.0,100352533.0,119457331.0,101937896.5,5788219.367380296,100863708.41666667,6,3,9,0,1,2021
2021-03-14,Colorado,128981248,110131176.0,98388621.0,118885840.0,109606243.25,13945871.377616853,102908499.25,6,3,10,0,1,2021
2021-03-21,Colorado,105019247,128981248.0,99306860.0,116517361.0,111500155.25,12141183.278873315,103359228.66666667,6,3,11,0,1,2021
2021-03-28,Colorado,99085283,105019247.0,101010049.0,114589946.0,110804238.5,12931315.11948223,103323334.0,6,3,12,0,1,2021
2021-04-04,Colorado,104844289,99085283.0,98307861.0,115955629.0,109482516.75,13288302.16812267,103728309.66666667,6,4,13,0,2,2021
2021-04-11,Colorado,107102293,104844289.0,97443599.0,107410888.0,104012778.0,3441399.9235452744,104290789.66666667,6,4,14,0,2,2021
2021-04-18,Colorado,99335213,107102293.0,101868950.0,109526977.0,102591769.5,4013281.0415048697,104369672.33333333,6,4,15,0,2,2021
2021-04-25,Colorado,104244477,99335213.0,110131176.0,107762178.0,103881568.0,3271133.747279489,104781140.41666667,6,4,16,1,2,2021
2021-05-02,Colorado,113113760,104244477.0,128981248.0,106364272.0,105948935.75,5753591.5659651235,105789783.0,6,5,17,0,2,2021
2021-05-09,Colorado,112816691,113113760.0,105019247.0,107613660.0,107377535.25,6757309.396152905,106998852.16666667,6,5,18,0,2,2021
2021-05-16,Colorado,109714051,112816691.0,99085283.0,103854518.0,109972244.75,4116389.192225028,108021389.83333333,6,5,19,0,2,2021
2021-05-23,Colorado,117625053,109714051.0,104844289.0,101886131.0,113317388.75,3257410.890875605,109334398.41666667,6,5,20,0,2,2021
2021-05-30,Colorado,116957171,117625053.0,107102293.0,97188916.0,114278241.5,3712401.5258249952,109903231.33333333,6,5,21,0,2,2021
2021-06-06,Colorado,121425334,116957171.0,99335213.0,104033043.0,116430402.25,4890923.329017641,109273571.83333333,6,6,22,0,2,2021
2021-06-13,Colorado,125933476,121425334.0,104244477.0,100429080.0,120485258.5,4130980.2219688427,111016424.25,6,6,23,0,2,2021
2021-06-20,Colorado,127783969,125933476.0,113113760.0,104943497.0,123024987.5,4847146.881403852,113407981.41666667,6,6,24,0,2,2021
2021-06-27,Colorado,120337964,127783969.0,112816691.0,94796796.0,123870185.75,3560372.478378118,114699121.0,6,6,25,0,2,2021
2021-07-04,Colorado,129578194,120337964.0,109714051.0,97886273.0,125908400.75,4000647.160650681,116572112.75,6,7,26,0,3,2021
2021-07-11,Colorado,127485651,129578194.0,117625053.0,102075751.0,126296444.5,4078411.083063816,118917982.58333333,6,7,27,0,3,2021
2021-07-18,Colorado,124870676,127485651.0,116957171.0,104443758.0,125568121.25,3983238.9893528884,120636832.5,6,7,28,0,3,2021
2021-07-25,Colorado,124809030,124870676.0,121425334.0,99610494.0,126685887.75,2296565.9443985103,121611438.33333333,6,7,29,0,3,2021
2021-08-01,Colorado,123397870,124809030.0,125933476.0,99516019.0,125140806.75,1704813.7244476385,122493203.25,6,8,30,0,3,2021
2021-08-08,Colorado,126279291,123397870.0,127783969.0,99984581.0,124839216.75,1176604.6098180257,123873639.91666667,6,8,31,0,3,2021
2021-08-15,Colorado,127856917,126279291.0,120337964.0,100352533.0,125585777.0,1917403.75772852,124726295.25,6,8,32,1,3,2021
2021-08-22,Colorado,124153756,127856917.0,129578194.0,98388621.0,125421958.5,2030542.9281448636,125326010.66666667,6,8,33,0,3,2021
2021-08-29,Colorado,120426229,124153756.0,127485651.0,99306860.0,124679048.25,3215692.2620298057,125242751.91666667,6,8,34,0,3,2021
2021-09-05,Colorado,125204216,120426229.0,124870676.0,101010049.0,124410279.5,3079399.720456427,125181980.25,6,9,35,0,3,2021
2021-09-12,Colorado,117995179,125204216.0,124809030.0,98307861.0,121944845.0,3337106.690361893,124366247.75,6,9,36,0,3,2021
2021-09-19,Colorado,118347312,117995179.0,123397870.0,97443599.0,120493234.0,3318789.9947349434,124200360.08333333,6,9,37,0,3,2021
2021-09-26,Colorado,116470675,118347312.0,126279291.0,101868950.0,119504345.5,3886214.544780276,123108066.83333333,6,9,38,0,3,2021
2021-10-03,Colorado,164057354,116470675.0,127856917.0,110131176.0,129217630.0,23240757.66146424,126155708.75,6,10,39,0,4,2021
2021-10-10,Colorado,163295548,164057354.0,124153756.0,128981248.0,140542722.25,26725323.078309137,129357781.41666667,6,10,40,0,4,2021
2021-10-17,Colorado,158171905,163295548.0,120426229.0,105019247.0,150498870.5,22835505.813558478,132138021.0,6,10,41,0,4,2021
2021-10-24,Colorado,157175507,158171905.0,125204216.0,99085283.0,160675078.5,3503309.2076418553,134952824.08333334,6,10,42,0,4,2021
2021-10-31,Colorado,155305036,157175507.0,117995179.0,104844289.0,158486999.0,3418885.1747155674,137371636.16666666,6,10,43,0,4,2021
2021-11-07,Colorado,156696702,155305036.0,118347312.0,107102293.0,156837287.5,1192078.7506912365,139774951.58333334,6,11,44,0,4,2021
2021-11-14,Colorado,156901319,156696702.0,116470675.0,99335213.0,156519641.0,833157.4899912856,142503915.16666666,6,11,45,0,4,2021
2021-11-21,Colorado,160371575,156901319.0,164057354.0,104244477.0,157318658.0,2155301.7479871768,145832694.0,6,11,46,0,4,2021
2021-11-28,Colorado,147374438,160371575.0,163295548.0,113113760.0,155336008.5,5569117.78066463,147680212.5,6,11,47,0,4,2021
2021-12-05,Colorado,151955870,147374438.0,158171905.0,112816691.0,154150800.5,5686246.448813394,150510270.08333334,6,12,48,0,4,2021
2021-12-12,Colorado,158281659,151955870.0,157175507.0,109714051.0,154495885.5,5944815.705840084,153838132.33333334,6,12,49,0,4,2021
2021-12-19,Colorado,163200759,158281659.0,155305036.0,117625053.0,155203181.5,6958748.123844709,157732306.0,6,12,50,0,4,2021
2021-12-26,Colorado,156967757,163200759.0,156696702.0,116957171.0,157601511.25,4622015.646187444,157141506.25,6,12,51,0,4,2021
2022-01-02,Colorado,151947526,156967757.0,156901319.0,121425334.0,157599425.25,4625413.587948527,156195837.75,6,1,52,0,1,2022
2022-01-09,Colorado,153105243,151947526.0,160371575.0,125933476.0,156305321.25,5073354.023196378,155773615.91666666,6,1,1,0,1,2022
2022-01-16,Colorado,156254016,153105243.0,147374438.0,127783969.0,154568635.5,2422672.3551750905,155696825.0,6,1,2,0,1,2022
2022-01-23,Colorado,150034320,156254016.0,151955870.0,120337964.0,152835276.25,2607305.118644195,155257598.66666666,6,1,3,0,1,2022
2022-01-30,Colorado,152646637,150034320.0,158281659.0,129578194.0,153010054.0,2550778.6496028956,154920093.25,6,1,4,0,1,2022
2022-02-06,Colorado,153916049,152646637.0,163200759.0,127485651.0,153212755.5,2592735.335490616,154671320.75,6,2,5,0,1,2022
2022-02-13,Colorado,155012983,153916049.0,156967757.0,124870676.0,152902497.25,2142688.533581791,154224771.41666666,6,2,6,0,1,2022
2022-02-20,Colorado,151291673,155012983.0,151947526.0,124809030.0,153216835.5,1606904.0980663097,154551207.66666666,6,2,7,0,1,2022
2022-02-27,Colorado,155238168,151291673.0,153105243.0,123397870.0,153864718.25,1809979.0842539838,154824732.5,6,2,8,0,1,2022
2022-03-06,Colorado,162120987,155238168.0,156254016.0,126279291.0,155915952.75,4515202.460823533,155144676.5,6,3,9,0,1,2022
2022-03-13,Colorado,165585877,162120987.0,150034320.0,127856917.0,158559176.25,6478341.3137982255,155343436.33333334,6,3,10,0,1,2022
2022-03-20,Colorado,154499195,165585877.0,152646637.0,124153756.0,159361056.75,5385211.647052965,155137722.83333334,6,3,11,0,1,2022
2022-03-27,Colorado,156865111,154499195.0,153916049.0,120426229.0,159767792.5,5019007.574923518,155547521.58333334,6,3,12,0,1,2022
2022-04-03,Colorado,166188104,156865111.0,155012983.0,125204216.0,160784571.75,5975472.822036726,156637760.0,6,4,13,0,2,2022
2022-04-10,Colorado,164003270,166188104.0,151291673.0,117995179.0,160388920.0,5591664.970664281,157283531.16666666,6,4,14,0,2,2022
2022-04-17,Colorado,166284416,164003270.0,155238168.0,118347312.0,163335225.25,4440169.119832517,158637705.83333334,6,4,15,0,2,2022
2022-04-24,Colorado,160943182,166284416.0,162120987.0,116470675.0,164354743.0,2506467.113269195,159329084.58333334,6,4,16,0,2,2022
2022-05-01,Colorado,166665063,160943182.0,165585877.0,164057354.0,164473982.75,2631009.0360834813,160391502.41666666,6,5,17,0,2,2022
2022-05-08,Colorado,168274038,166665063.0,154499195.0,163295548.0,165541674.75,3184630.28866475,161496590.33333334,6,5,18,0,2,2022
2022-05-15,Colorado,172753762,168274038.0,156865111.0,158171905.0,167159011.25,4879379.699192468,163285097.75,6,5,19,0,2,2022
2022-05-22,Colorado,170755925,172753762.0,166188104.0,157175507.0,169612197.0,2686621.9626416815,164578244.16666666,6,5,20,0,2,2022
2022-05-29,Colorado,175164905,170755925.0,164003270.0,155305036.0,171737157.5,2929104.04523937,165665237.33333334,6,5,21,0,2,2022
2022-06-05,Colorado,176922383,175164905.0,166284416.0,156696702.0,173899243.75,2703938.5180588416,166609946.16666666,6,6,22,0,2,2022
2022-06-12,Colorado,189261835,176922383.0,160943182.0,156901319.0,178026262.0,7926786.096520834,169506832.83333334,6,6,23,0,2,2022
2022-06-19,Colorado,188954673,189261835.0,166665063.0,160371575.0,182575949.0,7577941.082718624,172180963.0,6,6,24,0,2,2022
2022-06-26,Colorado,183110601,188954673.0,168274038.0,147374438.0,184562373.0,5826786.750846705,173591171.08333334,6,6,25,0,2,2022
2022-07-03,Colorado,192748764,183110601.0,172753762.0,151955870.0,188518968.25,3995134.4589395556,175986628.91666666,6,7,26,0,3,2022
2022-07-10,Colorado,188835247,192748764.0,170755925.0,158281659.0,188412321.25,3974333.694429326,177865864.83333334,6,7,27,1,3,2022
2022-07-17,Colorado,191510122,188835247.0,175164905.0,163200759.0,189051183.5,4283909.005884734,180413109.83333334,6,7,28,0,3,2022
2022-07-24,Colorado,190447519,191510122.0,176922383.0,156967757.0,190885413.0,1659042.9034711604,182394981.16666666,6,7,29,0,3,2022
2022-07-31,Colorado,187086252,190447519.0,189261835.0,151947526.0,189469785.0,1932425.667725933,183962665.66666666,6,7,30,0,3,2022
2022-08-07,Colorado,191155092,187086252.0,188954673.0,153105243.0,190049746.25,2024434.726753522,185496109.83333334,6,8,31,0,3,2022
2022-08-14,Colorado,194019813,191155092.0,183110601.0,156254016.0,190677169.0,2848923.968100591,187434767.16666666,6,8,32,0,3,2022
2022-08-21,Colorado,185820296,194019813.0,192748764.0,150034320.0,189520363.25,3765314.567237413,188322716.41666666,6,8,33,0,3,2022
2022-08-28,Colorado,184995507,185820296.0,188835247.0,152646637.0,188997677.0,4320085.038236402,188995476.75,6,8,34,0,3,2022
2022-09-04,Colorado,190922801,184995507.0,191510122.0,153916049.0,188939604.25,4282817.50598687,189133890.58333334,6,9,35,0,3,2022
2022-09-11,Colorado,183501225,190922801.0,190447519.0,155012983.0,186309957.25,3221534.4125422006,188679436.58333334,6,9,36,0,3,2022
2022-09-18,Colorado,178738199,183501225.0,187086252.0,151291673.0,184539433.0,5022867.119183361,188315069.75,6,9,37,0,3,2022
2022-09-25,Colorado,173668948,178738199.0,191155092.0,155238168.0,181707793.25,7338807.537957578,186725085.08333334,6,9,38,0,3,2022
2022-10-02,Colorado,171144803,173668948.0,194019813.0,162120987.0,176763293.75,5490670.335656745,185250881.41666666,6,10,39,1,4,2022
2022-10-09,Colorado,171131407,171144803.0,185820296.0,165585877.0,173670839.25,3582723.0659281486,183552655.16666666,6,10,40,1,4,2022
2022-10-16,Colorado,168565630,171131407.0,184995507.0,154499195.0,171127697.0,2083462.689596825,181729164.41666666,6,10,41,0,4,2022
2022-10-23,Colorado,165083338,168565630.0,190922801.0,156865111.0,168981294.5,2867670.055677092,179895588.25,6,10,42,0,4,2022
2022-10-30,Colorado,159706082,165083338.0,183501225.0,166188104.0,166121614.25,4943288.649145254,177274837.41666666,6,10,43,0,4,2022
2022-11-06,Colorado,163509210,159706082.0,178738199.0,164003270.0,164216065.0,3674709.45776979,174732287.16666666,6,11,44,0,4,2022
2022-11-13,Colorado,165084506,163509210.0,173668948.0,166284416.0,163345784.0,2537478.197113572,173004304.66666666,6,11,45,0,4,2022
2022-11-20,Colorado,166380492,165084506.0,171144803.0,160943182.0,163670072.5,2891717.6798516153,171453053.41666666,6,11,46,0,4,2022
2022-11-27,Colorado,159140609,166380492.0,171131407.0,166665063.0,163528704.25,3152193.5434026984,168804537.41666666,6,11,47,0,4,2022
2022-12-04,Colorado,158470699,159140609.0,168565630.0,168274038.0,162269076.5,4043322.11653459,166718660.25,6,12,48,0,4,2022
2022-12-11,Colorado,166933507,158470699.0,165083338.0,172753762.0,162731326.75,4546827.782807592,165734935.91666666,6,12,49,0,4,2022
2022-12-18,Colorado,172438878,166933507.0,159706082.0,170755925.0,164245923.25,6677451.17735435,165632430.08333334,6,12,50,0,4,2022
2022-12-25,Colorado,174350869,172438878.0,163509210.0,175164905.0,168048488.25,7117414.216322833,165899602.25,6,12,51,1,4,2022
2023-01-01,Colorado,157223682,174350869.0,165084506.0,176922383.0,167736734.0,7681718.036203323,164740625.16666666,6,1,52,0,1,2023
2023-01-08,Colorado,159222412,157223682.0,166380492.0,189261835.0,165808960.25,8831942.688231038,163962023.66666666,6,1,1,0,1,2023
2023-01-15,Colorado,164136085,159222412.0,159140609.0,188954673.0,163733262.0,7651105.459881343,163883085.91666666,6,1,2,0,1,2023
2023-01-22,Colorado,157271988,164136085.0,158470699.0,183110601.0,159463541.75,3251188.680993714,163680244.75,6,1,3,0,1,2023
2023-01-29,Colorado,159977860,157271988.0,166933507.0,192748764.0,160152086.25,2890320.683877884,163385965.58333334,6,1,4,0,1,2023
2023-02-05,Colorado,160037908,159977860.0,172438878.0,188835247.0,160355960.25,2831038.972833882,162965415.75,6,2,5,0,1,2023
2023-02-12,Colorado,167733877,160037908.0,174350869.0,191510122.0,161255408.25,4507498.590225884,163078197.83333334,6,2,6,0,1,2023
2023-02-19,Colorado,161916342,167733877.0,157223682.0,190447519.0,162416496.75,3657381.628848476,163309508.91666666,6,2,7,0,1,2023
2023-02-26,Colorado,162974536,161916342.0,159222412.0,187086252.0,163165665.75,3278656.3803363624,163684828.66666666,6,2,8,0,1,2023
2023-03-05,Colorado,176596202,162974536.0,164136085.0,191155092.0,167305239.25,6690812.68988133,164490053.25,6,3,9,0,1,2023
2023-03-12,Colorado,187274807,176596202.0,157271988.0,194019813.0,172190471.75,12075303.209969804,165726380.66666666,6,3,10,0,1,2023
2023-03-19,Colorado,175970340,187274807.0,159977860.0,185820296.0,175703971.25,9946352.59378437,165861336.58333334,6,3,11,0,1,2023
2023-03-26,Colorado,162208711,175970340.0,160037908.0,184995507.0,175512515.0,10274997.083669893,166276755.66666666,6,3,12,0,1,2023
2023-04-02,Colorado,164277029,162208711.0,167733877.0,190922801.0,172432721.75,11602412.931505803,166697973.75,6,4,13,0,2,2023
2023-04-09,Colorado,176090726,164277029.0,161916342.0,183501225.0,169636701.5,7431252.498079298,167694193.83333334,6,4,14,0,2,2023
2023-04-16,Colorado,171275346,176090726.0,162974536.0,178738199.0,168462953.0,6396091.985327666,168861140.33333334,6,4,15,0,2,2023
2023-04-23,Colorado,171663318,171275346.0,176596202.0,173668948.0,170826604.75,4882259.477327653,169834928.5,6,4,16,0,2,2023
2023-04-30,Colorado,176581204,171663318.0,187274807.0,171144803.0,173902648.5,2821327.2424707855,171213536.5,6,4,17,0,2,2023
2023-05-07,Colorado,184271719,176581204.0,175970340.0,171131407.0,175947896.75,6051926.42879866,172591690.0,6,5,18,0,2,2023
2020-05-03,Connecticut,52974800,48865178.0,59045572.0,53879306.0,51507665.0,2112994.2393354243,51905849.833333336,6,5,18,0,2,2020
2020-05-10,Connecticut,54553226,52974800.0,57791337.0,50404578.0,51788206.75,2493686.4677224904,52630186.666666664,6,5,19,0,2,2020
2020-05-17,Connecticut,53808718,54553226.0,49852833.0,47666439.0,52550480.5,2540055.9507461684,53162101.75,6,5,20,0,2,2020
2020-05-24,Connecticut,58935643,53808718.0,53631292.0,48601957.0,55068096.75,2657751.681691804,53977631.25,6,5,21,0,2,2020
2020-05-31,Connecticut,56522796,58935643.0,53431059.0,48505473.0,55955095.75,2293332.489703781,54181006.416666664,6,5,22,0,2,2020
2020-06-07,Connecticut,59096839,56522796.0,50759623.0,51251705.0,57090999.0,2484775.563607713,54185278.666666664,6,6,23,0,2,2020
2020-06-14,Connecticut,58424323,59096839.0,48865178.0,49800476.0,58244900.25,1183323.1104978395,54238027.5,6,6,24,0,2,2020
2020-06-21,Connecticut,57546803,58424323.0,52974800.0,51528058.0,57897690.25,1114862.5982447108,54879191.666666664,6,6,25,0,2,2020
2020-06-28,Connecticut,61324732,57546803.0,54553226.0,49715400.0,59098174.25,1614351.207082981,55520311.666666664,6,6,26,0,2,2020
2020-07-05,Connecticut,64622007,61324732.0,53808718.0,50434583.0,60479466.25,3198918.8574399543,56452890.666666664,6,7,27,0,3,2020
2020-07-12,Connecticut,58824664,64622007.0,58935643.0,49935384.0,60579551.5,3118436.2560407887,57124977.416666664,6,7,28,0,3,2020
2020-07-19,Connecticut,60398187,58824664.0,56522796.0,52849555.0,61292397.5,2447901.549471375,58086061.5,6,7,29,0,3,2020
2020-07-26,Connecticut,58895237,60398187.0,59096839.0,51807784.0,60685023.75,2723134.679116871,58579431.25,6,7,30,0,3,2020
2020-08-02,Connecticut,61118341,58895237.0,58424323.0,51480725.0,59809107.25,1135105.767510211,59126524.166666664,6,8,31,0,3,2020
2020-08-09,Connecticut,61462743,61118341.0,57546803.0,48415564.0,60468627.0,1138846.3152026683,59764359.583333336,6,8,32,0,3,2020
2020-08-16,Connecticut,59759999,61462743.0,61324732.0,49862781.0,60309080.0,1195308.0017161665,59833055.916666664,6,8,33,0,3,2020
2020-08-23,Connecticut,56648744,59759999.0,64622007.0,45722598.0,59747456.75,2192693.0596403466,59843551.583333336,6,8,34,0,3,2020
2020-08-30,Connecticut,56701168,56648744.0,58824664.0,47694239.0,58643163.5,2376720.8330583754,59643912.333333336,6,8,35,1,3,2020
2020-09-06,Connecticut,57635875,56701168.0,60398187.0,49722500.0,57686446.5,1454851.3839263315,59578208.333333336,6,9,36,0,3,2020
2020-09-13,Connecticut,53851190,57635875.0,58895237.0,45861184.0,56209244.25,1636138.1511405495,59270240.583333336,6,9,37,0,3,2020
2020-09-20,Connecticut,52199488,53851190.0,61118341.0,47425737.0,55096930.25,2514415.741587752,58509803.583333336,6,9,38,0,3,2020
2020-09-27,Connecticut,52925030,52199488.0,61462743.0,49149289.0,54152895.75,2418375.9670005036,57535055.5,6,9,39,0,3,2020
2020-10-04,Connecticut,55141356,52925030.0,59759999.0,54082294.0,53529266.0,1269629.854571285,57228113.166666664,6,10,40,0,4,2020
2020-10-11,Connecticut,52812896,55141356.0,56648744.0,59045572.0,53269692.5,1287881.6211607736,56596005.583333336,6,10,41,0,4,2020
2020-10-18,Connecticut,50287285,52812896.0,56701168.0,57791337.0,52791641.75,1984204.6228741012,55878676.25,6,10,42,0,4,2020
2020-10-25,Connecticut,51161593,50287285.0,57635875.0,49852833.0,52350782.5,2134872.59145217,55048947.25,6,10,43,1,4,2020
2020-11-01,Connecticut,49676493,51161593.0,53851190.0,53631292.0,50984566.75,1362764.9484188228,54066759.75,6,11,44,0,4,2020
2020-11-08,Connecticut,53427773,49676493.0,52199488.0,53431059.0,51138286.0,1643505.9493116254,53539074.25,6,11,45,0,4,2020
2020-11-15,Connecticut,51093363,53427773.0,52925030.0,50759623.0,51339805.5,1551204.946127915,53076125.833333336,6,11,46,0,4,2020
2020-11-22,Connecticut,53017864,51093363.0,55141356.0,48865178.0,51803873.25,1745603.5711257462,52769183.833333336,6,11,47,0,4,2020
2020-11-29,Connecticut,53722581,53017864.0,52812896.0,52974800.0,52815395.25,1183832.921553949,52443076.0,6,11,48,0,4,2020
2020-12-06,Connecticut,50343532,53722581.0,50287285.0,54553226.0,52044335.0,1587592.1957427785,52150771.166666664,6,12,49,0,4,2020
2020-12-13,Connecticut,51911248,50343532.0,51161593.0,53808718.0,52248806.25,1472806.5472003762,52126751.166666664,6,12,50,0,4,2020
2020-12-20,Connecticut,53144300,51911248.0,49676493.0,58935643.0,52280415.25,1495987.9783784898,52145023.666666664,6,12,51,0,4,2020
2020-12-27,Connecticut,54173404,53144300.0,53427773.0,56522796.0,52393121.0,1649918.5946767326,52064361.0,6,12,52,0,4,2020
2021-01-03,Connecticut,51177328,54173404.0,51093363.0,59096839.0,52601570.0,1325421.658027378,51928063.666666664,6,1,53,0,1,2021
2021-01-10,Connecticut,50935534,51177328.0,53017864.0,58424323.0,52357641.5,1563260.9882195117,51982084.416666664,6,1,1,0,1,2021
2021-01-17,Connecticut,50424393,50935534.0,53722581.0,57546803.0,51677664.75,1693172.5051743235,51920651.083333336,6,1,2,0,1,2021
2021-01-24,Connecticut,48601548,50424393.0,50343532.0,61324732.0,50284700.75,1165173.0102279335,51831072.333333336,6,1,3,0,1,2021
2021-01-31,Connecticut,49340663,48601548.0,51911248.0,64622007.0,49825534.5,1052611.6277648222,51490479.833333336,6,1,4,0,1,2021
2021-02-07,Connecticut,53205535,49340663.0,53144300.0,58824664.0,50393034.75,2018914.8959871884,51666494.166666664,6,2,5,0,1,2021
2021-02-14,Connecticut,48445497,53205535.0,54173404.0,60398187.0,49898310.75,2239119.2222869596,51285463.583333336,6,2,6,0,1,2021
2021-02-21,Connecticut,48419982,48445497.0,51177328.0,58895237.0,49852919.25,2275711.272331128,50843580.333333336,6,2,7,0,1,2021
2021-02-28,Connecticut,50433784,48419982.0,50935534.0,61118341.0,50126199.5,2259266.429397909,50851101.333333336,6,2,8,0,1,2021
2021-03-07,Connecticut,55369443,50433784.0,50424393.0,61462743.0,50667176.5,3273709.680552483,51139284.25,6,3,9,0,1,2021
2021-03-14,Connecticut,61969853,55369443.0,48601548.0,59759999.0,54048265.5,6034321.56299494,51874747.0,6,3,10,0,1,2021
2021-03-21,Connecticut,59840728,61969853.0,49340663.0,56648744.0,56903452.0,5115525.291869908,52347024.0,6,3,11,0,1,2021
2021-03-28,Connecticut,53057117,59840728.0,53205535.0,56701168.0,57559285.25,4071159.4143053335,52503673.083333336,6,3,12,0,1,2021
2021-04-04,Connecticut,55135293,53057117.0,48445497.0,57635875.0,57500747.75,4114593.52883574,52853653.0,6,4,13,0,2,2021
2021-04-11,Connecticut,54576849,55135293.0,48419982.0,53851190.0,55652496.75,2926989.0588157224,53199691.0,6,4,14,0,2,2021
2021-04-18,Connecticut,53130379,54576849.0,50433784.0,52199488.0,53974909.5,1043135.6363099162,53577093.583333336,6,4,15,0,2,2021
2021-04-25,Connecticut,54592900,53130379.0,55369443.0,52925030.0,54358855.25,859128.957429331,54014780.0,6,4,16,1,2,2021
2021-05-02,Connecticut,56650299,54592900.0,61969853.0,55141356.0,54737606.75,1447797.8428474087,54301843.666666664,6,5,17,0,2,2021
2021-05-09,Connecticut,58135893,56650299.0,59840728.0,52812896.0,55627367.75,2209386.311137917,55109376.666666664,6,5,18,0,2,2021
2021-05-16,Connecticut,57398523,58135893.0,53057117.0,50287285.0,56694403.75,1526645.3873687487,55857588.416666664,6,5,19,0,2,2021
2021-05-23,Connecticut,62710962,57398523.0,55135293.0,51161593.0,58723919.25,2726344.373071802,56880686.583333336,6,5,20,0,2,2021
2021-05-30,Connecticut,61165551,62710962.0,54576849.0,49676493.0,59852732.25,2507565.2485537194,57363695.583333336,6,5,21,0,2,2021
2021-06-06,Connecticut,60103152,61165551.0,53130379.0,53427773.0,60344547.0,2236909.808555997,57208137.166666664,6,6,22,0,2,2021
2021-06-13,Connecticut,64410424,60103152.0,54592900.0,51093363.0,62097522.25,1877223.6536034474,57588945.166666664,6,6,23,0,2,2021
2021-06-20,Connecticut,62381124,64410424.0,56650299.0,53017864.0,62015062.75,1848317.1883370765,58365945.75,6,6,24,0,2,2021
2021-06-27,Connecticut,62839851,62381124.0,58135893.0,53722581.0,62433637.75,1780132.448963356,59007992.25,6,6,25,0,2,2021
2021-07-04,Connecticut,65723602,62839851.0,57398523.0,50343532.0,63838750.25,1527738.08752862,59936888.333333336,6,7,26,0,3,2021
2021-07-11,Connecticut,60408636,65723602.0,62710962.0,51911248.0,62838303.25,2193721.881843338,60543409.75,6,7,27,0,3,2021
2021-07-18,Connecticut,60635363,60408636.0,61165551.0,53144300.0,62401863.0,2471117.129005562,61046948.333333336,6,7,28,0,3,2021
2021-07-25,Connecticut,62040831,60635363.0,60103152.0,54173404.0,62202108.0,2456159.737786753,61496159.333333336,6,7,29,0,3,2021
2021-08-01,Connecticut,62411953,62040831.0,64410424.0,51177328.0,61374195.75,999920.3517885515,61852497.666666664,6,8,30,0,3,2021
2021-08-08,Connecticut,64615188,62411953.0,62381124.0,50935534.0,62425833.75,1647976.2671558536,62453886.416666664,6,8,31,0,3,2021
2021-08-15,Connecticut,64943055,64615188.0,62839851.0,50424393.0,63502756.75,1487620.2533416487,62639894.166666664,6,8,32,1,3,2021
2021-08-22,Connecticut,63753984,64943055.0,65723602.0,48601548.0,63931045.0,1130074.7743304514,62855596.916666664,6,8,33,0,3,2021
2021-08-29,Connecticut,61636786,63753984.0,60408636.0,49340663.0,63737253.25,1487388.0766720804,62983399.75,6,8,34,0,3,2021
2021-09-05,Connecticut,61558290,61636786.0,60635363.0,53205535.0,62973028.75,1661116.586904806,62745721.916666664,6,9,35,0,3,2021
2021-09-12,Connecticut,58979019,61558290.0,62040831.0,48445497.0,61482019.75,1954192.4206649344,62462213.166666664,6,9,36,0,3,2021
2021-09-19,Connecticut,56803056,58979019.0,62411953.0,48419982.0,59744287.75,2317227.816176968,61959146.916666664,6,9,37,0,3,2021
2021-09-26,Connecticut,57388239,56803056.0,64615188.0,50433784.0,58682151.0,2126461.257544569,61264533.333333336,6,9,38,0,3,2021
2021-10-03,Connecticut,85104100,57388239.0,64943055.0,55369443.0,64568603.5,13721168.970023036,63322488.666666664,6,10,39,0,4,2021
2021-10-10,Connecticut,83490394,85104100.0,63753984.0,61969853.0,70696447.25,15720477.71175506,65227074.583333336,6,10,40,0,4,2021
2021-10-17,Connecticut,79115418,83490394.0,61636786.0,59840728.0,76274537.75,12842541.700878123,66649956.833333336,6,10,41,0,4,2021
2021-10-24,Connecticut,79963454,79115418.0,61558290.0,53057117.0,81918341.5,2845954.5304160453,68112581.91666667,6,10,42,0,4,2021
2021-10-31,Connecticut,77952095,79963454.0,58979019.0,55135293.0,80130340.25,2386952.8529082565,69223990.83333333,6,10,43,0,4,2021
2021-11-07,Connecticut,81651391,77952095.0,56803056.0,54576849.0,79670589.5,1556789.7458878679,70616352.16666667,6,11,44,0,4,2021
2021-11-14,Connecticut,81330193,81651391.0,57388239.0,53130379.0,80224283.25,1682314.3034075191,72081036.25,6,11,45,0,4,2021
2021-11-21,Connecticut,84134166,81330193.0,85104100.0,54592900.0,81266961.25,2540405.861321152,73955817.91666667,6,11,46,0,4,2021
2021-11-28,Connecticut,79050122,84134166.0,83490394.0,56650299.0,81541468.0,2080513.3983766155,75413470.58333333,6,11,47,0,4,2021
2021-12-05,Connecticut,79199934,79050122.0,79115418.0,58135893.0,80928603.75,2377246.029476727,77098546.83333333,6,12,48,0,4,2021
2021-12-12,Connecticut,80338614,79199934.0,79963454.0,57398523.0,80680709.0,2373106.459549581,79059843.33333333,6,12,49,0,4,2021
2021-12-19,Connecticut,84685486,80338614.0,77952095.0,62710962.0,80818539.0,2641387.762669959,81334613.91666667,6,12,50,0,4,2021
2021-12-26,Connecticut,84664548,84685486.0,81651391.0,61165551.0,82222145.5,2870239.807238579,81297984.58333333,6,12,51,0,4,2021
2022-01-02,Connecticut,78707960,84664548.0,81330193.0,60103152.0,82099152.0,3047953.2710044323,80899448.41666667,6,1,52,0,1,2022
2022-01-09,Connecticut,79982309,78707960.0,84134166.0,64410424.0,82010075.75,3120889.2616597065,80971689.33333333,6,1,1,0,1,2022
2022-01-16,Connecticut,79998410,79982309.0,79050122.0,62381124.0,80838306.75,2621491.819371977,80974602.33333333,6,1,2,0,1,2022
2022-01-23,Connecticut,75730960,79998410.0,79199934.0,62839851.0,78604909.75,2009085.875068609,80789507.75,6,1,3,0,1,2022
2022-01-30,Connecticut,79225631,75730960.0,80338614.0,65723602.0,78734327.5,2034449.7913290826,80587361.08333333,6,1,4,0,1,2022
2022-02-06,Connecticut,78867983,79225631.0,84685486.0,60408636.0,78455746.0,1876782.1059893845,80382176.91666667,6,2,5,0,1,2022
2022-02-13,Connecticut,77308768,78867983.0,84664548.0,60635363.0,77783335.5,1601471.824461575,79813393.75,6,2,6,0,1,2022
2022-02-20,Connecticut,75044848,77308768.0,78707960.0,62040831.0,77611807.5,1902937.8330319377,79479620.91666667,6,2,7,0,1,2022
2022-02-27,Connecticut,78074992,75044848.0,79982309.0,62411953.0,77324147.75,1647486.7985268354,79385875.75,6,2,8,0,1,2022
2022-03-06,Connecticut,81244604,78074992.0,79998410.0,64615188.0,77918303.0,2563663.156408024,79461374.91666667,6,3,9,0,1,2022
2022-03-13,Connecticut,79458363,81244604.0,75730960.0,64943055.0,78455701.75,2618025.245609154,79025781.33333333,6,3,10,0,1,2022
2022-03-20,Connecticut,79850855,79458363.0,79225631.0,63753984.0,79657203.5,1303875.2529830532,78624640.25,6,3,11,0,1,2022
2022-03-27,Connecticut,80412221,79850855.0,78867983.0,61636786.0,80241510.75,774869.961345907,78766662.0,6,3,12,0,1,2022
2022-04-03,Connecticut,83539947,80412221.0,77308768.0,61558290.0,80815346.5,1858099.936870537,79063131.83333333,6,4,13,0,2,2022
2022-04-10,Connecticut,84788564,83539947.0,75044848.0,58979019.0,82147896.75,2394430.9368566503,79462311.33333333,6,4,14,0,2,2022
2022-04-17,Connecticut,83716932,84788564.0,78074992.0,56803056.0,83114416.0,1884032.1570279275,80127809.0,6,4,15,0,2,2022
2022-04-24,Connecticut,78705229,83716932.0,81244604.0,57388239.0,82687668.0,2711662.9748227634,80084442.16666667,6,4,16,0,2,2022
2022-05-01,Connecticut,84565667,78705229.0,79458363.0,85104100.0,82944098.0,2863379.3343782867,80559249.16666667,6,5,17,0,2,2022
2022-05-08,Connecticut,87613823,84565667.0,79850855.0,83490394.0,83650412.75,3697096.9820402185,81418003.75,6,5,18,0,2,2022
2022-05-15,Connecticut,86752612,87613823.0,80412221.0,79115418.0,84409332.75,4013350.8607443674,82393650.75,6,5,19,0,2,2022
2022-05-22,Connecticut,95588771,86752612.0,83539947.0,79963454.0,88630218.25,4813193.595824938,83853132.33333333,6,5,20,0,2,2022
2022-05-29,Connecticut,92648751,95588771.0,84788564.0,77952095.0,90650989.25,4195015.480060932,84803477.91666667,6,5,21,0,2,2022
2022-06-05,Connecticut,92901720,92648751.0,83716932.0,81651391.0,91972963.5,3725829.2608069954,85923757.66666667,6,6,22,0,2,2022
2022-06-12,Connecticut,94343154,92901720.0,78705229.0,81330193.0,93870599.0,1367121.34323107,87131449.25,6,6,23,0,2,2022
2022-06-19,Connecticut,91475329,94343154.0,84565667.0,84134166.0,92842238.5,1177874.41051367,88053374.91666667,6,6,24,0,2,2022
2022-06-26,Connecticut,93202712,91475329.0,87613823.0,79050122.0,92980728.75,1180105.915443543,88858605.33333333,6,6,25,0,2,2022
2022-07-03,Connecticut,101589519,93202712.0,86752612.0,79199934.0,95152678.5,4450225.246539504,90258684.91666667,6,7,26,0,3,2022
2022-07-10,Connecticut,94364113,101589519.0,95588771.0,80338614.0,95157918.25,4448966.548408837,91145950.0,6,7,27,1,3,2022
2022-07-17,Connecticut,93692699,94364113.0,92648751.0,84685486.0,95712260.75,3946987.521461253,92394905.83333333,6,7,28,0,3,2022
2022-07-24,Connecticut,93947416,93692699.0,92901720.0,84664548.0,95898436.75,3804134.9228957226,93176718.25,6,7,29,0,3,2022
2022-07-31,Connecticut,94252644,93947416.0,94343154.0,78707960.0,94064218.0,303924.57565749006,93729953.33333333,6,7,30,0,3,2022
2022-08-07,Connecticut,95748091,94252644.0,91475329.0,79982309.0,94410212.5,920824.4378542445,94479576.58333333,6,8,31,0,3,2022
2022-08-14,Connecticut,93238518,95748091.0,93202712.0,79998410.0,94296667.25,1056760.0199834884,94283722.16666667,6,8,32,0,3,2022
2022-08-21,Connecticut,94701139,93238518.0,101589519.0,75730960.0,94485098.0,1040804.4309164203,94454754.5,6,8,33,0,3,2022
2022-08-28,Connecticut,93541954,94701139.0,94364113.0,79225631.0,94307425.5,1148772.8617733452,94508107.33333333,6,8,34,0,3,2022
2022-09-04,Connecticut,93921009,93541954.0,93692699.0,78867983.0,93850655.0,632002.303197747,94472928.58333333,6,9,35,0,3,2022
2022-09-11,Connecticut,87799469,93921009.0,93947416.0,77308768.0,92490892.75,3164627.8099995973,94166606.91666667,6,9,36,0,3,2022
2022-09-18,Connecticut,86482696,87799469.0,94252644.0,75044848.0,90436282.0,3845869.9012697497,93606605.58333333,6,9,37,0,3,2022
2022-09-25,Connecticut,87625522,86482696.0,95748091.0,78074992.0,88957174.0,3360370.872182503,92442939.16666667,6,9,38,0,3,2022
2022-10-02,Connecticut,88582157,87625522.0,93238518.0,81244604.0,87622461.0,866298.9994656902,91961109.5,6,10,39,1,4,2022
2022-10-09,Connecticut,88062177,88582157.0,94701139.0,79458363.0,87688138.0,893716.2720352525,91491899.33333333,6,10,40,1,4,2022
2022-10-16,Connecticut,83598256,88062177.0,93541954.0,79850855.0,86967028.0,2279636.8245009095,90629469.33333333,6,10,41,0,4,2022
2022-10-23,Connecticut,84847909,83598256.0,93921009.0,80412221.0,86272624.75,2430260.59292308,89845741.41666667,6,10,42,0,4,2022
2022-10-30,Connecticut,82234259,84847909.0,87799469.0,83539947.0,84685650.25,2491251.7677482637,88719588.75,6,10,43,0,4,2022
2022-11-06,Connecticut,88105835,82234259.0,86482696.0,84788564.0,84696564.75,2510993.192367816,88291865.16666667,6,11,44,0,4,2022
2022-11-13,Connecticut,84784922,88105835.0,87625522.0,83716932.0,84993231.25,2405877.6140086967,87465513.75,6,11,45,0,4,2022
2022-11-20,Connecticut,87584796,84784922.0,88582157.0,78705229.0,85677453.0,2719509.3286087345,86969083.91666667,6,11,46,0,4,2022
2022-11-27,Connecticut,89099386,87584796.0,88062177.0,84565667.0,87393734.75,1849210.7612429836,86567282.0,6,11,47,0,4,2022
2022-12-04,Connecticut,81630154,89099386.0,83598256.0,87613823.0,85774814.5,3290739.8616304514,86053172.41666667,6,12,48,0,4,2022
2022-12-11,Connecticut,85484044,81630154.0,84847909.0,86752612.0,85949595.0,3238794.7315919753,85969951.41666667,6,12,49,0,4,2022
2022-12-18,Connecticut,87927075,85484044.0,82234259.0,95588771.0,86035164.75,3300334.8341091373,85995080.83333333,6,12,50,0,4,2022
2022-12-25,Connecticut,94160702,87927075.0,88105835.0,92648751.0,87300493.75,5256973.269570128,86459959.58333333,6,12,51,1,4,2022
2023-01-01,Connecticut,81444066,94160702.0,84784922.0,92901720.0,87253971.75,5324272.713887113,85908450.33333333,6,1,52,0,1,2023
2023-01-08,Connecticut,84761850,81444066.0,87584796.0,94343154.0,87073423.25,5415757.113236724,86005416.5,6,1,1,0,1,2023
2023-01-15,Connecticut,81338879,84761850.0,89099386.0,91475329.0,85426374.25,6035905.62495385,85712997.33333333,6,1,2,0,1,2023
2023-01-22,Connecticut,80180536,81338879.0,81630154.0,93202712.0,81931332.75,1971932.0047356777,85541853.75,6,1,3,0,1,2023
2023-01-29,Connecticut,81503818,80180536.0,85484044.0,101589519.0,81946270.75,1967231.1247316287,84991685.66666667,6,1,4,0,1,2023
2023-02-05,Connecticut,82428773,81503818.0,87927075.0,94364113.0,81363001.5,922768.4307887233,84795339.91666667,6,2,5,0,1,2023
2023-02-12,Connecticut,82315194,82428773.0,94160702.0,93692699.0,81607080.25,1036387.2583522375,84356206.41666667,6,2,6,0,1,2023
2023-02-19,Connecticut,81341664,82315194.0,81444066.0,93947416.0,81897362.25,553973.0373356338,83709729.58333333,6,2,7,0,1,2023
2023-02-26,Connecticut,82172857,81341664.0,84761850.0,94252644.0,82064622.0,493212.382574299,83754954.83333333,6,2,8,0,1,2023
2023-03-05,Connecticut,88221789,82172857.0,81338879.0,95748091.0,83512876.0,3168496.8194186273,83983100.25,6,3,9,0,1,2023
2023-03-12,Connecticut,95286711,88221789.0,80180536.0,93238518.0,86755755.25,6461212.512570085,84596403.25,6,3,10,0,1,2023
2023-03-19,Connecticut,91217475,95286711.0,81503818.0,94701139.0,89224708.0,5521275.508885604,84351134.33333333,6,3,11,0,1,2023
2023-03-26,Connecticut,83520434,91217475.0,82428773.0,93541954.0,89561602.25,4960161.224973866,84524165.0,6,3,12,0,1,2023
2023-04-02,Connecticut,86141282,83520434.0,82315194.0,93921009.0,89041475.5,5248204.831388379,84639117.66666667,6,4,13,0,2,2023
2023-04-09,Connecticut,91590689,86141282.0,81341664.0,87799469.0,88117470.0,3945940.539281096,85493435.16666667,6,4,14,0,2,2023
2023-04-16,Connecticut,89649420,91590689.0,82172857.0,86482696.0,87725456.25,3597845.6933904537,86282508.83333333,6,4,15,0,2,2023
2023-04-23,Connecticut,87752373,89649420.0,88221789.0,87625522.0,88783441.0,2357588.2001069067,86803221.75,6,4,16,0,2,2023
2023-04-30,Connecticut,88123968,87752373.0,95286711.0,88582157.0,89279112.5,1746024.6157723516,87277821.33333333,6,4,17,0,2,2023
2023-05-07,Connecticut,93007531,88123968.0,91217475.0,88062177.0,89633323.0,2394553.8317327485,88168849.41666667,6,5,18,0,2,2023
2020-05-03,Florida,415458417,403638588.0,501395272.0,397812264.0,407741567.0,5266322.219039356,421850852.3333333,6,5,18,0,2,2020
2020-05-10,Florida,414827332,415458417.0,456728428.0,391310684.0,410059644.5,5975940.72255345,423568111.4166667,6,5,19,0,2,2020
2020-05-17,Florida,418764433,414827332.0,415475922.0,386318006.0,413172192.5,6586073.129493834,425195755.5,6,5,20,0,2,2020
2020-05-24,Florida,433358493,418764433.0,414217511.0,383741451.0,420602168.75,8677710.961859804,426452001.25,6,5,21,0,2,2020
2020-05-31,Florida,425634983,433358493.0,405555022.0,389736361.0,423146310.25,8142244.079163747,425947386.8333333,6,5,22,0,2,2020
2020-06-07,Florida,418545831,425634983.0,406314241.0,386937678.0,424075935.0,7009294.244940987,419043266.75,6,6,23,0,2,2020
2020-06-14,Florida,418428105,418545831.0,403638588.0,388918011.0,423991853.0,7095732.720409935,415851573.1666667,6,6,24,0,2,2020
2020-06-21,Florida,430682946,418428105.0,415458417.0,382545144.0,423322966.25,5952461.98997343,417118825.1666667,6,6,25,0,2,2020
2020-06-28,Florida,455034695,430682946.0,414827332.0,358112986.0,430672894.25,17228832.071722053,420520257.1666667,6,6,26,0,2,2020
2020-07-05,Florida,448570751,455034695.0,418764433.0,369604455.0,438179124.25,16717173.022466198,424104901.25,6,7,27,0,3,2020
2020-07-12,Florida,411049344,448570751.0,433358493.0,370622458.0,436334434.0,19754343.89457041,424499493.1666667,6,7,28,0,3,2020
2020-07-19,Florida,428211674,411049344.0,425634983.0,392523627.0,435716616.0,20026777.284374487,426547250.3333333,6,7,29,0,3,2020
2020-07-26,Florida,417570225,428211674.0,418545831.0,383971631.0,426350498.5,16415664.543084333,426723234.3333333,6,7,30,0,3,2020
2020-08-02,Florida,430782300,417570225.0,418428105.0,384552791.0,421903385.75,9223450.607012982,428052815.0,6,8,31,0,3,2020
2020-08-09,Florida,416202637,430782300.0,430682946.0,380194399.0,423191709.0,7377111.677658712,427839332.0,6,8,32,0,3,2020
2020-08-16,Florida,420287992,416202637.0,455034695.0,379065263.0,421210788.5,6603046.514539796,426750123.5833333,6,8,33,0,3,2020
2020-08-23,Florida,432183859,420287992.0,448570751.0,368781894.0,424864197.0,7843589.075342087,427295863.25,6,8,34,0,3,2020
2020-08-30,Florida,498199309,432183859.0,411049344.0,384924916.0,441718449.25,38259278.186499596,433933653.0833333,6,8,35,1,3,2020
2020-09-06,Florida,390860705,498199309.0,428211674.0,385408869.0,435382966.25,45336582.7197121,431636369.75,6,9,36,0,3,2020
2020-09-13,Florida,389580757,390860705.0,417570225.0,394220223.0,427706157.5,50991724.009359956,428211187.3333333,6,9,37,0,3,2020
2020-09-20,Florida,401149842,389580757.0,430782300.0,399232704.0,419947653.25,52424161.992232725,423720782.9166667,6,9,38,0,3,2020
2020-09-27,Florida,402325925,401149842.0,416202637.0,418283544.0,395979307.25,6687189.76254978,419867047.4166667,6,9,39,0,3,2020
2020-10-04,Florida,405135429,402325925.0,420287992.0,431690356.0,399547988.25,6851959.84005369,419374221.1666667,6,10,40,0,4,2020
2020-10-11,Florida,408643647,405135429.0,432183859.0,501395272.0,404313710.75,3335911.992572919,417743552.25,6,10,41,0,4,2020
2020-10-18,Florida,408146193,408643647.0,498199309.0,456728428.0,406062798.5,2934027.3440621747,416958216.25,6,10,42,0,4,2020
2020-10-25,Florida,404464567,408146193.0,390860705.0,415475922.0,406597459.0,2103348.3099305113,414765071.8333333,6,10,43,1,4,2020
2020-11-01,Florida,418301136,404464567.0,389580757.0,414217511.0,409888885.75,5909788.088012112,414939946.75,6,11,44,0,4,2020
2020-11-08,Florida,402426821,418301136.0,401149842.0,405555022.0,408334679.25,7053281.627388097,413451515.8333333,6,11,45,0,4,2020
2020-11-15,Florida,393181793,402426821.0,402325925.0,406314241.0,404593579.25,10373643.894420635,410201343.6666667,6,11,46,0,4,2020
2020-11-22,Florida,428095160,393181793.0,405135429.0,403638588.0,410501227.5,15658266.029480617,404359331.25,6,11,47,0,4,2020
2020-11-29,Florida,373685633,428095160.0,408643647.0,415458417.0,399347351.75,22601309.209455587,402928075.25,6,11,48,0,4,2020
2020-12-06,Florida,386563175,373685633.0,408146193.0,414827332.0,395381440.25,23262958.84128874,402676610.0833333,6,12,49,0,4,2020
2020-12-13,Florida,392477293,386563175.0,404464567.0,418764433.0,395205315.25,23287817.310897645,401953897.6666667,6,12,50,0,4,2020
2020-12-20,Florida,418158147,392477293.0,418301136.0,433358493.0,392721062.0,18684858.80904104,403273249.5,6,12,51,0,4,2020
2020-12-27,Florida,396895271,418158147.0,402426821.0,425634983.0,398523471.5,13757137.367929837,402586569.6666667,6,12,52,0,4,2020
2021-01-03,Florida,407668717,396895271.0,393181793.0,418545831.0,403799857.0,11503656.415667605,402505325.5,6,1,53,0,1,2021
2021-01-10,Florida,402837256,407668717.0,428095160.0,418428105.0,406389847.75,8998078.86162289,402062914.0833333,6,1,1,0,1,2021
2021-01-17,Florida,404563342,402837256.0,373685633.0,430682946.0,402991146.5,4528975.044833735,402071145.3333333,6,1,2,0,1,2021
2021-01-24,Florida,396317574,404563342.0,386563175.0,455034695.0,402846722.25,4789860.235103732,400239181.8333333,6,1,3,0,1,2021
2021-01-31,Florida,407009773,396317574.0,392477293.0,448570751.0,402681986.25,4575262.819217709,400621094.5,6,1,4,0,1,2021
2021-02-07,Florida,408426576,407009773.0,418158147.0,411049344.0,404079316.25,5414953.609517748,401891493.0833333,6,2,5,0,1,2021
2021-02-14,Florida,417646270,408426576.0,396895271.0,428211674.0,407350048.25,8736940.15172299,401020752.25,6,2,6,0,1,2021
2021-02-21,Florida,416763944,417646270.0,407668717.0,417570225.0,412461640.75,5519504.905789339,404610611.5,6,2,7,0,1,2021
2021-02-28,Florida,437229448,416763944.0,402837256.0,430782300.0,420016559.5,12203947.830495317,408832800.9166667,6,2,8,0,1,2021
2021-03-07,Florida,451704204,437229448.0,404563342.0,416202637.0,430835966.5,16816161.4035414,413768376.8333333,6,3,9,0,1,2021
2021-03-14,Florida,528051577,451704204.0,396317574.0,420287992.0,458437293.25,48572707.462574095,422926162.6666667,6,3,10,0,1,2021
2021-03-21,Florida,500049042,528051577.0,407009773.0,432183859.0,479258567.75,42184876.59433434,431522310.25,6,3,11,0,1,2021
2021-03-28,Florida,458062675,500049042.0,408426576.0,498199309.0,484466874.5,36115576.35120398,435721806.75,6,3,12,0,1,2021
2021-04-04,Florida,452821844,458062675.0,417646270.0,390860705.0,484746284.5,35780384.117562205,439887189.0833333,6,4,13,0,2,2021
2021-04-11,Florida,431834953,452821844.0,416763944.0,389580757.0,460692128.5,28580638.09588515,442159823.3333333,6,4,14,0,2,2021
2021-04-18,Florida,439545091,431834953.0,437229448.0,401149842.0,445566140.75,12022300.875611788,445762116.4166667,6,4,15,0,2,2021
2021-04-25,Florida,437757560,439545091.0,451704204.0,402325925.0,440489862.0,8857074.315827036,448324432.0,6,4,16,1,2,2021
2021-05-02,Florida,456177068,437757560.0,528051577.0,405135429.0,441328668.0,10432953.661736399,452303639.6666667,6,5,17,0,2,2021
2021-05-09,Florida,463060774,456177068.0,500049042.0,408643647.0,449135123.25,12448967.811788214,456088181.6666667,6,5,18,0,2,2021
2021-05-16,Florida,454518216,463060774.0,458062675.0,408146193.0,452878404.5,10737640.176337214,459234371.0,6,5,19,0,2,2021
2021-05-23,Florida,461793037,454518216.0,452821844.0,404464567.0,458887273.75,4175142.5217975867,461281336.75,6,5,20,0,2,2021
2021-05-30,Florida,468613673,461793037.0,431834953.0,418301136.0,461996425.0,5799016.767623284,462690459.1666667,6,5,21,0,2,2021
2021-06-06,Florida,453226022,468613673.0,439545091.0,402426821.0,459537737.0,7129570.573247733,456454996.25,6,6,22,0,2,2021
2021-06-13,Florida,468182255,453226022.0,437757560.0,393181793.0,462953746.75,7196016.018401259,453799430.6666667,6,6,23,0,2,2021
2021-06-20,Florida,463942370,468182255.0,456177068.0,428095160.0,463491080.0,7160613.575472794,454289405.25,6,6,24,0,2,2021
2021-06-27,Florida,471658231,463942370.0,463060774.0,373685633.0,464252219.5,7999317.124835235,455859104.1666667,6,6,25,0,2,2021
2021-07-04,Florida,495492035,471658231.0,454518216.0,386563175.0,474818722.75,14138744.649921339,461163861.0,6,7,26,0,3,2021
2021-07-11,Florida,445551996,495492035.0,461793037.0,392477293.0,469161158.0,20689600.734730184,461664436.4166667,6,7,27,0,3,2021
2021-07-18,Florida,461906089,445551996.0,468613673.0,418158147.0,468652087.75,20884941.972752523,463676813.8333333,6,7,28,0,3,2021
2021-07-25,Florida,464260466,461906089.0,453226022.0,396895271.0,466802646.5,20857533.54084535,464350430.3333333,6,7,29,0,3,2021
2021-08-01,Florida,474960315,464260466.0,468182255.0,407668717.0,461669716.5,12154406.300252138,465342058.75,6,8,30,0,3,2021
2021-08-08,Florida,460012877,474960315.0,463942370.0,402837256.0,465284936.75,6680162.441224172,465799947.1666667,6,8,31,0,3,2021
2021-08-15,Florida,465739561,460012877.0,471658231.0,404563342.0,466243304.75,6297880.7261051,466128824.1666667,6,8,32,1,3,2021
2021-08-22,Florida,462049706,465739561.0,495492035.0,396317574.0,465690614.75,6618727.494613002,465581826.9166667,6,8,33,0,3,2021
2021-08-29,Florida,451769857,462049706.0,445551996.0,407009773.0,459893000.25,5911386.723680907,465460479.8333333,6,8,34,0,3,2021
2021-09-05,Florida,463238158,451769857.0,461906089.0,408426576.0,460699320.5,6148403.032378596,465048471.75,6,9,35,0,3,2021
2021-09-12,Florida,434420849,463238158.0,464260466.0,417646270.0,452869642.5,13333506.531659536,462588345.0,6,9,36,0,3,2021
2021-09-19,Florida,441054934,434420849.0,474960315.0,416763944.0,447620949.5,12628880.229225473,460038070.25,6,9,37,0,3,2021
2021-09-26,Florida,443549009,441054934.0,460012877.0,437229448.0,445565737.5,12395396.027888393,455709484.75,6,9,38,0,3,2021
2021-10-03,Florida,650291094,443549009.0,465739561.0,451704204.0,492328971.5,105378515.29800057,472771076.25,6,10,39,0,4,2021
2021-10-10,Florida,658073956,650291094.0,462049706.0,528051577.0,548242248.25,122374787.20032528,489118398.5,6,10,40,0,4,2021
2021-10-17,Florida,649087749,658073956.0,451769857.0,500049042.0,600250452.0,104543527.27159253,504520672.0833333,6,10,41,0,4,2021
2021-10-24,Florida,636492810,649087749.0,463238158.0,458062675.0,648486402.25,8932822.84974234,517981713.3333333,6,10,42,0,4,2021
2021-10-31,Florida,639670899,636492810.0,434420849.0,452821844.0,645831353.5,9757817.754214192,532953215.1666667,6,10,43,0,4,2021
2021-11-07,Florida,626921179,639670899.0,441054934.0,431834953.0,638043159.25,9142110.021176454,546385016.6666666,6,11,44,0,4,2021
2021-11-14,Florida,641627352,626921179.0,443549009.0,439545091.0,636178060.0,6523895.078653303,561349820.5,6,11,45,0,4,2021
2021-11-21,Florida,647095618,641627352.0,650291094.0,437757560.0,638828762.0,8537617.578330971,577626967.25,6,11,46,0,4,2021
2021-11-28,Florida,580412388,647095618.0,658073956.0,456177068.0,624014134.25,30290501.904273022,587391486.4166666,6,11,47,0,4,2021
2021-12-05,Florida,614205922,580412388.0,649087749.0,463060774.0,620835320.0,30549818.30309764,602373575.8333334,6,12,48,0,4,2021
2021-12-12,Florida,621894064,614205922.0,636492810.0,454518216.0,615901998.0,27515667.509030886,617443503.3333334,6,12,49,0,4,2021
2021-12-19,Florida,657419273,621894064.0,639670899.0,461793037.0,618482911.75,31598172.97979997,635266025.3333334,6,12,50,0,4,2021
2021-12-26,Florida,637666452,657419273.0,626921179.0,468613673.0,632796427.75,19100349.767993893,634213971.8333334,6,12,51,0,4,2021
2022-01-02,Florida,646500604,637666452.0,641627352.0,453226022.0,640870098.25,15010340.936158128,633249525.8333334,6,1,52,0,1,2022
2022-01-09,Florida,629065725,646500604.0,647095618.0,468182255.0,642663013.5,12142572.169197729,631581023.8333334,6,1,1,0,1,2022
2022-01-16,Florida,632875898,629065725.0,580412388.0,463942370.0,636527169.75,7522683.429332694,631279614.5,6,1,2,0,1,2022
2022-01-23,Florida,621955679,632875898.0,614205922.0,471658231.0,632599476.5,10313350.239724211,629803346.1666666,6,1,3,0,1,2022
2022-01-30,Florida,628041476,621955679.0,621894064.0,495492035.0,627984694.5,4525658.355727813,629896704.25,6,1,4,0,1,2022
2022-02-06,Florida,637532932,628041476.0,657419273.0,445551996.0,630101496.25,6671370.785617468,629555502.5833334,6,2,5,0,1,2022
2022-02-13,Florida,645108904,637532932.0,637666452.0,461906089.0,633159747.75,10224723.921829855,629389943.0833334,6,2,6,0,1,2022
2022-02-20,Florida,659433678,645108904.0,646500604.0,464260466.0,642529247.5,13257363.863139814,635975050.5833334,6,2,7,0,1,2022
2022-02-27,Florida,689853278,659433678.0,629065725.0,474960315.0,657982198.0,23106757.40200959,642278996.9166666,6,2,8,0,1,2022
2022-03-06,Florida,690201657,689853278.0,632875898.0,460012877.0,671149379.25,22569811.127096992,647971296.3333334,6,3,9,0,1,2022
2022-03-13,Florida,690230810,690201657.0,621955679.0,465739561.0,682429855.75,15331744.528825033,650705591.0833334,6,3,10,0,1,2022
2022-03-20,Florida,689715126,690230810.0,628041476.0,462049706.0,690000217.75,256007.26111591683,655042980.5833334,6,3,11,0,1,2022
2022-03-27,Florida,705833672,689715126.0,637532932.0,451769857.0,693995316.25,7895780.587358811,659987402.9166666,6,3,12,0,1,2022
2022-04-03,Florida,700061265,705833672.0,645108904.0,463238158.0,696460218.25,7855591.840747084,665903697.9166666,6,4,13,0,2,2022
2022-04-10,Florida,708494982,700061265.0,659433678.0,434420849.0,701026261.25,8321978.654282225,672205288.25,6,4,14,0,2,2022
2022-04-17,Florida,700335011,708494982.0,689853278.0,441054934.0,703681232.5,4167594.9530480024,678736899.25,6,4,15,0,2,2022
2022-04-24,Florida,691133574,700335011.0,690201657.0,443549009.0,700006208.0,7092109.719189679,683994574.0833334,6,4,16,0,2,2022
2022-05-01,Florida,702046035,691133574.0,690230810.0,650291094.0,700502400.5,7166289.038164015,689370666.0,6,5,17,0,2,2022
2022-05-08,Florida,715244615,702046035.0,689715126.0,658073956.0,702189808.75,9935277.863195794,695215308.5833334,6,5,18,0,2,2022
2022-05-15,Florida,699768170,715244615.0,705833672.0,649087749.0,702048098.5,9974517.047941074,698576516.25,6,5,19,0,2,2022
2022-05-22,Florida,717341218,699768170.0,700061265.0,636492810.0,708600009.5,8972466.754679684,700867177.9166666,6,5,20,0,2,2022
2022-05-29,Florida,729620556,717341218.0,708494982.0,639670899.0,715493639.75,12252016.436878858,704152086.1666666,6,5,21,0,2,2022
2022-06-05,Florida,697035016,729620556.0,700335011.0,626921179.0,710941240.0,15363345.16298887,704719103.3333334,6,6,22,0,2,2022
2022-06-12,Florida,697115836,697035016.0,691133574.0,641627352.0,710278156.5,16048288.666997354,705335829.1666666,6,6,23,0,2,2022
2022-06-19,Florida,707407753,697115836.0,702046035.0,647095618.0,707794790.25,15344126.500513703,705467002.5833334,6,6,24,0,2,2022
2022-06-26,Florida,711378458,707407753.0,715244615.0,580412388.0,703234265.75,7294101.345137653,706410102.0,6,6,25,0,2,2022
2022-07-03,Florida,735338902,711378458.0,699768170.0,614205922.0,712810237.25,16177059.82666098,708647095.3333334,6,7,26,0,3,2022
2022-07-10,Florida,681830724,735338902.0,717341218.0,621894064.0,708988959.25,21909656.488284595,707105071.4166666,6,7,27,1,3,2022
2022-07-17,Florida,705424400,681830724.0,729620556.0,657419273.0,708493121.0,21979699.6450889,708295973.5833334,6,7,28,0,3,2022
2022-07-24,Florida,707109542,705424400.0,697035016.0,637666452.0,707425892.0,21896383.26114514,708717932.5,6,7,29,0,3,2022
2022-07-31,Florida,711378170,707109542.0,697115836.0,646500604.0,701435709.0,13308017.688497663,708395728.75,6,7,30,0,3,2022
2022-08-07,Florida,716789624,711378170.0,707407753.0,629065725.0,710175434.0,5071689.431428806,709814183.25,6,8,31,0,3,2022
2022-08-14,Florida,706877466,716789624.0,711378458.0,632875898.0,710538700.5,4652688.102103949,708942203.9166666,6,8,32,0,3,2022
2022-08-21,Florida,725848244,706877466.0,735338902.0,621955679.0,715223376.0,8160489.685581525,708627844.5833334,6,8,33,0,3,2022
2022-08-28,Florida,782741440,725848244.0,681830724.0,628041476.0,733064193.5,34012277.472396545,715770046.5833334,6,8,34,0,3,2022
2022-09-04,Florida,681125304,782741440.0,705424400.0,637532932.0,724148113.5,43148216.48069655,714437502.25,6,9,35,0,3,2022
2022-09-11,Florida,667077992,681125304.0,707109542.0,645108904.0,714198245.0,52115351.95020592,711076688.8333334,6,9,36,0,3,2022
2022-09-18,Florida,670728453,667077992.0,711378170.0,659433678.0,700418297.25,55203810.938901186,707689188.4166666,6,9,37,0,3,2022
2022-09-25,Florida,755860884,670728453.0,716789624.0,689853278.0,693698158.25,41866939.01362169,709399353.5833334,6,9,38,0,3,2022
2022-10-02,Florida,693030079,755860884.0,706877466.0,690201657.0,696674352.0,41091201.39418873,710332633.1666666,6,10,39,1,4,2022
2022-10-09,Florida,688756403,693030079.0,725848244.0,690230810.0,702093954.75,37124661.66534542,708943633.4166666,6,10,40,1,4,2022
2022-10-16,Florida,700430110,688756403.0,782741440.0,689715126.0,709519369.0,31268450.998226847,708387014.0833334,6,10,41,0,4,2022
2022-10-23,Florida,687631033,700430110.0,681125304.0,705833672.0,692461906.25,5798941.914081217,706408086.0,6,10,42,0,4,2022
2022-10-30,Florida,693609731,687631033.0,667077992.0,700061265.0,692606819.25,5825056.916496118,704476428.25,6,10,43,0,4,2022
2022-11-06,Florida,699055504,693609731.0,670728453.0,708494982.0,695181594.5,5831975.75428847,703824598.0833334,6,11,44,0,4,2022
2022-11-13,Florida,673068718,699055504.0,755860884.0,700335011.0,688341246.5,11199803.16347751,699426304.25,6,11,45,0,4,2022
2022-11-20,Florida,714995053,673068718.0,693030079.0,691133574.0,695182251.5,17311175.319098372,693780772.0,6,11,46,0,4,2022
2022-11-27,Florida,627978196,714995053.0,688756403.0,702046035.0,678774367.75,38017838.05485606,689351846.3333334,6,11,47,0,4,2022
2022-12-04,Florida,672178981,627978196.0,700430110.0,715244615.0,672055237.0,35532406.794100955,689776928.75,6,12,48,0,4,2022
2022-12-11,Florida,686888529,672178981.0,687631033.0,699768170.0,675510189.75,36326796.40680961,691123601.75,6,12,49,0,4,2022
2022-12-18,Florida,710659033,686888529.0,693609731.0,717341218.0,674426184.75,34787904.50777951,687356780.8333334,6,12,50,0,4,2022
2022-12-25,Florida,705162943,710659033.0,699055504.0,729620556.0,693722371.5,17593145.03400377,688367852.8333334,6,12,51,1,4,2022
2023-01-01,Florida,684937806,705162943.0,673068718.0,697035016.0,696912077.75,12921690.672478052,688049636.4166666,6,1,52,0,1,2023
2023-01-08,Florida,681025299,684937806.0,714995053.0,697115836.0,695446270.25,14654170.197196642,686432568.8333334,6,1,1,0,1,2023
2023-01-15,Florida,682750237,681025299.0,627978196.0,707407753.0,688469071.25,11243813.095211273,686025835.8333334,6,1,2,0,1,2023
2023-01-22,Florida,669250018,682750237.0,672178981.0,711378458.0,679490840.0,7012420.102150086,683995859.75,6,1,3,0,1,2023
2023-01-29,Florida,674965745,669250018.0,686888529.0,735338902.0,676997824.75,6150031.24853997,681988379.8333334,6,1,4,0,1,2023
2023-02-05,Florida,697150558,674965745.0,710659033.0,681830724.0,681029139.5,12088214.19442682,683995199.8333334,6,2,5,0,1,2023
2023-02-12,Florida,705981954,697150558.0,705162943.0,705424400.0,686837068.75,17541639.731468543,683244108.25,6,2,6,0,1,2023
2023-02-19,Florida,713110008,705981954.0,684937806.0,707109542.0,697802066.25,16564678.03748886,690338425.9166666,6,2,7,0,1,2023
2023-02-26,Florida,742464646,713110008.0,681025299.0,711378170.0,714676791.5,19641696.53311507,696195564.6666666,6,2,8,0,1,2023
2023-03-05,Florida,771680293,742464646.0,682750237.0,716789624.0,733309225.25,30060764.577038374,703261545.0,6,3,9,0,1,2023
2023-03-12,Florida,831072061,771680293.0,669250018.0,706877466.0,764581752.0,50364859.71872623,713295964.0,6,3,10,0,1,2023
2023-03-19,Florida,789712001,831072061.0,674965745.0,725848244.0,783732250.25,37081351.71470232,720341718.8333334,6,3,11,0,1,2023
2023-03-26,Florida,744549564,789712001.0,697150558.0,782741440.0,784253479.75,36314647.89600752,725309365.3333334,6,3,12,0,1,2023
2023-04-02,Florida,758696512,744549564.0,705981954.0,681125304.0,781007534.5,38337057.3061852,731781966.4166666,6,4,13,0,2,2023
2023-04-09,Florida,743252354,758696512.0,713110008.0,667077992.0,759052607.75,21603329.181865316,736823809.5,6,4,14,0,2,2023
2023-04-16,Florida,733380086,743252354.0,742464646.0,670728453.0,744969629.0,10422256.823330412,742167981.8333334,6,4,15,0,2,2023
2023-04-23,Florida,732692298,733380086.0,771680293.0,755860884.0,742005312.5,12128176.896591105,746978527.9166666,6,4,16,0,2,2023
2023-04-30,Florida,740510455,732692298.0,831072061.0,693030079.0,737458798.25,5235561.587187915,750591852.6666666,6,4,17,0,2,2023
2023-05-07,Florida,756307225,740510455.0,789712001.0,688756403.0,740722516.0,10974573.703411143,754785625.25,6,5,18,0,2,2023
2020-05-03,Georgia,232382556,218926837.0,248795257.0,234203406.0,220967550.25,7929238.484370029,218313557.16666666,6,5,18,0,2,2020
2020-05-10,Georgia,233306058,232382556.0,232566670.0,222103635.0,225788900.75,8157128.171662096,221392189.41666666,6,5,19,0,2,2020
2020-05-17,Georgia,239786256,233306058.0,214214934.0,212086740.0,231100426.75,8758778.107060026,225161728.91666666,6,5,20,0,2,2020
2020-05-24,Georgia,248894330,239786256.0,222801139.0,203641241.0,238592300.0,7617143.560831171,228353830.16666666,6,5,21,0,2,2020
2020-05-31,Georgia,235973654,248894330.0,214020656.0,204848830.0,239490074.5,6810164.417871136,230017374.91666666,6,5,22,0,2,2020
2020-06-07,Georgia,235192873,235973654.0,218540152.0,202242823.0,239961778.25,6284077.263040509,228883842.91666666,6,6,23,0,2,2020
2020-06-14,Georgia,234400321,235192873.0,218926837.0,201290193.0,238615294.5,6882727.314828629,229036647.16666666,6,6,24,0,2,2020
2020-06-21,Georgia,239868511,234400321.0,232382556.0,208396414.0,236358839.75,2426343.923223179,231174445.25,6,6,25,0,2,2020
2020-06-28,Georgia,244150500,239868511.0,233306058.0,198967927.0,238403051.25,4527980.906312222,232953558.66666666,6,6,26,0,2,2020
2020-07-05,Georgia,255137714,244150500.0,239786256.0,200151766.0,243389261.5,8790190.661459483,236379980.16666666,6,7,27,0,3,2020
2020-07-12,Georgia,238917136,255137714.0,248894330.0,200972765.0,244518465.25,7436415.048789353,238078062.16666666,6,7,28,0,3,2020
2020-07-19,Georgia,251597267,238917136.0,235973654.0,216037052.0,247450654.25,7302904.369619169,240800598.0,6,7,29,0,3,2020
2020-07-26,Georgia,248674782,251597267.0,235192873.0,198566370.0,248581724.75,6963893.199115332,242158283.5,6,7,30,0,3,2020
2020-08-02,Georgia,248666926,248674782.0,234400321.0,193036456.0,246964027.75,5539130.958844967,243438355.83333334,6,8,31,0,3,2020
2020-08-09,Georgia,252157409,248666926.0,239868511.0,200613878.0,250274096.0,1865337.3270184996,244469285.25,6,8,32,0,3,2020
2020-08-16,Georgia,255956752,252157409.0,244150500.0,199106822.0,251363967.25,3475100.496556146,245057820.41666666,6,8,33,0,3,2020
2020-08-23,Georgia,245783095,255956752.0,255137714.0,193934425.0,250641045.5,4398974.301622466,245875273.83333334,6,8,34,0,3,2020
2020-08-30,Georgia,243810936,245783095.0,238917136.0,200642376.0,249427048.0,5624678.153183215,246593445.75,6,8,35,1,3,2020
2020-09-06,Georgia,249712778,243810936.0,251597267.0,201281095.0,248815890.25,5355487.162457098,247869483.83333334,6,9,36,0,3,2020
2020-09-13,Georgia,244525536,249712778.0,248674782.0,196362471.0,245958086.25,2632539.109550851,248257569.25,6,9,37,0,3,2020
2020-09-20,Georgia,235833613,244525536.0,248666926.0,194551782.0,243470715.75,5730534.446432616,247564495.33333334,6,9,38,0,3,2020
2020-09-27,Georgia,235304027,235833613.0,252157409.0,210589115.0,241343988.5,7000101.315041769,245911688.08333334,6,9,39,0,3,2020
2020-10-04,Georgia,237617892,235304027.0,255956752.0,216011117.0,238320267.0,4253619.864550723,245803417.75,6,10,40,0,4,2020
2020-10-11,Georgia,228323938,237617892.0,245783095.0,248795257.0,234269867.5,4085671.365956091,243863973.66666666,6,10,41,0,4,2020
2020-10-18,Georgia,223960846,228323938.0,243810936.0,232566670.0,231301675.75,6289358.917287735,241804479.0,6,10,42,0,4,2020
2020-10-25,Georgia,224262383,223960846.0,249712778.0,214214934.0,228541264.75,6369758.187653651,239770767.08333334,6,10,43,1,4,2020
2020-11-01,Georgia,222344499,224262383.0,244525536.0,222801139.0,224722916.5,2544082.558891027,237286357.91666666,6,11,44,0,4,2020
2020-11-08,Georgia,220289341,222344499.0,235833613.0,214020656.0,222714267.25,1822783.2959512125,234314073.66666666,6,11,45,0,4,2020
2020-11-15,Georgia,219240355,220289341.0,235304027.0,218540152.0,221534144.5,2229421.879656588,232102178.66666666,6,11,46,0,4,2020
2020-11-22,Georgia,229627656,219240355.0,237617892.0,218926837.0,222875462.75,4682452.001857301,230920238.66666666,6,11,47,0,4,2020
2020-11-29,Georgia,216485518,229627656.0,228323938.0,232382556.0,221410717.5,5707995.184059535,228151300.33333334,6,11,48,0,4,2020
2020-12-06,Georgia,208040534,216485518.0,223960846.0,233306058.0,218348515.75,8902052.76704664,225110883.5,6,12,49,0,4,2020
2020-12-13,Georgia,215266327,208040534.0,224262383.0,239786256.0,217355008.75,8990660.265120285,223396943.0,6,12,50,0,4,2020
2020-12-20,Georgia,226573997,215266327.0,222344499.0,248894330.0,216591594.0,7627506.8341949815,222669440.5,6,12,51,0,4,2020
2020-12-27,Georgia,214648294,226573997.0,220289341.0,235973654.0,216132288.0,7691074.833484013,220755307.33333334,6,12,52,0,4,2020
2021-01-03,Georgia,208934979,214648294.0,219240355.0,235192873.0,216355899.25,7384277.494858297,219139560.75,6,1,53,0,1,2021
2021-01-10,Georgia,214363912,208934979.0,229627656.0,234400321.0,216130295.5,7442220.091508277,218339816.25,6,1,1,0,1,2021
2021-01-17,Georgia,214238532,214363912.0,216485518.0,239868511.0,213046429.25,2746322.607817107,217504495.33333334,6,1,2,0,1,2021
2021-01-24,Georgia,208876210,214238532.0,208040534.0,244150500.0,211603408.25,3115679.8663446424,216382137.91666666,6,1,3,0,1,2021
2021-01-31,Georgia,212596583,208876210.0,215266327.0,255137714.0,212518809.25,2558412.824859333,215741074.75,6,1,4,0,1,2021
2021-02-07,Georgia,213638444,212596583.0,226573997.0,238917136.0,212337442.25,2405135.506079172,215274248.83333334,6,2,5,0,1,2021
2021-02-14,Georgia,210672517,213638444.0,214648294.0,251597267.0,211445938.5,2108138.8721875325,213694653.91666666,6,2,6,0,1,2021
2021-02-21,Georgia,206944928,210672517.0,208934979.0,248674782.0,210963118.0,2947081.9991872953,212899604.75,6,2,7,0,1,2021
2021-02-28,Georgia,225430198,206944928.0,214363912.0,248666926.0,214171521.75,7989757.073026275,214348743.41666666,6,2,8,0,1,2021
2021-03-07,Georgia,229526110,225430198.0,214238532.0,252157409.0,218143438.25,11013376.411823398,215537058.66666666,6,3,9,0,1,2021
2021-03-14,Georgia,267795169,229526110.0,208876210.0,255956752.0,232424101.25,25544821.64897641,218972156.33333334,6,3,10,0,1,2021
2021-03-21,Georgia,252912763,267795169.0,212596583.0,245783095.0,243916060.0,19999585.5489527,222160862.08333334,6,3,11,0,1,2021
2021-03-28,Georgia,232747666,252912763.0,213638444.0,243810936.0,245745427.0,17977484.645736445,224145252.66666666,6,3,12,0,1,2021
2021-04-04,Georgia,242501064,232747666.0,210672517.0,249712778.0,248989165.5,14999357.231415171,226490015.33333334,6,4,13,0,2,2021
2021-04-11,Georgia,230404565,242501064.0,206944928.0,244525536.0,239641514.5,10281852.026721703,227837184.75,6,4,14,0,2,2021
2021-04-18,Georgia,237770629,230404565.0,225430198.0,235833613.0,235855981.0,5391430.347785656,230245053.0,6,4,15,0,2,2021
2021-04-25,Georgia,234825958,237770629.0,229526110.0,235304027.0,236375554.0,5083373.6965739755,232097500.91666666,6,4,16,1,2,2021
2021-05-02,Georgia,247764853,234825958.0,267795169.0,237617892.0,237691501.25,7366352.663954105,234941368.33333334,6,5,17,0,2,2021
2021-05-09,Georgia,249585217,247764853.0,252912763.0,228323938.0,242486664.25,7284141.137960586,238184093.33333334,6,5,18,0,2,2021
2021-05-16,Georgia,249325087,249585217.0,232747666.0,223960846.0,245375278.75,7078672.160398993,241715773.25,6,5,19,0,2,2021
2021-05-23,Georgia,258169301,249325087.0,242501064.0,224262383.0,251211114.5,4707926.652870506,244444031.83333334,6,5,20,0,2,2021
2021-05-30,Georgia,259966083,258169301.0,230404565.0,222344499.0,254261422.0,5599076.466638952,246980696.25,6,5,21,0,2,2021
2021-06-06,Georgia,255134239,259966083.0,237770629.0,220289341.0,255648677.5,4663545.749110984,245925618.75,6,6,22,0,2,2021
2021-06-13,Georgia,253894710,255134239.0,234825958.0,219240355.0,256791083.25,2775741.2494075117,246007447.66666666,6,6,23,0,2,2021
2021-06-20,Georgia,258893196,253894710.0,247764853.0,229627656.0,256972057.0,2915624.9361859723,248186241.83333334,6,6,24,0,2,2021
2021-06-27,Georgia,253975877,258893196.0,249585217.0,216485518.0,255474505.5,2348394.290335662,249142476.25,6,6,25,0,2,2021
2021-07-04,Georgia,274063879,253975877.0,249325087.0,208040534.0,260206915.5,9529097.114062862,252780752.41666666,6,7,26,0,3,2021
2021-07-11,Georgia,252953400,274063879.0,258169301.0,215266327.0,259971588.0,9746095.083557116,254045983.33333334,6,7,27,0,3,2021
2021-07-18,Georgia,266538614,252953400.0,259966083.0,226573997.0,261882942.5,10203086.219596166,256688704.66666666,6,7,28,0,3,2021
2021-07-25,Georgia,265685591,266538614.0,255134239.0,214648294.0,264810371.0,8755341.331940416,258182099.5,6,7,29,0,3,2021
2021-08-01,Georgia,272363200,265685591.0,253894710.0,208934979.0,264385201.25,8178482.822795218,260080264.75,6,8,30,0,3,2021
2021-08-08,Georgia,270212454,272363200.0,258893196.0,214363912.0,268699964.75,3133943.3305566455,261820878.66666666,6,8,31,0,3,2021
2021-08-15,Georgia,272436319,270212454.0,253975877.0,214238532.0,270174391.0,3165331.8597809346,263009796.83333334,6,8,32,1,3,2021
2021-08-22,Georgia,260774673,272436319.0,274063879.0,208876210.0,268946661.5,5544789.490638209,263077179.33333334,6,8,33,0,3,2021
2021-08-29,Georgia,261886848,260774673.0,252953400.0,212596583.0,266327573.5,5858435.940655715,263639896.75,6,8,34,0,3,2021
2021-09-05,Georgia,271945814,261886848.0,266538614.0,213638444.0,266760913.5,6289806.849351836,265144155.41666666,6,9,35,0,3,2021
2021-09-12,Georgia,256028112,271945814.0,265685591.0,210672517.0,262658861.75,6692296.487173878,264905398.41666666,6,9,36,0,3,2021
2021-09-19,Georgia,247987379,256028112.0,272363200.0,206944928.0,259462038.25,10086030.168737208,264406356.91666666,6,9,37,0,3,2021
2021-09-26,Georgia,244814212,247987379.0,270212454.0,225430198.0,255193879.25,12124278.67577286,261968884.66666666,6,9,38,0,3,2021
2021-10-03,Georgia,369777977,244814212.0,272436319.0,229526110.0,279651920.0,60269117.327262655,271704266.0833333,6,10,39,0,4,2021
2021-10-10,Georgia,356385301,369777977.0,260774673.0,267795169.0,304741217.25,67599644.03135301,279191490.0,6,10,40,0,4,2021
2021-10-17,Georgia,358048744,356385301.0,261886848.0,252912763.0,332256558.5,58598787.97147007,286888419.4166667,6,10,41,0,4,2021
2021-10-24,Georgia,348127397,358048744.0,271945814.0,232747666.0,358084854.75,8921320.151410364,293202102.5,6,10,42,0,4,2021
2021-10-31,Georgia,346260582,348127397.0,256028112.0,242501064.0,352205506.0,5876144.170806873,299539446.5,6,10,43,0,4,2021
2021-11-07,Georgia,336660309,346260582.0,247987379.0,230404565.0,347274258.0,8765478.635440486,304891445.6666667,6,11,44,0,4,2021
2021-11-14,Georgia,344501414,336660309.0,244814212.0,237770629.0,343887425.5,5040417.472029011,311868674.0833333,6,11,45,0,4,2021
2021-11-21,Georgia,354222036,344501414.0,369777977.0,234825958.0,345411085.25,7205509.110114372,319563273.0833333,6,11,46,0,4,2021
2021-11-28,Georgia,328540754,354222036.0,356385301.0,247764853.0,340981128.25,10971879.818835268,324279518.0833333,6,11,47,0,4,2021
2021-12-05,Georgia,329236652,328540754.0,358048744.0,249585217.0,339125214.0,12471728.199667238,330380229.75,6,12,48,0,4,2021
2021-12-12,Georgia,333122176,329236652.0,348127397.0,249325087.0,336280404.5,12129759.372213555,337474796.1666667,6,12,49,0,4,2021
2021-12-19,Georgia,352359919,333122176.0,346260582.0,258169301.0,335814875.25,11212715.44611895,346436938.4166667,6,12,50,0,4,2021
2021-12-26,Georgia,337901545,352359919.0,336660309.0,259966083.0,338155073.0,10111218.384816391,343780569.0833333,6,12,51,0,4,2021
2022-01-02,Georgia,328585374,337901545.0,344501414.0,255134239.0,337992253.5,10306067.415773194,341463908.5,6,1,52,0,1,2022
2022-01-09,Georgia,329252569,328585374.0,354222036.0,253894710.0,337024851.75,11068966.263918653,339064227.25,6,1,1,0,1,2022
2022-01-16,Georgia,347151523,329252569.0,328540754.0,258893196.0,335722752.75,8721035.456023514,338982904.4166667,6,1,2,0,1,2022
2022-01-23,Georgia,327200418,347151523.0,329236652.0,253975877.0,333047471.0,9441467.08992699,337394557.4166667,6,1,3,0,1,2022
2022-01-30,Georgia,336182789,327200418.0,333122176.0,274063879.0,334946824.75,8998400.47052219,337354764.0833333,6,1,4,0,1,2022
2022-02-06,Georgia,337213215,336182789.0,352359919.0,252953400.0,336936986.25,8160527.722278748,336747414.1666667,6,2,5,0,1,2022
2022-02-13,Georgia,333802365,337213215.0,337901545.0,266538614.0,333599696.75,4498952.569019077,335045774.9166667,6,2,6,0,1,2022
2022-02-20,Georgia,328715272,333802365.0,328585374.0,265685591.0,333978410.25,3788353.363170339,335060318.0833333,6,2,7,0,1,2022
2022-02-27,Georgia,352766123,328715272.0,329252569.0,272363200.0,338124243.75,10366966.555312509,337021107.3333333,6,2,8,0,1,2022
2022-03-06,Georgia,358685339,352766123.0,347151523.0,270212454.0,343492274.75,14480879.622284763,339151370.9166667,6,3,9,0,1,2022
2022-03-13,Georgia,360956610,358685339.0,327200418.0,272436319.0,350280836.0,14785781.72081259,339867761.8333333,6,3,10,0,1,2022
2022-03-20,Georgia,359985779,360956610.0,336182789.0,260774673.0,358098462.75,3674653.692183722,341708114.6666667,6,3,11,0,1,2022
2022-03-27,Georgia,364039433,359985779.0,337213215.0,261886848.0,360916790.25,2280251.4470534855,344662619.5833333,6,3,12,0,1,2022
2022-04-03,Georgia,363376987,364039433.0,333802365.0,271945814.0,362089702.25,1929502.7955388415,347506321.0833333,6,4,13,0,2,2022
2022-04-10,Georgia,364285113,363376987.0,328715272.0,256028112.0,362921828.0,1994587.7078509077,348934120.25,6,4,14,0,2,2022
2022-04-17,Georgia,374126940,364285113.0,352766123.0,247987379.0,366457118.25,5127578.472277551,352844663.75,6,4,15,0,2,2022
2022-04-24,Georgia,367838163,374126940.0,358685339.0,244814212.0,367406800.75,4876155.527951046,355482611.5833333,6,4,16,0,2,2022
2022-05-01,Georgia,386374893,367838163.0,360956610.0,369777977.0,373156277.25,9706593.684139227,359579418.0833333,6,5,17,0,2,2022
2022-05-08,Georgia,385078069,386374893.0,359985779.0,356385301.0,378354516.25,8906901.657746848,363852393.4166667,6,5,18,0,2,2022
2022-05-15,Georgia,383504531,385078069.0,364039433.0,358048744.0,380698914.0,8653787.979013467,368418165.0,6,5,19,0,2,2022
2022-05-22,Georgia,410982915,383504531.0,363376987.0,348127397.0,391485102.0,13051417.970930438,373269564.3333333,6,5,20,0,2,2022
2022-05-29,Georgia,401053272,410982915.0,364285113.0,346260582.0,395154696.75,13198364.441148087,376800225.4166667,6,5,21,0,2,2022
2022-06-05,Georgia,381414563,401053272.0,374126940.0,336660309.0,394238820.25,14218391.861328727,378505054.8333333,6,6,22,0,2,2022
2022-06-12,Georgia,381382227,381414563.0,367838163.0,344501414.0,393708244.25,14780944.738559768,380288092.1666667,6,6,23,0,2,2022
2022-06-19,Georgia,402468013,381382227.0,386374893.0,354222036.0,391579518.75,11770335.4824497,383490473.8333333,6,6,24,0,2,2022
2022-06-26,Georgia,395036685,402468013.0,385078069.0,328540754.0,390075372.0,10468565.010932403,386128782.0,6,6,25,0,2,2022
2022-07-03,Georgia,402606623,395036685.0,383504531.0,329236652.0,395373387.0,9975291.93380616,389322241.1666667,6,7,26,0,3,2022
2022-07-10,Georgia,383730360,402606623.0,410982915.0,333122176.0,395960420.25,8887227.444009773,390122526.1666667,6,7,27,1,3,2022
2022-07-17,Georgia,390307593,383730360.0,401053272.0,352359919.0,392920315.25,7949531.931694084,391994978.6666667,6,7,28,0,3,2022
2022-07-24,Georgia,388923198,390307593.0,381414563.0,337901545.0,391391943.5,7994569.372722377,392207337.4166667,6,7,29,0,3,2022
2022-07-31,Georgia,403928382,388923198.0,381382227.0,328585374.0,391722383.25,8615797.711739633,393778196.8333333,6,7,30,0,3,2022
2022-08-07,Georgia,406489668,403928382.0,402468013.0,329252569.0,397412210.25,9081109.490368448,395693624.9166667,6,8,31,0,3,2022
2022-08-14,Georgia,411516993,406489668.0,395036685.0,347151523.0,402714560.25,9719555.833368104,395738131.4166667,6,8,32,0,3,2022
2022-08-21,Georgia,397965157,411516993.0,402606623.0,327200418.0,404975050.0,5636937.693312005,395480788.5,6,8,33,0,3,2022
2022-08-28,Georgia,402234122,397965157.0,383730360.0,336182789.0,404551485.0,5803009.071074103,397215751.75,6,8,34,0,3,2022
2022-09-04,Georgia,407907755,402234122.0,390307593.0,337213215.0,404906006.75,6000833.140029355,399426212.4166667,6,9,35,0,3,2022
2022-09-11,Georgia,394161387,407907755.0,388923198.0,333802365.0,400567105.25,5901057.662007605,398733993.5833333,6,9,36,0,3,2022
2022-09-18,Georgia,391431161,394161387.0,403928382.0,328715272.0,398933606.25,7538556.698786179,398433533.25,6,9,37,0,3,2022
2022-09-25,Georgia,395074477,391431161.0,406489668.0,352766123.0,397143695.0,7341068.4173159925,397805854.4166667,6,9,38,0,3,2022
2022-10-02,Georgia,400501219,395074477.0,411516993.0,358685339.0,395292061.0,3802089.0034424937,399203426.0,6,10,39,1,4,2022
2022-10-09,Georgia,376048076,400501219.0,397965157.0,360956610.0,390763733.25,10494398.005770562,398015132.9166667,6,10,40,1,4,2022
2022-10-16,Georgia,376757118,376048076.0,402234122.0,359985779.0,387095222.5,12547311.730395526,397001292.9166667,6,10,41,0,4,2022
2022-10-23,Georgia,368951982,376757118.0,407907755.0,364039433.0,380564598.75,13750364.627746873,394086592.9166667,6,10,42,0,4,2022
2022-10-30,Georgia,363390718,368951982.0,394161387.0,363376987.0,371286973.5,6334919.470488899,390495013.75,6,10,43,0,4,2022
2022-11-06,Georgia,361574736,363390718.0,391431161.0,364285113.0,367668638.5,6823578.768865544,386333159.0,6,11,44,0,4,2022
2022-11-13,Georgia,360856331,361574736.0,395074477.0,374126940.0,363693441.75,3664332.530968014,383240756.8333333,6,11,45,0,4,2022
2022-11-20,Georgia,373185740,360856331.0,400501219.0,367838163.0,364751881.25,5722828.627464259,380820058.3333333,6,11,46,0,4,2022
2022-11-27,Georgia,358143174,373185740.0,376048076.0,386374893.0,363439995.25,6663091.602578122,376673009.9166667,6,11,47,0,4,2022
2022-12-04,Georgia,350833583,358143174.0,376757118.0,385078069.0,360754707.0,9305727.894114971,373062359.5833333,6,12,48,0,4,2022
2022-12-11,Georgia,353241000,350833583.0,368951982.0,383504531.0,358850874.25,10028905.952337822,369879846.1666667,6,12,49,0,4,2022
2022-12-18,Georgia,373390982,353241000.0,363390718.0,410982915.0,358902184.75,10126741.66162636,368072888.25,6,12,50,0,4,2022
2022-12-25,Georgia,379725854,373390982.0,361574736.0,401053272.0,364297854.75,14425079.719746638,366341607.8333333,6,12,51,1,4,2022
2023-01-01,Georgia,346758544,379725854.0,360856331.0,381414563.0,363279095.0,15773797.860983199,363900813.5,6,1,52,0,1,2023
2023-01-08,Georgia,346855322,346758544.0,373185740.0,381382227.0,361682675.5,17370673.027875245,361408997.1666667,6,1,1,0,1,2023
2023-01-15,Georgia,359865759,346855322.0,358143174.0,402468013.0,358301369.75,15553184.82384616,360651811.9166667,6,1,2,0,1,2023
2023-01-22,Georgia,342184672,359865759.0,350833583.0,395036685.0,348916074.25,7618158.32930837,358884641.4166667,6,1,3,0,1,2023
2023-01-29,Georgia,347824435,342184672.0,353241000.0,402606623.0,349182547.0,7535730.832899503,357738783.0,6,1,4,0,1,2023
2023-02-05,Georgia,350918544,347824435.0,373390982.0,383730360.0,350198352.5,7389902.653526628,356910634.0833333,6,2,5,0,1,2023
2023-02-12,Georgia,357158483,350918544.0,379725854.0,390307593.0,349521533.5,6244579.409150086,355575029.3333333,6,2,6,0,1,2023
2023-02-19,Georgia,352448462,357158483.0,346758544.0,388923198.0,352087481.0,3889530.5404143883,355100470.0,6,2,7,0,1,2023
2023-02-26,Georgia,369505222,352448462.0,346855322.0,403928382.0,357507677.75,8427640.092468983,356656439.9166667,6,2,8,0,1,2023
2023-03-05,Georgia,379897876,369505222.0,359865759.0,406489668.0,364752510.75,12396628.922035342,358877846.25,6,3,9,0,1,2023
2023-03-12,Georgia,405494386,379897876.0,342184672.0,411516993.0,376836486.5,22204883.003552545,361553129.9166667,6,3,10,0,1,2023
2023-03-19,Georgia,386918415,405494386.0,347824435.0,397965157.0,385453974.75,15154709.014201164,362152510.0,6,3,11,0,1,2023
2023-03-26,Georgia,374538068,386918415.0,350918544.0,402234122.0,386712186.25,13508732.201733613,364467470.3333333,6,3,12,0,1,2023
2023-04-02,Georgia,387840198,374538068.0,357158483.0,407907755.0,388697766.75,12734794.903876884,367882876.6666667,6,4,13,0,2,2023
2023-04-09,Georgia,367936367,387840198.0,352448462.0,394161387.0,379308262.0,9708812.273396539,368555427.3333333,6,4,14,0,2,2023
2023-04-16,Georgia,382272127,367936367.0,369505222.0,391431161.0,378146690.0,8722694.084785305,371896048.5833333,6,4,15,0,2,2023
2023-04-23,Georgia,387642648,382272127.0,379897876.0,395074477.0,381422835.0,9353693.346214026,375214233.0,6,4,16,0,2,2023
2023-04-30,Georgia,395601559,387642648.0,405494386.0,400501219.0,383363175.25,11651448.020115389,378937817.5833333,6,4,17,0,2,2023
2023-05-07,Georgia,404105159,395601559.0,386918415.0,376048076.0,392405373.25,9530072.07588225,382850040.5833333,6,5,18,0,2,2023
2020-05-03,Illinois,189455076,182357648.0,219442899.0,181091999.0,187372674.75,3633260.987976027,184563352.33333334,6,5,18,0,2,2020
2020-05-10,Illinois,191978797,189455076.0,199431898.0,179473339.0,187731352.5,4092500.0579183,186661689.16666666,6,5,19,0,2,2020
2020-05-17,Illinois,192199668,191978797.0,165303611.0,171747245.0,188997797.25,4598515.040266862,188591025.16666666,6,5,20,0,2,2020
2020-05-24,Illinois,200253495,192199668.0,181787541.0,169394537.0,193471759.0,4689450.449036601,190445976.66666666,6,5,21,0,2,2020
2020-05-31,Illinois,194605742,200253495.0,190544086.0,169707087.0,194759425.5,3851089.5256113214,191207862.5,6,5,22,0,2,2020
2020-06-07,Illinois,204592725,194605742.0,187133889.0,172375681.0,197912907.5,5587985.949254937,189970348.0,6,6,23,0,2,2020
2020-06-14,Illinois,203480045,204592725.0,182357648.0,175223243.0,200733001.75,4480213.86956864,190307693.58333334,6,6,24,0,2,2020
2020-06-21,Illinois,202414363,203480045.0,189455076.0,177531816.0,201273218.75,4533087.992843128,193400256.25,6,6,25,0,2,2020
2020-06-28,Illinois,206700072,202414363.0,191978797.0,167913697.0,204296801.25,1832479.713448019,195476300.5,6,6,26,0,2,2020
2020-07-05,Illinois,225472693,206700072.0,192199668.0,173166397.0,209516793.25,10792149.929806134,198387017.75,6,7,27,0,3,2020
2020-07-12,Illinois,209603298,225472693.0,200253495.0,177846809.0,211047606.5,10059872.383793544,200259468.5,6,7,28,0,3,2020
2020-07-19,Illinois,206801535,209603298.0,194605742.0,191928058.0,212144399.5,8986796.007626222,202296459.08333334,6,7,29,0,3,2020
2020-07-26,Illinois,198012496,206801535.0,204592725.0,171748546.0,209972505.5,11452641.731134525,203009577.41666666,6,7,30,0,3,2020
2020-08-02,Illinois,201691236,198012496.0,203480045.0,167140897.0,204027141.25,5177618.358567765,203818947.33333334,6,8,31,0,3,2020
2020-08-09,Illinois,205098054,201691236.0,202414363.0,172692449.0,202900830.25,3890253.6225629253,204893812.83333334,6,8,32,0,3,2020
2020-08-16,Illinois,201018393,205098054.0,206700072.0,169757178.0,201455044.75,2907983.800336924,204957554.33333334,6,8,33,0,3,2020
2020-08-23,Illinois,198010028,201018393.0,225472693.0,165295901.0,201454427.75,2908957.793779067,205241244.83333334,6,8,34,0,3,2020
2020-08-30,Illinois,202292392,198010028.0,209603298.0,171263875.0,201604716.75,2940627.208657474,205049550.41666666,6,8,35,1,3,2020
2020-09-06,Illinois,197631548,202292392.0,206801535.0,169341636.0,199738090.25,2279426.2401329516,204562175.66666666,6,9,36,0,3,2020
2020-09-13,Illinois,188541211,197631548.0,198012496.0,166798755.0,196618794.75,5784988.161749968,203406079.66666666,6,9,37,0,3,2020
2020-09-20,Illinois,187393954,188541211.0,201691236.0,169047636.0,193964776.25,7196878.12430612,201797236.5,6,9,38,0,3,2020
2020-09-27,Illinois,184003042,187393954.0,205098054.0,177994077.0,189392438.75,5820854.706446986,198341432.25,6,9,39,0,3,2020
2020-10-04,Illinois,186846618,184003042.0,201018393.0,185463112.0,186696206.25,1929304.868095249,196445042.25,6,10,40,0,4,2020
2020-10-11,Illinois,189641773,186846618.0,198010028.0,219442899.0,186971346.75,2319207.01924818,195015062.08333334,6,10,41,0,4,2020
2020-10-18,Illinois,182486649,189641773.0,202292392.0,199431898.0,185744520.5,3164894.417656314,193721241.5,6,10,42,0,4,2020
2020-10-25,Illinois,176608690,182486649.0,197631548.0,165303611.0,183895932.5,5680704.510549384,191631029.33333334,6,10,43,1,4,2020
2020-11-01,Illinois,179673232,176608690.0,188541211.0,181787541.0,182102586.0,5569904.221949401,189512294.16666666,6,11,44,0,4,2020
2020-11-08,Illinois,183691948,179673232.0,187393954.0,190544086.0,180615129.75,3157431.7458174773,188068423.75,6,11,45,0,4,2020
2020-11-15,Illinois,184675766,183691948.0,184003042.0,187133889.0,181162409.0,3728102.7270476,186957235.25,6,11,46,0,4,2020
2020-11-22,Illinois,190376093,184675766.0,186846618.0,182357648.0,184604259.75,4414616.616425179,185964210.33333334,6,11,47,0,4,2020
2020-11-29,Illinois,176420194,190376093.0,189641773.0,189455076.0,183791000.25,5729597.224987224,184196597.5,6,11,48,0,4,2020
2020-12-06,Illinois,177749653,176420194.0,182486649.0,191978797.0,182305426.5,6484473.786459471,183297301.0,6,12,49,0,4,2020
2020-12-13,Illinois,185424146,177749653.0,176608690.0,192199668.0,182492521.5,6585668.396352798,183133150.33333334,6,12,50,0,4,2020
2020-12-20,Illinois,191245120,185424146.0,179673232.0,200253495.0,182709778.25,6937376.15156883,183736656.83333334,6,12,51,0,4,2020
2020-12-27,Illinois,182005351,191245120.0,183691948.0,194605742.0,184106067.5,5701473.980153438,183333217.91666666,6,12,52,0,4,2020
2021-01-03,Illinois,175411414,182005351.0,184675766.0,204592725.0,183521507.75,6616811.176165143,182147354.66666666,6,1,53,0,1,2021
2021-01-10,Illinois,179843016,175411414.0,190376093.0,203480045.0,182126225.25,6670097.116941697,181927051.91666666,6,1,1,0,1,2021
2021-01-17,Illinois,176009848,179843016.0,176420194.0,202414363.0,178317407.25,3146322.595377324,181877148.41666666,6,1,2,0,1,2021
2021-01-24,Illinois,173498389,176009848.0,177749653.0,206700072.0,176190666.75,2660071.728096421,181362578.16666666,6,1,3,0,1,2021
2021-01-31,Illinois,178906160,173498389.0,185424146.0,225472693.0,177064353.25,2883360.3738888684,180963762.5,6,1,4,0,1,2021
2021-02-07,Illinois,180591262,178906160.0,191245120.0,209603298.0,177251414.75,3136848.2999446895,180623387.16666666,6,2,5,0,1,2021
2021-02-14,Illinois,173567181,180591262.0,182005351.0,206801535.0,176640748.0,3654216.1303672655,179222644.5,6,2,6,0,1,2021
2021-02-21,Illinois,174743017,173567181.0,175411414.0,198012496.0,176951905.0,3336643.759388214,179082879.75,6,2,7,0,1,2021
2021-02-28,Illinois,182399001,174743017.0,179843016.0,201691236.0,177825115.25,4328253.396639485,179470325.41666666,6,2,8,0,1,2021
2021-03-07,Illinois,194041117,182399001.0,176009848.0,205098054.0,181187579.0,9421320.279553443,180188406.33333334,6,3,9,0,1,2021
2021-03-14,Illinois,227953426,194041117.0,173498389.0,201018393.0,194784140.25,23493203.954042923,183247431.83333334,6,3,10,0,1,2021
2021-03-21,Illinois,207344506,227953426.0,178906160.0,198010028.0,202934512.5,19546472.75492074,185359028.08333334,6,3,11,0,1,2021
2021-03-28,Illinois,174024961,207344506.0,180591262.0,202292392.0,200841002.5,22676842.742915045,185243490.33333334,6,3,12,0,1,2021
2021-04-04,Illinois,196802111,174024961.0,173567181.0,197631548.0,201531251.0,22441672.69560025,186656748.25,6,4,13,0,2,2021
2021-04-11,Illinois,197492725,196802111.0,174743017.0,188541211.0,193916075.75,14107926.900606273,188446988.0,6,4,14,0,2,2021
2021-04-18,Illinois,191078036,197492725.0,182399001.0,187393954.0,189849458.25,10934395.629949719,189911958.58333334,6,4,15,0,2,2021
2021-04-25,Illinois,196608506,191078036.0,194041117.0,184003042.0,195495344.5,2969226.07517834,191387154.08333334,6,4,16,1,2,2021
2021-05-02,Illinois,205547366,196608506.0,227953426.0,186846618.0,197681658.25,5962788.406826142,193466829.41666666,6,5,17,0,2,2021
2021-05-09,Illinois,203636305,205547366.0,207344506.0,189641773.0,199217553.25,6649580.565568797,195972589.75,6,5,18,0,2,2021
2021-05-16,Illinois,199445722,203636305.0,174024961.0,182486649.0,201309474.75,4039246.7433400988,198031148.5,6,5,19,0,2,2021
2021-05-23,Illinois,211622439,199445722.0,196802111.0,176608690.0,205062958.0,5061294.9977230765,200466435.0,6,5,20,0,2,2021
2021-05-30,Illinois,215845234,211622439.0,197492725.0,179673232.0,207637425.0,7446731.373680805,202283444.75,6,5,21,0,2,2021
2021-06-06,Illinois,215831841,215845234.0,191078036.0,183691948.0,210686309.0,7752809.000616445,201273312.66666666,6,6,22,0,2,2021
2021-06-13,Illinois,223371607,215831841.0,196608506.0,184675766.0,216667780.25,4891221.326214503,202608904.41666666,6,6,23,0,2,2021
2021-06-20,Illinois,224377051,223371607.0,205547366.0,190376093.0,219856433.25,4657592.136725612,206804911.91666666,6,6,24,0,2,2021
2021-06-27,Illinois,206643417,224377051.0,203636305.0,176420194.0,217555979.0,8213915.296829236,207625020.75,6,6,25,0,2,2021
2021-07-04,Illinois,235170642,206643417.0,199445722.0,177749653.0,222390679.25,11778675.763734803,210764847.16666666,6,7,26,0,3,2021
2021-07-11,Illinois,215153860,235170642.0,211622439.0,185424146.0,220336242.5,12257488.872916687,212771165.83333334,6,7,27,0,3,2021
2021-07-18,Illinois,211555287,215153860.0,215845234.0,191245120.0,217130801.5,12522190.151226386,214016730.91666666,6,7,28,0,3,2021
2021-07-25,Illinois,216729520,211555287.0,215831841.0,182005351.0,219652327.25,10569755.016242696,214948577.08333334,6,7,29,0,3,2021
2021-08-01,Illinois,215890758,216729520.0,223371607.0,175411414.0,214832356.25,2277571.2275197003,215969781.5,6,8,30,0,3,2021
2021-08-08,Illinois,215452540,215890758.0,224377051.0,179843016.0,214907026.25,2296443.110274146,217303683.0,6,8,31,0,3,2021
2021-08-15,Illinois,218662234,215452540.0,206643417.0,176009848.0,216683763.0,1421408.7151653557,217890332.58333334,6,8,32,1,3,2021
2021-08-22,Illinois,220926048,218662234.0,235170642.0,173498389.0,217732895.0,2559517.188268399,218313733.75,6,8,33,0,3,2021
2021-08-29,Illinois,227183378,220926048.0,215153860.0,178906160.0,220556050.0,4956165.463391505,219259695.16666666,6,8,34,0,3,2021
2021-09-05,Illinois,221934070,227183378.0,211555287.0,180591262.0,222176432.5,3607459.6471117632,219139900.41666666,6,9,35,0,3,2021
2021-09-12,Illinois,203910158,221934070.0,216729520.0,173567181.0,218488413.5,10098556.856487352,217434326.0,6,9,36,0,3,2021
2021-09-19,Illinois,205718170,203910158.0,215890758.0,174743017.0,214686444.0,11622674.97221278,217357222.08333334,6,9,37,0,3,2021
2021-09-26,Illinois,202708357,205718170.0,215452540.0,182399001.0,208567688.75,8996374.56739671,214652031.66666666,6,9,38,0,3,2021
2021-10-03,Illinois,296380378,202708357.0,218662234.0,194041117.0,227179265.75,46150656.61490168,221420908.16666666,6,10,39,0,4,2021
2021-10-10,Illinois,295098248,296380378.0,220926048.0,227953426.0,249976288.25,52859465.10289456,228382821.58333334,6,10,40,0,4,2021
2021-10-17,Illinois,282872885,295098248.0,227183378.0,207344506.0,269264967.0,44786760.27544563,233894768.66666666,6,10,41,0,4,2021
2021-10-24,Illinois,278433539,282872885.0,221934070.0,174024961.0,288196262.5,8911907.175318994,239106667.08333334,6,10,42,0,4,2021
2021-10-31,Illinois,280869616,278433539.0,203910158.0,196802111.0,284318572.0,7412159.749761818,244558090.08333334,6,10,43,0,4,2021
2021-11-07,Illinois,281852380,280869616.0,205718170.0,197492725.0,281007105.0,1900681.4581003767,249823935.58333334,6,11,44,0,4,2021
2021-11-14,Illinois,290798411,281852380.0,202708357.0,191078036.0,282988486.5,5401321.369151776,255646632.5,6,11,45,0,4,2021
2021-11-21,Illinois,288337807,290798411.0,296380378.0,196608506.0,285464553.5,4860276.724926095,260742834.91666666,6,11,46,0,4,2021
2021-11-28,Illinois,269485168,288337807.0,295098248.0,205547366.0,282618441.5,9534022.687042141,264705426.41666666,6,11,47,0,4,2021
2021-12-05,Illinois,276496520,269485168.0,282872885.0,203636305.0,281279476.5,10040128.308220347,270754289.9166667,6,12,48,0,4,2021
2021-12-12,Illinois,287001795,276496520.0,278433539.0,199445722.0,280330322.5,8961840.790705718,277527925.3333333,6,12,49,0,4,2021
2021-12-19,Illinois,296964594,287001795.0,280869616.0,211622439.0,282487019.25,12040453.866113193,285382611.75,6,12,50,0,4,2021
2021-12-26,Illinois,285742748,296964594.0,281852380.0,215845234.0,286551414.25,8374405.348209313,284496142.5833333,6,12,51,0,4,2021
2022-01-02,Illinois,274788693,285742748.0,290798411.0,215831841.0,286124457.5,9072367.191448005,282803679.6666667,6,1,52,0,1,2022
2022-01-09,Illinois,272958611,274788693.0,288337807.0,223371607.0,282613661.5,11108413.90009661,281977490.1666667,6,1,1,0,1,2022
2022-01-16,Illinois,282114331,272958611.0,269485168.0,224377051.0,278901095.75,6037606.249277945,282284222.8333333,6,1,2,0,1,2022
2022-01-23,Illinois,270482373,282114331.0,276496520.0,206643417.0,275086002.0,5006828.4575581215,281418619.25,6,1,3,0,1,2022
2022-01-30,Illinois,278716822,270482373.0,287001795.0,235170642.0,276068034.25,5305403.078654825,281157322.75,6,1,4,0,1,2022
2022-02-06,Illinois,275702914,278716822.0,296964594.0,215153860.0,276754110.0,4933690.491284304,279899364.6666667,6,2,5,0,1,2022
2022-02-13,Illinois,276682043,275702914.0,285742748.0,211555287.0,275396038.0,3508071.257651397,278928051.0,6,2,6,0,1,2022
2022-02-20,Illinois,268026848,276682043.0,274788693.0,216729520.0,274782156.75,4675223.652894347,278806524.3333333,6,2,7,0,1,2022
2022-02-27,Illinois,283594386,268026848.0,272958611.0,215890758.0,276001547.75,6371794.218669814,279398013.1666667,6,2,8,0,1,2022
2022-03-06,Illinois,291370429,283594386.0,282114331.0,215452540.0,279918426.5,9942247.513957439,279762066.0,6,3,9,0,1,2022
2022-03-13,Illinois,292041460,291370429.0,270482373.0,218662234.0,283758280.75,11166328.810676862,279351804.8333333,6,3,10,0,1,2022
2022-03-20,Illinois,285403066,292041460.0,278716822.0,220926048.0,288102335.25,4234965.622820733,279323498.0,6,3,11,0,1,2022
2022-03-27,Illinois,284209193,285403066.0,275702914.0,227183378.0,288256037.0,4022654.791128509,280108539.6666667,6,3,12,0,1,2022
2022-04-03,Illinois,298511323,284209193.0,276682043.0,221934070.0,290041260.5,6614847.348656671,282237932.3333333,6,4,13,0,2,2022
2022-04-10,Illinois,300737051,298511323.0,268026848.0,203910158.0,292215158.25,8617123.01193309,283789825.6666667,6,4,14,0,2,2022
2022-04-17,Illinois,306965125,300737051.0,283594386.0,205718170.0,297605673.0,9620996.972457089,286830055.0,6,4,15,0,2,2022
2022-04-24,Illinois,289583066,306965125.0,291370429.0,202708357.0,298949141.25,7196472.913010979,287735575.3333333,6,4,16,0,2,2022
2022-05-01,Illinois,304066449,289583066.0,292041460.0,296380378.0,300337922.75,7608065.12266884,290099203.25,6,5,17,0,2,2022
2022-05-08,Illinois,307796462,304066449.0,285403066.0,295098248.0,302102775.5,8498228.211406233,292692071.5,6,5,18,0,2,2022
2022-05-15,Illinois,323031481,307796462.0,284209193.0,282872885.0,306119364.5,13741615.269748054,297275790.9166667,6,5,19,0,2,2022
2022-05-22,Illinois,320361780,323031481.0,298511323.0,278433539.0,313814043.0,9292665.440826753,300339740.4166667,6,5,20,0,2,2022
2022-05-29,Illinois,323720624,320361780.0,300737051.0,280869616.0,318727586.75,7429984.355602112,303035590.0,6,5,21,0,2,2022
2022-06-05,Illinois,326723707,323720624.0,306965125.0,281852380.0,323459398.0,2614211.3216907075,305925777.25,6,6,22,0,2,2022
2022-06-12,Illinois,329303480,326723707.0,289583066.0,290798411.0,325027397.75,3857373.506381528,309584145.0833333,6,6,23,0,2,2022
2022-06-19,Illinois,332607271,329303480.0,304066449.0,288337807.0,328088770.5,3778732.9508880987,313617318.25,6,6,24,0,2,2022
2022-06-26,Illinois,329321501,332607271.0,307796462.0,269485168.0,329488989.75,2410596.951674576,316184833.0833333,6,6,25,0,2,2022
2022-07-03,Illinois,351403843,329321501.0,323031481.0,276496520.0,335659023.75,10610838.154566802,320407065.75,6,7,26,0,3,2022
2022-07-10,Illinois,325136997,351403843.0,320361780.0,287001795.0,334617403.0,11601003.89979909,321921388.4166667,6,7,27,1,3,2022
2022-07-17,Illinois,322944142,325136997.0,323720624.0,296964594.0,332201620.75,13071983.407890555,324701478.0833333,6,7,28,0,3,2022
2022-07-24,Illinois,326426322,322944142.0,326723707.0,285742748.0,331477826.0,13361558.306891691,326564800.8333333,6,7,29,0,3,2022
2022-07-31,Illinois,330043855,326426322.0,329303480.0,274788693.0,326137829.0,2974422.558520941,328418750.25,6,7,30,0,3,2022
2022-08-07,Illinois,331640631,330043855.0,332607271.0,272958611.0,327763737.5,3883573.0982093317,329136179.4166667,6,8,31,0,3,2022
2022-08-14,Illinois,326737720,331640631.0,329321501.0,282114331.0,328712132.0,2547732.4979656413,329667507.75,6,8,32,0,3,2022
2022-08-21,Illinois,329101262,326737720.0,351403843.0,270482373.0,329380867.0,2050243.19236123,330115894.25,6,8,33,0,3,2022
2022-08-28,Illinois,331581767,329101262.0,325136997.0,278716822.0,329765345.0,2339772.4843376474,330520732.5833333,6,8,34,0,3,2022
2022-09-04,Illinois,329332330,331581767.0,322944142.0,275702914.0,329188269.75,1980096.5352872307,330523136.75,6,9,35,0,3,2022
2022-09-11,Illinois,320151749,329332330.0,326426322.0,276682043.0,327541777.0,5052131.779487244,329485176.5833333,6,9,36,0,3,2022
2022-09-18,Illinois,315605854,320151749.0,330043855.0,268026848.0,324167925.0,7551486.866328667,328342206.0,6,9,37,0,3,2022
2022-09-25,Illinois,307020258,315605854.0,331640631.0,283594386.0,318027547.75,9297586.80034157,324643573.9166667,6,9,38,0,3,2022
2022-10-02,Illinois,312342154,307020258.0,326737720.0,291370429.0,313780003.75,5528545.353422165,323577337.0,6,10,39,1,4,2022
2022-10-09,Illinois,311670696,312342154.0,329101262.0,292041460.0,311659740.5,3538475.087315053,322637883.1666667,6,10,40,1,4,2022
2022-10-16,Illinois,300046468,311670696.0,331581767.0,285403066.0,307769894.0,5666718.070181734,320439562.0,6,10,41,0,4,2022
2022-10-23,Illinois,296777577,300046468.0,329332330.0,284209193.0,305209223.75,7966095.476869989,317667372.1666667,6,10,42,0,4,2022
2022-10-30,Illinois,299171322,296777577.0,320151749.0,298511323.0,301916515.75,6647954.350476475,314961596.4166667,6,10,43,0,4,2022
2022-11-06,Illinois,297530775,299171322.0,315605854.0,300737051.0,298381535.5,1493568.349425557,312527684.3333333,6,11,44,0,4,2022
2022-11-13,Illinois,301720764,297530775.0,307020258.0,306965125.0,298800109.5,2188596.9032669724,310245976.1666667,6,11,45,0,4,2022
2022-11-20,Illinois,304754900,301720764.0,312342154.0,289583066.0,300794440.25,3153270.3044469613,308010403.9166667,6,11,46,0,4,2022
2022-11-27,Illinois,297964400,304754900.0,311670696.0,304066449.0,300492709.75,3407823.871785684,305396409.75,6,11,47,0,4,2022
2022-12-04,Illinois,292748360,297964400.0,300046468.0,307796462.0,299297106.0,5174418.257232668,303112794.0,6,12,48,0,4,2022
2022-12-11,Illinois,303436767,292748360.0,296777577.0,323031481.0,299726106.75,5503039.203394885,302098703.4166667,6,12,49,0,4,2022
2022-12-18,Illinois,314639056,303436767.0,299171322.0,320361780.0,302197145.75,9372539.325889742,302733603.25,6,12,50,0,4,2022
2022-12-25,Illinois,315346157,314639056.0,297530775.0,323720624.0,306542585.0,10692403.400121205,302983936.8333333,6,12,51,1,4,2022
2023-01-01,Illinois,288821985,315346157.0,301720764.0,326723707.0,305560991.25,12421317.526226021,301079877.5833333,6,1,52,0,1,2023
2023-01-08,Illinois,282394916,288821985.0,304754900.0,329303480.0,300300528.5,17169082.94687298,299608914.9166667,6,1,1,0,1,2023
2023-01-15,Illinois,288290274,282394916.0,297964400.0,332607271.0,293713333.0,14713038.342180789,298901639.6666667,6,1,2,0,1,2023
2023-01-22,Illinois,280675073,288290274.0,292748360.0,329321501.0,285045562.0,4119734.0106009543,297360285.5833333,6,1,3,0,1,2023
2023-01-29,Illinois,289687954,280675073.0,303436767.0,351403843.0,285262054.25,4397710.850878422,296706717.1666667,6,1,4,0,1,2023
2023-02-05,Illinois,291522543,289687954.0,314639056.0,325136997.0,287543961.0,4766704.877420833,295856865.4166667,6,2,5,0,1,2023
2023-02-12,Illinois,304521956,291522543.0,315346157.0,322944142.0,291601881.5,9831800.142972423,295837453.4166667,6,2,6,0,1,2023
2023-02-19,Illinois,287407472,304521956.0,288821985.0,326426322.0,293284981.25,7678096.772383884,294957709.4166667,6,2,7,0,1,2023
2023-02-26,Illinois,296223461,287407472.0,282394916.0,330043855.0,294918858.0,7345687.065787443,295247301.1666667,6,2,8,0,1,2023
2023-03-05,Illinois,315399969,296223461.0,288290274.0,331640631.0,300888214.5,11934340.360547204,296244234.6666667,6,3,9,0,1,2023
2023-03-12,Illinois,345355526,315399969.0,280675073.0,326737720.0,311096607.0,25655266.155555297,298803940.5,6,3,10,0,1,2023
2023-03-19,Illinois,324581348,345355526.0,289687954.0,329101262.0,320390076.0,20410511.20632174,299573539.75,6,3,11,0,1,2023
2023-03-26,Illinois,286576558,324581348.0,291522543.0,331581767.0,317978350.25,24398291.86449605,299386420.8333333,6,3,12,0,1,2023
2023-04-02,Illinois,300303597,286576558.0,304521956.0,329332330.0,314204257.25,26042296.86748617,300878810.9166667,6,4,13,0,2,2023
2023-04-09,Illinois,324769883,300303597.0,287407472.0,320151749.0,309057846.5,18884671.091710996,303918778.3333333,6,4,14,0,2,2023
2023-04-16,Illinois,320376885,324769883.0,296223461.0,315605854.0,308006730.75,17819601.222536776,307227262.6666667,6,4,15,0,2,2023
2023-04-23,Illinois,309761429,320376885.0,315399969.0,307020258.0,313802948.5,10985697.73573429,308900052.25,6,4,16,0,2,2023
2023-04-30,Illinois,317674936,309761429.0,345355526.0,312342154.0,318145783.25,6308079.629573659,311079418.3333333,6,4,17,0,2,2023
2023-05-07,Illinois,327722103,317674936.0,324581348.0,311670696.0,318883838.25,7416735.750164769,313012763.9166667,6,5,18,0,2,2023
2020-05-03,Indiana,131456101,126769643.0,139416011.0,127850725.0,128338267.75,2128356.417684367,125822224.08333333,6,5,18,0,2,2020
2020-05-10,Indiana,134548294,131456101.0,138751371.0,124695383.0,130003761.75,3690275.0355998613,127407351.0,6,5,19,0,2,2020
2020-05-17,Indiana,134296408,134548294.0,117694236.0,119459991.0,131767611.5,3614956.6536276727,128801697.91666667,6,5,20,0,2,2020
2020-05-24,Indiana,143051261,134296408.0,121100727.0,117871951.0,135838016.0,5009059.145195431,130545231.33333333,6,5,21,0,2,2020
2020-05-31,Indiana,138437086,143051261.0,127886318.0,117416242.0,137583262.25,4108627.851457493,131720705.41666667,6,5,22,0,2,2020
2020-06-07,Indiana,144255565,138437086.0,127241009.0,116620226.0,140010080.0,4560456.212836819,132124001.58333333,6,6,23,0,2,2020
2020-06-14,Indiana,143814236,144255565.0,126769643.0,118206970.0,142389537.0,2681515.448209697,132545907.0,6,6,24,0,2,2020
2020-06-21,Indiana,143264040,143814236.0,131456101.0,122410437.0,142442731.75,2701057.4112178427,134676724.0,6,6,25,0,2,2020
2020-06-28,Indiana,146009547,143264040.0,134548294.0,117489219.0,144335847.0,1187232.8008291316,136752459.0,6,6,26,0,2,2020
2020-07-05,Indiana,157947108,146009547.0,134296408.0,116356931.0,147758732.75,6895021.357242209,139257524.83333334,6,7,27,0,3,2020
2020-07-12,Indiana,143800891,157947108.0,143051261.0,120252021.0,147755396.5,6897568.913163169,140637515.0,6,7,28,0,3,2020
2020-07-19,Indiana,146675199,143800891.0,138437086.0,128150634.0,148608186.25,6345993.8211336285,142296311.33333334,6,7,29,0,3,2020
2020-07-26,Indiana,140947398,146675199.0,144255565.0,119937601.0,147342649.0,7446326.281434488,143087252.75,6,7,30,0,3,2020
2020-08-02,Indiana,140146752,140947398.0,143814236.0,115775164.0,142892560.0,2969654.289025914,143553790.91666666,6,8,31,0,3,2020
2020-08-09,Indiana,141463339,140146752.0,143264040.0,116809953.0,142308172.0,2961312.204192257,144151035.16666666,6,8,32,0,3,2020
2020-08-16,Indiana,142549613,141463339.0,146009547.0,118935094.0,141276775.5,1006704.8374104907,144109231.16666666,6,8,33,0,3,2020
2020-08-23,Indiana,140948983,142549613.0,157947108.0,111034723.0,141277171.75,1006532.2724567417,144318555.91666666,6,8,34,0,3,2020
2020-08-30,Indiana,141686411,140948983.0,143800891.0,116658532.0,141662086.5,667410.9528546451,144104459.75,6,8,35,1,3,2020
2020-09-06,Indiana,138670536,141686411.0,146675199.0,115649156.0,140963885.75,1662954.0799495704,143675818.08333334,6,9,36,0,3,2020
2020-09-13,Indiana,136944933,138670536.0,140947398.0,115526771.0,139562715.75,2166455.602730165,143149225.83333334,6,9,37,0,3,2020
2020-09-20,Indiana,136103330,136944933.0,140146752.0,117564245.0,138351302.5,2466854.5603379873,142323707.75,6,9,38,0,3,2020
2020-09-27,Indiana,134674309,136103330.0,141463339.0,122128860.0,136598277.0,1669436.34632071,140384307.83333334,6,9,39,0,3,2020
2020-10-04,Indiana,132507588,134674309.0,142549613.0,124331397.0,135057540.0,1941223.8632895076,139443199.25,6,10,40,0,4,2020
2020-10-11,Indiana,131283884,132507588.0,140948983.0,139416011.0,133642277.75,2158039.8966809884,138160589.66666666,6,10,41,0,4,2020
2020-10-18,Indiana,129107106,131283884.0,141686411.0,138751371.0,131893221.75,2327060.0656353696,137173898.66666666,6,10,42,0,4,2020
2020-10-25,Indiana,127075613,129107106.0,138670536.0,117694236.0,129993547.75,2400381.094610097,136084637.08333334,6,10,43,1,4,2020
2020-11-01,Indiana,126201511,127075613.0,136944933.0,121100727.0,128417028.5,2265905.3194645275,134812818.08333334,6,11,44,0,4,2020
2020-11-08,Indiana,128086368,126201511.0,136103330.0,127886318.0,127617649.5,1256639.6349191135,133607547.66666667,6,11,45,0,4,2020
2020-11-15,Indiana,130455323,128086368.0,134674309.0,127241009.0,127954703.75,1836383.8990061127,132733076.0,6,11,46,0,4,2020
2020-11-22,Indiana,133432690,130455323.0,132507588.0,126769643.0,129543973.0,3122463.946205407,132045265.91666667,6,11,47,0,4,2020
2020-11-29,Indiana,128159889,133432690.0,131283884.0,131456101.0,130033567.5,2518873.3252487397,131169378.66666667,6,11,48,0,4,2020
2020-12-06,Indiana,122077377,128159889.0,129107106.0,134548294.0,128531319.75,4813749.635364608,129930415.66666667,6,12,49,0,4,2020
2020-12-13,Indiana,128019493,122077377.0,127075613.0,134296408.0,127922362.25,4640165.867175392,129256762.58333333,6,12,50,0,4,2020
2020-12-20,Indiana,133118911,128019493.0,126201511.0,143051261.0,127843917.5,4516975.77693287,129127146.08333333,6,12,51,0,4,2020
2020-12-27,Indiana,130197786,133118911.0,128086368.0,138437086.0,128353391.75,4676601.807189442,128934662.58333333,6,12,52,0,4,2020
2021-01-03,Indiana,124091850,130197786.0,130455323.0,144255565.0,128857010.0,3802177.664044028,128335326.41666667,6,1,53,0,1,2021
2021-01-10,Indiana,123636113,124091850.0,133432690.0,143814236.0,127761165.0,4659130.48647799,127879410.33333333,6,1,1,0,1,2021
2021-01-17,Indiana,128577177,123636113.0,128159889.0,143264040.0,126625731.5,3262212.292398361,128004540.66666667,6,1,2,0,1,2021
2021-01-24,Indiana,124676972,128577177.0,122077377.0,146009547.0,125245528.0,2261587.2416104823,127877495.75,6,1,3,0,1,2021
2021-01-31,Indiana,127354831,124676972.0,128019493.0,157947108.0,126061273.25,2294976.798777473,127816534.33333333,6,1,4,0,1,2021
2021-02-07,Indiana,125502845,127354831.0,133118911.0,143800891.0,126527956.25,1766354.3720558728,127403827.83333333,6,2,5,0,1,2021
2021-02-14,Indiana,125762667,125502845.0,130197786.0,146675199.0,125824328.75,1120419.359280667,126764659.25,6,2,6,0,1,2021
2021-02-21,Indiana,124536407,125762667.0,124091850.0,140947398.0,125789187.5,1169528.9528265859,126462702.41666667,6,2,7,0,1,2021
2021-02-28,Indiana,129668750,124536407.0,123636113.0,140146752.0,126367667.25,2263080.809587726,127095316.83333333,6,2,8,0,1,2021
2021-03-07,Indiana,134629998,129668750.0,128577177.0,141463339.0,128649455.5,4548133.891283361,127646192.25,6,3,9,0,1,2021
2021-03-14,Indiana,150372215,134629998.0,124676972.0,142549613.0,134801842.5,11168315.822587175,129083967.58333333,6,3,10,0,1,2021
2021-03-21,Indiana,150386321,150372215.0,127354831.0,140948983.0,141264321.0,10718148.559019042,130766345.5,6,3,11,0,1,2021
2021-03-28,Indiana,130329188,150386321.0,125502845.0,141686411.0,141429430.5,10482476.614542529,131286123.66666667,6,3,12,0,1,2021
2021-04-04,Indiana,135173535,130329188.0,125762667.0,138670536.0,141565314.75,10367851.529135061,132247575.5,6,4,13,0,2,2021
2021-04-11,Indiana,136162877,135173535.0,124536407.0,136944933.0,138012980.25,8633762.332073212,132879717.16666667,6,4,14,0,2,2021
2021-04-18,Indiana,135305521,136162877.0,129668750.0,136103330.0,134242780.25,2645669.300005748,133765429.58333333,6,4,15,0,2,2021
2021-04-25,Indiana,138778033,135305521.0,134629998.0,134674309.0,136354991.5,1673844.4654541996,134717363.08333334,6,4,16,1,2,2021
2021-05-02,Indiana,143657224,138778033.0,150372215.0,132507588.0,138475913.75,3756717.5896021537,136230228.0,6,5,17,0,2,2021
2021-05-09,Indiana,143864880,143657224.0,150386321.0,131283884.0,140401414.5,4131157.498323559,137738745.75,6,5,18,0,2,2021
2021-05-16,Indiana,143572669,143864880.0,130329188.0,129107106.0,142468201.5,2463173.9250282324,139325100.91666666,6,5,19,0,2,2021
2021-05-23,Indiana,152381777,143572669.0,135173535.0,127075613.0,145869137.5,4343495.14739152,141217853.16666666,6,5,20,0,2,2021
2021-05-30,Indiana,156489210,152381777.0,136162877.0,126201511.0,149077134.0,6411610.891810941,143039454.16666666,6,5,21,0,2,2021
2021-06-06,Indiana,152115833,156489210.0,135305521.0,128086368.0,151139872.25,5427485.795590159,143184755.66666666,6,6,22,0,2,2021
2021-06-13,Indiana,157382641,152115833.0,138778033.0,130455323.0,154592365.25,2732738.014212651,143767782.33333334,6,6,23,0,2,2021
2021-06-20,Indiana,160605817,157382641.0,143657224.0,133432690.0,156648375.25,3500941.026881616,146290834.75,6,6,24,0,2,2021
2021-06-27,Indiana,151626564,160605817.0,143864880.0,128159889.0,155432713.75,4322487.221673758,147661920.5,6,6,25,0,2,2021
2021-07-04,Indiana,166676546,151626564.0,143572669.0,122077377.0,159072892.0,6284111.242754118,150204726.25,6,7,26,0,3,2021
2021-07-11,Indiana,153095084,166676546.0,152381777.0,128019493.0,158001002.75,6994083.59779242,151687189.83333334,6,7,27,0,3,2021
2021-07-18,Indiana,152121652,153095084.0,156489210.0,133118911.0,155879961.5,7223527.765721381,152799158.08333334,6,7,28,0,3,2021
2021-07-25,Indiana,154413738,152121652.0,152115833.0,130197786.0,156576755.0,6798391.880408685,153695534.25,6,7,29,0,3,2021
2021-08-01,Indiana,151862964,154413738.0,157382641.0,124091850.0,152873359.5,1155838.9318498208,154362041.25,6,8,30,0,3,2021
2021-08-08,Indiana,150564393,151862964.0,160605817.0,123636113.0,152240686.75,1600932.6676441843,154944684.91666666,6,8,31,0,3,2021
2021-08-15,Indiana,155768675,150564393.0,151626564.0,128577177.0,153152442.5,2366170.876387222,155226926.41666666,6,8,32,1,3,2021
2021-08-22,Indiana,155327368,155768675.0,166676546.0,124676972.0,153380850.0,2564309.4259984973,155130106.25,6,8,33,0,3,2021
2021-08-29,Indiana,157342317,155327368.0,153095084.0,127354831.0,154750688.25,2921783.9331040536,155565646.58333334,6,8,34,0,3,2021
2021-09-05,Indiana,153501543,157342317.0,152121652.0,125502845.0,155484975.75,1579983.9092044558,155242221.75,6,9,35,0,3,2021
2021-09-12,Indiana,146855493,153501543.0,154413738.0,125762667.0,153256680.25,4546622.606831399,154096361.41666666,6,9,36,0,3,2021
2021-09-19,Indiana,148392708,146855493.0,151862964.0,124536407.0,151523015.25,4808445.0830014,153826873.41666666,6,9,37,0,3,2021
2021-09-26,Indiana,144973769,148392708.0,150564393.0,129668750.0,148430878.25,3658166.2540691546,152018308.66666666,6,9,38,0,3,2021
2021-10-03,Indiana,205571442,144973769.0,155768675.0,134629998.0,161448353.0,29448601.156481683,156391338.5,6,10,39,0,4,2021
2021-10-10,Indiana,204222463,205571442.0,155327368.0,150372215.0,175790095.5,33643181.2892691,160733072.75,6,10,40,0,4,2021
2021-10-17,Indiana,201261578,204222463.0,157342317.0,150386321.0,189007313.0,29410832.28416192,164637059.41666666,6,10,41,0,4,2021
2021-10-24,Indiana,198294087,201261578.0,153501543.0,130329188.0,202337392.5,3241309.5688400646,168506319.66666666,6,10,42,0,4,2021
2021-10-31,Indiana,194870633,198294087.0,146855493.0,135173535.0,199662190.25,4007694.9364912263,172198506.33333334,6,10,43,0,4,2021
2021-11-07,Indiana,195899422,194870633.0,148392708.0,136162877.0,197581430.0,2841885.5588515853,175542735.25,6,11,44,0,4,2021
2021-11-14,Indiana,201623508,195899422.0,144973769.0,135305521.0,197671912.5,2999505.3766569896,179400746.91666666,6,11,45,0,4,2021
2021-11-21,Indiana,205513525,201623508.0,205571442.0,138778033.0,199476772.0,5002159.925023308,183415014.25,6,11,46,0,4,2021
2021-11-28,Indiana,192477586,205513525.0,204222463.0,143657224.0,198878510.25,5813926.711949228,186663017.83333334,6,11,47,0,4,2021
2021-12-05,Indiana,189111354,192477586.0,201261578.0,143864880.0,197181493.25,7668292.705533617,190184339.58333334,6,12,48,0,4,2021
2021-12-12,Indiana,198276752,189111354.0,198294087.0,143572669.0,196344804.25,7189715.8453949625,194341343.25,6,12,49,0,4,2021
2021-12-19,Indiana,208021927,198276752.0,194870633.0,152381777.0,196971904.75,8282366.352503697,199595356.41666666,6,12,50,0,4,2021
2021-12-26,Indiana,202810432,208021927.0,195899422.0,156489210.0,199555116.25,8020605.754320518,199365272.25,6,12,51,0,4,2021
2022-01-02,Indiana,190740274,202810432.0,201623508.0,152115833.0,199962346.25,7324758.900809823,198241756.5,6,1,52,0,1,2022
2022-01-09,Indiana,190489567,190740274.0,205513525.0,157382641.0,198015550.0,8806977.064663362,197344088.91666666,6,1,1,0,1,2022
2022-01-16,Indiana,200986654,190489567.0,192477586.0,160605817.0,196256731.75,6557810.783563728,197568469.5,6,1,2,0,1,2022
2022-01-23,Indiana,190665257,200986654.0,189111354.0,151626564.0,193220438.0,5178543.256777767,197218021.5,6,1,3,0,1,2022
2022-01-30,Indiana,194169760,190665257.0,198276752.0,166676546.0,194077809.5,4907870.7543324195,197073883.0,6,1,4,0,1,2022
2022-02-06,Indiana,194929081,194169760.0,208021927.0,153095084.0,195187688.0,4288878.789479886,196516014.08333334,6,2,5,0,1,2022
2022-02-13,Indiana,195285776,194929081.0,202810432.0,152121652.0,193762468.5,2116605.4510637564,195663701.66666666,6,2,6,0,1,2022
2022-02-20,Indiana,191968142,195285776.0,190740274.0,154413738.0,194088189.75,1488015.130801449,195621248.0,6,2,7,0,1,2022
2022-02-27,Indiana,200298365,191968142.0,190489567.0,151862964.0,195620341.0,3455056.208274257,196553498.91666666,6,2,8,0,1,2022
2022-03-06,Indiana,202181303,200298365.0,200986654.0,150564393.0,197433396.5,4663044.113041982,196878878.16666666,6,3,9,0,1,2022
2022-03-13,Indiana,205372538,202181303.0,190665257.0,155768675.0,199955087.0,5721711.3766881395,196658095.75,6,3,10,0,1,2022
2022-03-20,Indiana,205327214,205372538.0,194169760.0,155327368.0,203294855.0,2494407.0858740127,196867827.58333334,6,3,11,0,1,2022
2022-03-27,Indiana,201956399,205327214.0,194929081.0,157342317.0,203709363.5,1896614.7990320767,197802504.66666666,6,3,12,0,1,2022
2022-04-03,Indiana,206089832,201956399.0,195285776.0,153501543.0,204686495.75,1853281.3007918508,199102526.75,6,4,13,0,2,2022
2022-04-10,Indiana,208023752,206089832.0,191968142.0,146855493.0,205349299.25,2530701.228943222,199688951.58333334,6,4,14,0,2,2022
2022-04-17,Indiana,215450721,208023752.0,200298365.0,148392708.0,207880176.0,5645949.322268354,201754406.91666666,6,4,15,0,2,2022
2022-04-24,Indiana,205818236,215450721.0,202181303.0,144973769.0,208845635.25,4511549.904156965,202725113.25,6,4,16,0,2,2022
2022-05-01,Indiana,212444441,205818236.0,205372538.0,205571442.0,210434287.5,4332971.843931074,204184726.58333334,6,5,17,0,2,2022
2022-05-08,Indiana,213902089,212444441.0,205327214.0,204222463.0,211903871.75,4238717.942025555,205736086.0,6,5,18,0,2,2022
2022-05-15,Indiana,222954021,213902089.0,201956399.0,201261578.0,213779696.75,7055753.456073942,208318242.58333334,6,5,19,0,2,2022
2022-05-22,Indiana,231422188,222954021.0,206089832.0,198294087.0,220180684.75,8819165.138618246,210911894.5,6,5,20,0,2,2022
2022-05-29,Indiana,231492773,231422188.0,208023752.0,194870633.0,224942767.75,8381271.909192866,213354517.0,6,5,21,0,2,2022
2022-06-05,Indiana,223844828,231492773.0,215450721.0,195899422.0,227428452.5,4666602.124882533,214893874.5,6,6,22,0,2,2022
2022-06-12,Indiana,224741381,223844828.0,205818236.0,201623508.0,227875292.5,4152616.7746532448,216511721.75,6,6,23,0,2,2022
2022-06-19,Indiana,232822647,224741381.0,212444441.0,205513525.0,228225407.25,4587599.435415517,219083909.08333334,6,6,24,0,2,2022
2022-06-26,Indiana,231333341,232822647.0,213902089.0,192477586.0,228185549.25,4550290.2599334,221187534.83333334,6,6,25,0,2,2022
2022-07-03,Indiana,245802193,231333341.0,222954021.0,189111354.0,233674890.5,8814537.820315944,224335738.25,6,7,26,0,3,2022
2022-07-10,Indiana,225822175,245802193.0,231422188.0,198276752.0,233945089.0,8458797.211130382,225200026.08333334,6,7,27,1,3,2022
2022-07-17,Indiana,226763655,225822175.0,231492773.0,208021927.0,232430341.0,9233797.034374274,226945477.66666666,6,7,28,0,3,2022
2022-07-24,Indiana,230490077,226763655.0,223844828.0,202810432.0,232219525.0,9276717.53840997,228449280.66666666,6,7,29,0,3,2022
2022-07-31,Indiana,228600502,230490077.0,224741381.0,190740274.0,227919102.25,2066105.7591327208,229674148.41666666,6,7,30,0,3,2022
2022-08-07,Indiana,233222693,228600502.0,232822647.0,190489567.0,229769231.75,2759555.1156165362,230529871.08333334,6,8,31,0,3,2022
2022-08-14,Indiana,231687005,233222693.0,231333341.0,200986654.0,231000069.25,1951918.0431075331,230551939.16666666,6,8,32,0,3,2022
2022-08-21,Indiana,232468230,231687005.0,245802193.0,190665257.0,231494607.5,2028717.4693185259,230633227.25,6,8,33,0,3,2022
2022-08-28,Indiana,233265352,232468230.0,225822175.0,194169760.0,232660820.0,745333.6544750626,231418270.91666666,6,8,34,0,3,2022
2022-09-04,Indiana,231355927,233265352.0,226763655.0,194929081.0,232194128.5,852918.0144481368,231969483.08333334,6,9,35,0,3,2022
2022-09-11,Indiana,225562302,231355927.0,230490077.0,195285776.0,230662952.75,3489429.7141705053,231364454.33333334,6,9,36,0,3,2022
2022-09-18,Indiana,226801841,225562302.0,228600502.0,191968142.0,229246355.5,3658347.810701727,230986829.33333334,6,9,37,0,3,2022
2022-09-25,Indiana,220893361,226801841.0,233222693.0,200298365.0,226153357.75,4301324.216106636,228911093.33333334,6,9,38,0,3,2022
2022-10-02,Indiana,219252982,220893361.0,231687005.0,202181303.0,223127621.5,3625479.7065621703,228363660.58333334,6,10,39,1,4,2022
2022-10-09,Indiana,216869531,219252982.0,232468230.0,205372538.0,220954428.75,4233881.983970982,227539150.25,6,10,40,1,4,2022
2022-10-16,Indiana,213503257,216869531.0,233265352.0,205327214.0,217629782.75,3208941.481125631,226123581.91666666,6,10,41,0,4,2022
2022-10-23,Indiana,209982292,213503257.0,231355927.0,201956399.0,214902015.5,4039894.032630007,224572064.41666666,6,10,42,0,4,2022
2022-10-30,Indiana,208293556,209982292.0,225562302.0,206089832.0,212162159.0,3815573.5392942647,222494636.33333334,6,10,43,0,4,2022
2022-11-06,Indiana,207047247,208293556.0,226801841.0,208023752.0,209706588.0,2802347.954750545,220441323.16666666,6,11,44,0,4,2022
2022-11-13,Indiana,212211042,207047247.0,220893361.0,215450721.0,209383534.25,2236038.283772025,218753224.16666666,6,11,45,0,4,2022
2022-11-20,Indiana,214986854,212211042.0,219252982.0,205818236.0,210634674.75,3641285.157471942,217230016.0,6,11,46,0,4,2022
2022-11-27,Indiana,213289682,214986854.0,216869531.0,212444441.0,211883706.25,3420759.201213401,215724495.58333334,6,11,47,0,4,2022
2022-12-04,Indiana,200675535,213289682.0,213503257.0,213902089.0,210290778.25,6511192.076666619,213650598.33333334,6,12,48,0,4,2022
2022-12-11,Indiana,209083531,200675535.0,209982292.0,222954021.0,209508900.5,6390398.228775907,212174072.5,6,12,49,0,4,2022
2022-12-18,Indiana,218718280,209083531.0,208293556.0,231422188.0,210441757.0,7612169.638053612,211992815.75,6,12,50,0,4,2022
2022-12-25,Indiana,229211987,218718280.0,207047247.0,231492773.0,214422333.25,12310785.083475038,212822732.83333334,6,12,51,1,4,2022
2023-01-01,Indiana,198002149,229211987.0,212211042.0,223844828.0,213753986.75,13335760.553439645,211250451.0,6,1,52,0,1,2023
2023-01-08,Indiana,196394618,198002149.0,214986854.0,224741381.0,210581758.5,16050025.20061788,209824731.08333334,6,1,1,0,1,2023
2023-01-15,Indiana,204160488,196394618.0,213289682.0,232822647.0,206942310.5,15219037.776819738,209339580.75,6,1,2,0,1,2023
2023-01-22,Indiana,202091664,204160488.0,200675535.0,231333341.0,200162229.75,3585602.353116634,208822756.41666666,6,1,3,0,1,2023
2023-01-29,Indiana,201375177,202091664.0,209083531.0,245802193.0,201005486.75,3292951.8377180803,208350083.91666666,6,1,4,0,1,2023
2023-02-05,Indiana,206145477,201375177.0,218718280.0,225822175.0,203443201.5,2154079.211441314,207844620.16666666,6,2,5,0,1,2023
2023-02-12,Indiana,210189134,206145477.0,229211987.0,226763655.0,204950363.0,4075419.568201369,207444810.16666666,6,2,6,0,1,2023
2023-02-19,Indiana,207748355,210189134.0,198002149.0,230490077.0,206364535.75,3718610.625969897,206983032.91666666,6,2,7,0,1,2023
2023-02-26,Indiana,210958999,207748355.0,196394618.0,228600502.0,208760491.25,2216391.6433553747,207839988.25,6,2,8,0,1,2023
2023-03-05,Indiana,218242635,210958999.0,204160488.0,233222693.0,211784780.75,4517544.259105335,208603246.91666666,6,3,9,0,1,2023
2023-03-12,Indiana,233961027,218242635.0,202091664.0,231687005.0,217727754.0,11678879.846228374,209873475.83333334,6,3,10,0,1,2023
2023-03-19,Indiana,231016339,233961027.0,201375177.0,232468230.0,223544750.0,10814142.290428119,210023838.5,6,3,11,0,1,2023
2023-03-26,Indiana,207930971,231016339.0,206145477.0,233265352.0,222787743.0,12026827.629200779,210851240.33333334,6,3,12,0,1,2023
2023-04-02,Indiana,209455408,207930971.0,210189134.0,231355927.0,220590936.25,13804867.000454351,211939639.5,6,4,13,0,2,2023
2023-04-09,Indiana,223116175,209455408.0,207748355.0,225562302.0,217879723.25,11104621.546252573,213519280.08333334,6,4,14,0,2,2023
2023-04-16,Indiana,225317024,223116175.0,210958999.0,226801841.0,216454894.5,9028844.154006036,215454726.75,6,4,15,0,2,2023
2023-04-23,Indiana,224558086,225317024.0,218242635.0,220893361.0,220611673.25,7493314.411705066,217386635.83333334,6,4,16,0,2,2023
2023-04-30,Indiana,227926725,224558086.0,233961027.0,219252982.0,225229502.5,2016566.5925196263,219201739.83333334,6,4,17,0,2,2023
2023-05-07,Indiana,232091906,227926725.0,231016339.0,216869531.0,227473435.25,3400250.6963783517,221026970.83333334,6,5,18,0,2,2023
2020-05-03,Iowa,71602720,67021799.0,72534465.0,63444415.0,67947747.75,2469340.3735357323,66151534.166666664,6,5,18,0,2,2020
2020-05-10,Iowa,70346550,71602720.0,69277942.0,63034590.0,68993596.75,2344298.2247702465,66977532.583333336,6,5,19,0,2,2020
2020-05-17,Iowa,70218530,70346550.0,62548451.0,62527284.0,69797399.75,1952951.391526919,67772578.08333333,6,5,20,0,2,2020
2020-05-24,Iowa,72411482,70218530.0,66389957.0,63267657.0,71144820.5,1050294.1158302657,68456654.41666667,6,5,21,0,2,2020
2020-05-31,Iowa,69696599,72411482.0,66163154.0,62361904.0,70668290.25,1195645.2140364468,68767913.91666667,6,5,22,0,2,2020
2020-06-07,Iowa,79630034,69696599.0,67003318.0,62117990.0,72989161.25,4580839.365995959,69359211.33333333,6,6,23,0,2,2020
2020-06-14,Iowa,75197006,79630034.0,67021799.0,64211461.0,74233780.25,4240838.870913662,69852466.66666667,6,6,24,0,2,2020
2020-06-21,Iowa,72152021,75197006.0,71602720.0,62835744.0,74168915.0,4279807.770119823,70652764.16666667,6,6,25,0,2,2020
2020-06-28,Iowa,77381431,72152021.0,70346550.0,60702758.0,76090123.0,3188769.437514417,71568720.33333333,6,6,26,0,2,2020
2020-07-05,Iowa,80322689,77381431.0,70218530.0,63074140.0,76263286.75,3452943.3770845793,72748681.58333333,6,7,27,0,3,2020
2020-07-12,Iowa,76363182,80322689.0,72411482.0,63146272.0,76554830.75,3381394.520187629,73528670.25,6,7,28,0,3,2020
2020-07-19,Iowa,76522154,76363182.0,69696599.0,67258273.0,77647364.0,1838777.23585884,74320366.5,6,7,29,0,3,2020
2020-07-26,Iowa,72772273,76522154.0,79630034.0,59575156.0,76495074.5,3083721.3827824444,74417829.25,6,7,30,0,3,2020
2020-08-02,Iowa,75647606,72772273.0,75197006.0,59067696.0,75326303.75,1744656.8462545637,74859583.91666667,6,8,31,0,3,2020
2020-08-09,Iowa,74943873,75647606.0,72152021.0,60918899.0,74971476.5,1601978.9633867457,75253362.5,6,8,32,0,3,2020
2020-08-16,Iowa,73974142,74943873.0,77381431.0,59727420.0,74334473.5,1247129.2241582954,75383584.16666667,6,8,33,0,3,2020
2020-08-23,Iowa,73771597,73974142.0,80322689.0,58551029.0,74584304.5,874202.7497587,75723167.33333333,6,8,34,0,3,2020
2020-08-30,Iowa,73745120,73771597.0,76363182.0,60863495.0,74108683.0,566112.0746359987,75232757.83333333,6,8,35,1,3,2020
2020-09-06,Iowa,72476738,73745120.0,76522154.0,59036831.0,73491899.25,684461.34855928,75006068.83333333,6,9,36,0,3,2020
2020-09-13,Iowa,67693988,72476738.0,72772273.0,60434569.0,71921860.75,2882625.8422969608,74634566.08333333,6,9,37,0,3,2020
2020-09-20,Iowa,68574622,67693988.0,75647606.0,60677984.0,70622617.0,2941594.8626165385,73900665.33333333,6,9,38,0,3,2020
2020-09-27,Iowa,67464351,68574622.0,74943873.0,64202566.0,69052424.75,2332491.1819213675,72829137.16666667,6,9,39,0,3,2020
2020-10-04,Iowa,67069562,67464351.0,73974142.0,65961485.0,67700630.75,637176.2494764988,72054668.83333333,6,10,40,0,4,2020
2020-10-11,Iowa,68954557,67069562.0,73771597.0,72534465.0,68015773.0,893123.5603323246,71424035.75,6,10,41,0,4,2020
2020-10-18,Iowa,66751333,68954557.0,73745120.0,69277942.0,67559950.75,974407.4603711414,70922290.75,6,10,42,0,4,2020
2020-10-25,Iowa,64181269,66751333.0,72476738.0,62548451.0,66739180.25,1962999.7365751904,69966762.66666667,6,10,43,1,4,2020
2020-11-01,Iowa,65694281,64181269.0,67693988.0,66389957.0,66395360.0,2005817.9364089896,69195963.33333333,6,11,44,0,4,2020
2020-11-08,Iowa,67146619,65694281.0,68574622.0,66163154.0,65943375.5,1325098.4402892555,68627003.08333333,6,11,45,0,4,2020
2020-11-15,Iowa,65557144,67146619.0,67464351.0,67003318.0,65644828.25,1212093.9508727319,67942465.33333333,6,11,46,0,4,2020
2020-11-22,Iowa,67064477,65557144.0,67069562.0,67021799.0,66365630.25,856872.2268667602,67385745.08333333,6,11,47,0,4,2020
2020-11-29,Iowa,61554063,67064477.0,68954557.0,71602720.0,65330575.75,2621564.9495064844,66475522.166666664,6,11,48,0,4,2020
2020-12-06,Iowa,65202298,61554063.0,66751333.0,70346550.0,64844495.5,2337459.761575734,66267881.333333336,6,12,49,0,4,2020
2020-12-13,Iowa,64664951,65202298.0,64181269.0,70218530.0,64621447.25,2288851.2887889715,65942075.416666664,6,12,50,0,4,2020
2020-12-20,Iowa,67615055,64664951.0,65694281.0,72411482.0,64759091.75,2492256.6504092105,65954634.083333336,6,12,51,0,4,2020
2020-12-27,Iowa,62352024,67615055.0,67146619.0,69696599.0,64958582.0,2159985.3440791415,65561505.916666664,6,12,52,0,4,2020
2021-01-03,Iowa,61085596,62352024.0,65557144.0,79630034.0,63929406.5,2869403.206722556,64905759.166666664,6,1,53,0,1,2021
2021-01-10,Iowa,63759010,61085596.0,67064477.0,75197006.0,63702921.25,2827440.0241272915,64656398.916666664,6,1,1,0,1,2021
2021-01-17,Iowa,61756295,63759010.0,61554063.0,72152021.0,62238231.25,1138207.2694974914,64454317.75,6,1,2,0,1,2021
2021-01-24,Iowa,63355696,61756295.0,65202298.0,77381431.0,62489149.25,1274164.650748979,64259435.666666664,6,1,3,0,1,2021
2021-01-31,Iowa,64409990,63355696.0,64664951.0,80322689.0,63320247.75,1129491.8128847145,64031383.25,6,1,4,0,1,2021
2021-02-07,Iowa,64829760,64409990.0,67615055.0,76363182.0,63587935.25,1369518.6254509038,63970767.916666664,6,2,5,0,1,2021
2021-02-14,Iowa,63001780,64829760.0,62352024.0,76522154.0,63899306.5,861705.1983803295,63632209.833333336,6,2,6,0,1,2021
2021-02-21,Iowa,64439883,63001780.0,61085596.0,72772273.0,64170353.25,802174.7026358616,63872694.833333336,6,2,7,0,1,2021
2021-02-28,Iowa,67613100,64439883.0,63759010.0,75647606.0,64971130.75,1928778.0030636662,64073595.0,6,2,8,0,1,2021
2021-03-07,Iowa,70225990,67613100.0,61756295.0,74943873.0,66320188.25,3239047.660987037,64537014.916666664,6,3,9,0,1,2021
2021-03-14,Iowa,76630967,70225990.0,63355696.0,73974142.0,69727485.0,5174808.524572932,65288340.916666664,6,3,10,0,1,2021
2021-03-21,Iowa,73557244,76630967.0,64409990.0,73771597.0,72006825.25,3926944.5707222484,66222109.25,6,3,11,0,1,2021
2021-03-28,Iowa,65324667,73557244.0,64829760.0,73745120.0,71434717.0,4840794.249268677,66575365.166666664,6,3,12,0,1,2021
2021-04-04,Iowa,73011510,65324667.0,63001780.0,72476738.0,72131097.0,4809204.4275527205,67346406.83333333,6,4,13,0,2,2021
2021-04-11,Iowa,70719000,73011510.0,64439883.0,67693988.0,70653105.25,3759108.544420907,68093298.91666667,6,4,14,0,2,2021
2021-04-18,Iowa,70207099,70719000.0,67613100.0,68574622.0,69815569.0,3232734.805173789,68664249.16666667,6,4,15,0,2,2021
2021-04-25,Iowa,73279235,70207099.0,70225990.0,67464351.0,71804211.0,1566494.6357012189,69403352.91666667,6,4,16,1,2,2021
2021-05-02,Iowa,79067028,73279235.0,76630967.0,67069562.0,73318090.5,4061417.308815938,70589791.91666667,6,5,17,0,2,2021
2021-05-09,Iowa,76275585,79067028.0,73557244.0,68954557.0,74707236.75,3819158.9276450574,71695942.33333333,6,5,18,0,2,2021
2021-05-16,Iowa,75215701,76275585.0,65324667.0,66751333.0,75959387.25,2414794.4957273155,72593927.16666667,6,5,19,0,2,2021
2021-05-23,Iowa,76143300,75215701.0,73011510.0,64181269.0,76675403.5,1662687.3934648768,73304777.16666667,6,5,20,0,2,2021
2021-05-30,Iowa,77550280,76143300.0,70719000.0,65694281.0,76296216.5,959860.7750670708,73915134.66666667,6,5,21,0,2,2021
2021-06-06,Iowa,84625327,77550280.0,70207099.0,67146619.0,78383652.0,4270367.131692311,74581331.33333333,6,6,22,0,2,2021
2021-06-13,Iowa,84954704,84625327.0,73279235.0,65557144.0,80818402.75,4623810.560858319,75531119.66666667,6,6,23,0,2,2021
2021-06-20,Iowa,81627169,84954704.0,79067028.0,67064477.0,82189370.0,3435994.9859250393,76889661.5,6,6,24,0,2,2021
2021-06-27,Iowa,78577608,81627169.0,76275585.0,61554063.0,82446202.0,2982057.6029286687,77353503.0,6,6,25,0,2,2021
2021-07-04,Iowa,86352759,78577608.0,75215701.0,65202298.0,82878060.0,3485426.7620824683,78656316.25,6,7,26,0,3,2021
2021-07-11,Iowa,79246251,86352759.0,76143300.0,64664951.0,81450946.75,3520207.2163422783,79409578.91666667,6,7,27,0,3,2021
2021-07-18,Iowa,79597243,79246251.0,77550280.0,67615055.0,80943465.25,3630913.106367082,79936079.58333333,6,7,28,0,3,2021
2021-07-25,Iowa,81060402,79597243.0,84625327.0,62352024.0,81564163.75,3287649.470491989,80102194.08333333,6,7,29,0,3,2021
2021-08-01,Iowa,79648389,81060402.0,84954704.0,61085596.0,79888071.25,801731.7241797587,80383261.08333333,6,8,30,0,3,2021
2021-08-08,Iowa,80043512,79648389.0,81627169.0,63759010.0,80087386.5,678636.7684775607,80785578.66666667,6,8,31,0,3,2021
2021-08-15,Iowa,82384685,80043512.0,78577608.0,61756295.0,80784247.0,1221546.1667163174,81305694.08333333,6,8,32,1,3,2021
2021-08-22,Iowa,81136830,82384685.0,86352759.0,63355696.0,80803354.0,1227886.8012872073,81604573.25,6,8,33,0,3,2021
2021-08-29,Iowa,79453066,81136830.0,79246251.0,64409990.0,80754523.25,1291370.5579038546,81173551.5,6,8,34,0,3,2021
2021-09-05,Iowa,79767883,79453066.0,79597243.0,64829760.0,80685616.0,1348065.6391469457,80741316.41666667,6,9,35,0,3,2021
2021-09-12,Iowa,73285694,79767883.0,81060402.0,63001780.0,78410868.25,3494087.565070876,80046193.5,6,9,36,0,3,2021
2021-09-19,Iowa,75359497,73285694.0,79648389.0,64439883.0,76966535.0,3170780.58905532,79778017.58333333,6,9,37,0,3,2021
2021-09-26,Iowa,74902560,75359497.0,80043512.0,67613100.0,75828908.5,2772599.791077259,78823834.33333333,6,9,38,0,3,2021
2021-10-03,Iowa,107123241,74902560.0,82384685.0,70225990.0,82667748.0,16327918.345442466,81146916.83333333,6,10,39,0,4,2021
2021-10-10,Iowa,106932039,107123241.0,81136830.0,76630967.0,91079334.25,18416627.450896278,83424816.5,6,10,40,0,4,2021
2021-10-17,Iowa,103822589,106932039.0,79453066.0,73557244.0,98195107.25,15601889.382401874,85321665.41666667,6,10,41,0,4,2021
2021-10-24,Iowa,101866411,103822589.0,79767883.0,65324667.0,104936070.0,2544946.335114888,87173167.25,6,10,42,0,4,2021
2021-10-31,Iowa,100572084,101866411.0,73285694.0,73011510.0,103298280.75,2766556.0938428394,88883881.58333333,6,10,43,0,4,2021
2021-11-07,Iowa,103094970,100572084.0,75359497.0,70719000.0,102339013.5,1428035.8859950611,90609738.66666667,6,11,44,0,4,2021
2021-11-14,Iowa,103832897,103094970.0,74902560.0,70207099.0,102341590.5,1431610.3472110347,92501077.58333333,6,11,45,0,4,2021
2021-11-21,Iowa,102844373,103832897.0,107123241.0,73279235.0,102586081.0,1406700.2553790074,94450353.16666667,6,11,46,0,4,2021
2021-11-28,Iowa,96761843,102844373.0,106932039.0,79067028.0,101633520.75,3274777.1970300935,95866516.5,6,11,47,0,4,2021
2021-12-05,Iowa,102169961,96761843.0,103822589.0,76275585.0,101402268.5,3168097.267527155,98273538.75,6,12,48,0,4,2021
2021-12-12,Iowa,102182784,102169961.0,101866411.0,75215701.0,100989740.25,2836138.936540006,100508812.66666667,6,12,49,0,4,2021
2021-12-19,Iowa,105762342,102182784.0,100572084.0,76143300.0,101719232.5,3712163.845951356,103080461.16666667,6,12,50,0,4,2021
2021-12-26,Iowa,100465037,105762342.0,103094970.0,77550280.0,102645031.0,2229302.2454470717,102525610.83333333,6,12,51,0,4,2021
2022-01-02,Iowa,95784306,100465037.0,103832897.0,84625327.0,101048617.25,4145643.2585158944,101596633.08333333,6,1,52,0,1,2022
2022-01-09,Iowa,97403752,95784306.0,102844373.0,84954704.0,99853859.25,4391203.169983935,101061730.0,6,1,1,0,1,2022
2022-01-16,Iowa,99577445,97403752.0,96761843.0,81627169.0,98307635.0,2117466.6109633707,100870982.83333333,6,1,2,0,1,2022
2022-01-23,Iowa,97405833,99577445.0,102169961.0,78577608.0,97542834.0,1556724.7374782425,100607128.58333333,6,1,3,0,1,2022
2022-01-30,Iowa,98044270,97405833.0,102182784.0,86352759.0,98107825.0,1025074.5891264221,100186236.91666667,6,1,4,0,1,2022
2022-02-06,Iowa,98650651,98044270.0,105762342.0,79246251.0,98419549.75,924226.8368235977,99754383.08333333,6,2,5,0,1,2022
2022-02-13,Iowa,99808344,98650651.0,100465037.0,79597243.0,98477274.5,1022624.9246465536,99501380.66666667,6,2,6,0,1,2022
2022-02-20,Iowa,99853709,99808344.0,95784306.0,81060402.0,99089243.5,891785.8536945402,99759036.16666667,6,2,7,0,1,2022
2022-02-27,Iowa,102026030,99853709.0,97403752.0,79648389.0,100084683.5,1408898.8824644939,99747041.91666667,6,2,8,0,1,2022
2022-03-06,Iowa,106337264,102026030.0,99577445.0,80043512.0,102006336.75,3067153.785298398,100093248.58333333,6,3,9,0,1,2022
2022-03-13,Iowa,106060560,106337264.0,97405833.0,82384685.0,103569390.75,3165190.875346745,100118100.08333333,6,3,10,0,1,2022
2022-03-20,Iowa,107590345,106060560.0,98044270.0,81136830.0,105503549.75,2411997.643470443,100711875.75,6,3,11,0,1,2022
2022-03-27,Iowa,105383641,107590345.0,98650651.0,79453066.0,106342952.5,923046.4932633236,101511820.33333333,6,3,12,0,1,2022
2022-04-03,Iowa,111445944,105383641.0,99808344.0,79767883.0,107620122.5,2712433.1967575494,102682003.0,6,4,13,0,2,2022
2022-04-10,Iowa,111233416,111445944.0,99853709.0,73285694.0,108913336.5,2944255.7897918853,103653333.91666667,6,4,14,0,2,2022
2022-04-17,Iowa,114022027,111233416.0,102026030.0,75359497.0,110521257.0,3652063.5831269464,105038016.75,6,4,15,0,2,2022
2022-04-24,Iowa,107798902,114022027.0,106337264.0,74902560.0,111125072.25,2554111.2220395333,105850902.75,6,4,16,0,2,2022
2022-05-01,Iowa,114451834,107798902.0,106060560.0,107123241.0,111876544.75,3070070.2376294713,107167668.0,6,5,17,0,2,2022
2022-05-08,Iowa,113497323,114451834.0,107590345.0,106932039.0,112442521.5,3120255.4709707713,108308416.25,6,5,18,0,2,2022
2022-05-15,Iowa,120045447,113497323.0,105383641.0,103822589.0,113948376.5,5014885.310163768,109991061.08333333,6,5,19,0,2,2022
2022-05-22,Iowa,116091521,120045447.0,111445944.0,101866411.0,116021531.25,2888619.8131188788,111163185.33333333,6,5,20,0,2,2022
2022-05-29,Iowa,116918119,116091521.0,111233416.0,100572084.0,116638102.5,2698867.2306306018,112044923.25,6,5,21,0,2,2022
2022-06-05,Iowa,122942227,116918119.0,114022027.0,103094970.0,118999328.5,3131963.7044135253,113451728.83333333,6,6,22,0,2,2022
2022-06-12,Iowa,123855971,122942227.0,107798902.0,103832897.0,119951959.5,4012072.5776673537,114807197.66666667,6,6,23,0,2,2022
2022-06-19,Iowa,121225511,123855971.0,114451834.0,102844373.0,121235457.0,3077859.8509492553,116127353.5,6,6,24,0,2,2022
2022-06-26,Iowa,123142814,121225511.0,113497323.0,96761843.0,122791630.75,1115281.7498588774,117102092.66666667,6,6,25,0,2,2022
2022-07-03,Iowa,127666471,123142814.0,120045447.0,102169961.0,123972691.75,2701439.6183224753,118471513.91666667,6,7,26,0,3,2022
2022-07-10,Iowa,118292839,127666471.0,116091521.0,102182784.0,122581908.75,3932909.1077798405,118827414.91666667,6,7,27,1,3,2022
2022-07-17,Iowa,120250571,118292839.0,116918119.0,105762342.0,122338173.75,4072714.7374383607,119865054.0,6,7,28,0,3,2022
2022-07-24,Iowa,121581654,120250571.0,122942227.0,100465037.0,121947883.75,4044609.048328521,120459205.66666667,6,7,29,0,3,2022
2022-07-31,Iowa,118833542,121581654.0,123855971.0,95784306.0,119739651.5,1479674.8270744144,120903890.58333333,6,7,30,0,3,2022
2022-08-07,Iowa,121017679,118833542.0,121225511.0,97403752.0,120420861.5,1190547.829899203,120984909.91666667,6,8,31,0,3,2022
2022-08-14,Iowa,118799397,121017679.0,123142814.0,99577445.0,120058068.0,1452111.5868089136,121210566.25,6,8,32,0,3,2022
2022-08-21,Iowa,117909148,118799397.0,127666471.0,97405833.0,119139941.5,1322951.4942769827,121293152.0,6,8,33,0,3,2022
2022-08-28,Iowa,116479097,117909148.0,118292839.0,98044270.0,118551330.25,1901837.878974166,120754557.83333333,6,8,34,0,3,2022
2022-09-04,Iowa,118474984,116479097.0,120250571.0,98650651.0,117915656.5,1025928.8606281161,120306142.25,6,9,35,0,3,2022
2022-09-11,Iowa,114040881,118474984.0,121581654.0,99808344.0,116726027.5,1977339.0667515015,119707423.08333333,6,9,36,0,3,2022
2022-09-18,Iowa,114396176,114040881.0,118833542.0,99853709.0,115847784.5,2055302.101155375,118978536.58333333,6,9,37,0,3,2022
2022-09-25,Iowa,111609040,114396176.0,121017679.0,102026030.0,114630270.25,2846742.925336067,117640417.33333333,6,9,38,0,3,2022
2022-10-02,Iowa,112398449,111609040.0,118799397.0,106337264.0,113111136.5,1326645.9864144986,117149218.16666667,6,10,39,1,4,2022
2022-10-09,Iowa,113810898,112398449.0,117909148.0,106060560.0,113053640.75,1276973.896410161,116612578.75,6,10,40,1,4,2022
2022-10-16,Iowa,110027794,113810898.0,116479097.0,107590345.0,111961545.25,1578463.8448874743,115649757.08333333,6,10,41,0,4,2022
2022-10-23,Iowa,109087987,110027794.0,118474984.0,105383641.0,111331282.0,2161696.42769393,114837627.5,6,10,42,0,4,2022
2022-10-30,Iowa,107437128,109087987.0,114040881.0,111445944.0,110090951.75,2701277.9562076945,113705914.91666667,6,10,43,0,4,2022
2022-11-06,Iowa,108982306,107437128.0,114396176.0,111233416.0,108883803.75,1072843.2489680364,112887824.0,6,11,44,0,4,2022
2022-11-13,Iowa,108897484,108982306.0,111609040.0,114022027.0,108601226.25,779968.2031315721,112136852.0,6,11,45,0,4,2022
2022-11-20,Iowa,111104860,108897484.0,112398449.0,107798902.0,109105444.5,1509895.4649859178,111688998.91666667,6,11,46,0,4,2022
2022-11-27,Iowa,106727485,111104860.0,113810898.0,114451834.0,108928033.75,1787443.8068706638,110710040.66666667,6,11,47,0,4,2022
2022-12-04,Iowa,107410636,106727485.0,110027794.0,113497323.0,108535116.25,1937943.9186520055,110157520.25,6,12,48,0,4,2022
2022-12-11,Iowa,109326075,107410636.0,109087987.0,120045447.0,108642264.0,1976129.440106098,109735011.83333333,6,12,49,0,4,2022
2022-12-18,Iowa,113552627,109326075.0,107437128.0,116091521.0,109254205.75,3069454.7617420517,109896977.41666667,6,12,50,0,4,2022
2022-12-25,Iowa,109408805,113552627.0,108982306.0,116918119.0,109924535.75,2588878.2350124065,109647840.41666667,6,12,51,1,4,2022
2023-01-01,Iowa,103388682,109408805.0,108897484.0,122942227.0,108919047.25,4181727.5274290186,108779322.41666667,6,1,52,0,1,2023
2023-01-08,Iowa,102855771,103388682.0,111104860.0,123855971.0,107301471.25,5118332.220961981,108181653.83333333,6,1,1,0,1,2023
2023-01-15,Iowa,104857393,102855771.0,106727485.0,121225511.0,105127662.75,2976954.309082178,107829104.33333333,6,1,2,0,1,2023
2023-01-22,Iowa,102454897,104857393.0,107410636.0,123142814.0,103389185.75,1050882.097194355,107413918.41666667,6,1,3,0,1,2023
2023-01-29,Iowa,103796979,102454897.0,109326075.0,127666471.0,103491260.0,1070463.7651566516,106981807.83333333,6,1,4,0,1,2023
2023-02-05,Iowa,107185445,103796979.0,113552627.0,118292839.0,104573678.5,1999526.2210562988,106839137.91666667,6,2,5,0,1,2023
2023-02-12,Iowa,111245455,107185445.0,109408805.0,120250571.0,106170694.0,3925327.5466537415,106850854.16666667,6,2,6,0,1,2023
2023-02-19,Iowa,105959999,111245455.0,103388682.0,121581654.0,107046969.5,3129983.97630462,106786897.0,6,2,7,0,1,2023
2023-02-26,Iowa,106334891,105959999.0,102855771.0,118833542.0,107681447.5,2430690.387928708,106697251.58333333,6,2,8,0,1,2023
2023-03-05,Iowa,114188857,106334891.0,104857393.0,121017679.0,109432300.5,3981757.6644891812,107102483.41666667,6,3,9,0,1,2023
2023-03-12,Iowa,118082890,114188857.0,102454897.0,118799397.0,111141659.25,5983887.320908506,107480005.33333333,6,3,10,0,1,2023
2023-03-19,Iowa,115425746,118082890.0,103796979.0,117909148.0,113508096.0,5050558.621779114,107981417.08333333,6,3,11,0,1,2023
2023-03-26,Iowa,107398798,115425746.0,107185445.0,116479097.0,113774072.75,4550095.410380563,108315593.41666667,6,3,12,0,1,2023
2023-04-02,Iowa,114064233,107398798.0,111245455.0,118474984.0,113742916.75,4546733.953876005,109249631.91666667,6,4,13,0,2,2023
2023-04-09,Iowa,118362929,114064233.0,105959999.0,114040881.0,113812926.5,4637093.517173627,110375093.25,6,4,14,0,2,2023
2023-04-16,Iowa,117667202,118362929.0,106334891.0,114396176.0,114373290.5,5016842.649229262,111642785.33333333,6,4,15,0,2,2023
2023-04-23,Iowa,116093179,117667202.0,114188857.0,111609040.0,116546885.75,1908099.9343118637,112667468.66666667,6,4,16,0,2,2023
2023-04-30,Iowa,120826306,116093179.0,118082890.0,112398449.0,118237404.0,1969856.2775541132,113804207.08333333,6,4,17,0,2,2023
2023-05-07,Iowa,123791461,120826306.0,115425746.0,113810898.0,119594537.0,3420796.884622357,114849707.58333333,6,5,18,0,2,2023
2020-05-03,Kansas,55107460,53151527.0,56199276.0,50331959.0,54041862.75,805503.196245419,52021262.083333336,6,5,18,0,2,2020
2020-05-10,Kansas,54867045,55107460.0,56741186.0,48317065.0,54260460.25,900716.5800100045,52677956.916666664,6,5,19,0,2,2020
2020-05-17,Kansas,55211390,54867045.0,49573935.0,48601948.0,54584355.5,966043.7267420501,53359906.583333336,6,5,20,0,2,2020
2020-05-24,Kansas,55036532,55211390.0,51139583.0,48102110.0,55055606.75,144771.72855540123,53801344.333333336,6,5,21,0,2,2020
2020-05-31,Kansas,54431344,55036532.0,53992655.0,47489199.0,54886577.75,334469.01715244,54113978.5,6,5,22,0,2,2020
2020-06-07,Kansas,60420222,54431344.0,53915809.0,48524050.0,56274872.0,2783702.691812233,54465724.0,6,6,23,0,2,2020
2020-06-14,Kansas,58714696,60420222.0,53151527.0,48710294.0,57150698.5,2886777.9607173936,54630183.166666664,6,6,24,0,2,2020
2020-06-21,Kansas,57777801,58714696.0,55107460.0,50469567.0,57836015.75,2519615.0239434578,55313838.666666664,6,6,25,0,2,2020
2020-06-28,Kansas,59540738,57777801.0,54867045.0,48255943.0,59113364.25,1130367.3546289813,56013934.916666664,6,6,26,0,2,2020
2020-07-05,Kansas,62341967,59540738.0,55211390.0,48371114.0,59593800.5,1968579.3224682799,56709710.916666664,6,7,27,0,3,2020
2020-07-12,Kansas,57070126,62341967.0,55036532.0,49474512.0,59182658.0,2348465.405703195,56972570.666666664,6,7,28,0,3,2020
2020-07-19,Kansas,57934642,57070126.0,54431344.0,52416567.0,59221868.25,2318306.8718600627,57371163.583333336,6,7,29,0,3,2020
2020-07-26,Kansas,55812175,57934642.0,60420222.0,48921431.0,58289727.5,2838569.17517312,57429889.833333336,6,7,30,0,3,2020
2020-08-02,Kansas,55336553,55812175.0,58714696.0,47926649.0,56538374.0,1183788.1596763872,57469015.5,6,8,31,0,3,2020
2020-08-09,Kansas,56686281,55336553.0,57777801.0,47874480.0,56442412.75,1141102.5758900575,57591923.083333336,6,8,32,0,3,2020
2020-08-16,Kansas,56533008,56686281.0,59540738.0,45970258.0,56092004.25,631574.7945642896,57716629.416666664,6,8,33,0,3,2020
2020-08-23,Kansas,54631653,56533008.0,62341967.0,45578142.0,55796873.75,983628.2291405922,57733321.833333336,6,8,34,0,3,2020
2020-08-30,Kansas,54662599,54631653.0,57070126.0,48454430.0,55628385.25,1134857.406103629,57253519.916666664,6,8,35,1,3,2020
2020-09-06,Kansas,56449771,54662599.0,57934642.0,46767766.0,55569257.75,1065403.0354713611,57064776.166666664,6,9,36,0,3,2020
2020-09-13,Kansas,53396659,56449771.0,55812175.0,46986707.0,54785170.5,1256642.4054666488,56699681.0,6,9,37,0,3,2020
2020-09-20,Kansas,53610089,53396659.0,55336553.0,47027994.0,54529779.5,1394489.2808196861,56205460.25,6,9,38,0,3,2020
2020-09-27,Kansas,52805521,53610089.0,56686281.0,49739279.0,54065510.0,1625529.938582494,55410756.416666664,6,9,39,0,3,2020
2020-10-04,Kansas,52679711,52805521.0,56533008.0,50679734.0,53122995.0,450719.05331519136,55044888.5,6,10,40,0,4,2020
2020-10-11,Kansas,53467896,52679711.0,54631653.0,56199276.0,53140804.25,466275.68112536776,54672659.666666664,6,10,41,0,4,2020
2020-10-18,Kansas,52216444,53467896.0,54662599.0,56741186.0,52792393.0,516685.3107769522,54373015.416666664,6,10,42,0,4,2020
2020-10-25,Kansas,50123548,52216444.0,56449771.0,49573935.0,52121899.75,1428893.2345906484,53938598.333333336,6,10,43,1,4,2020
2020-11-01,Kansas,49731547,50123548.0,53396659.0,51139583.0,51384858.75,1765873.0384391334,53359037.166666664,6,11,44,0,4,2020
2020-11-08,Kansas,52059074,49731547.0,53610089.0,53992655.0,51032653.25,1287665.8372397153,52986209.333333336,6,11,45,0,4,2020
2020-11-15,Kansas,50940709,52059074.0,52805521.0,53915809.0,50713719.5,1028667.1283670963,52678630.666666664,6,11,46,0,4,2020
2020-11-22,Kansas,52763618,50940709.0,52679711.0,53151527.0,51373737.0,1327372.9999029436,52520382.25,6,11,47,0,4,2020
2020-11-29,Kansas,51187350,52763618.0,53467896.0,55107460.0,51737687.75,835437.7628087709,52081847.166666664,6,11,48,0,4,2020
2020-12-06,Kansas,50030283,51187350.0,52216444.0,54867045.0,51230490.0,1136780.8928129792,51801315.833333336,6,12,49,0,4,2020
2020-12-13,Kansas,51776970,50030283.0,50123548.0,55211390.0,51439555.25,1142606.179194852,51648555.916666664,6,12,50,0,4,2020
2020-12-20,Kansas,52936446,51776970.0,49731547.0,55036532.0,51482762.25,1210608.5266378468,51659466.333333336,6,12,51,0,4,2020
2020-12-27,Kansas,52101711,52936446.0,52059074.0,54431344.0,51711352.5,1222502.1012116943,51611299.666666664,6,12,52,0,4,2020
2021-01-03,Kansas,50868820,52101711.0,50940709.0,60420222.0,51920986.75,854715.2424511089,51394710.0,6,1,53,0,1,2021
2021-01-10,Kansas,50589576,50868820.0,52763618.0,58714696.0,51624138.25,1094082.8838439337,51259137.666666664,6,1,1,0,1,2021
2021-01-17,Kansas,49405363,50589576.0,51187350.0,57777801.0,50741367.5,1106756.110026208,51199288.916666664,6,1,2,0,1,2021
2021-01-24,Kansas,49264081,49405363.0,50030283.0,59540738.0,50031960.0,815175.2821951907,51160333.416666664,6,1,3,0,1,2021
2021-01-31,Kansas,50249197,49264081.0,51776970.0,62341967.0,49877054.25,644051.3207146294,51009510.333333336,6,1,4,0,1,2021
2021-02-07,Kansas,51903922,50249197.0,52936446.0,57070126.0,50205640.75,1212852.7790545144,51089778.083333336,6,2,5,0,1,2021
2021-02-14,Kansas,49473049,51903922.0,52101711.0,57934642.0,50222562.25,1198351.1501718762,50815564.0,6,2,6,0,1,2021
2021-02-21,Kansas,48029085,49473049.0,50868820.0,55812175.0,49913813.25,1614464.699419674,50552375.25,6,2,7,0,1,2021
2021-02-28,Kansas,52003516,48029085.0,50589576.0,55336553.0,50352393.0,1941172.7840122862,50716811.333333336,6,2,8,0,1,2021
2021-03-07,Kansas,54781179,52003516.0,49405363.0,56686281.0,51071707.25,2968821.683604052,50967162.083333336,6,3,9,0,1,2021
2021-03-14,Kansas,59343851,54781179.0,49264081.0,56533008.0,53539407.75,4759417.946089723,51501112.5,6,3,10,0,1,2021
2021-03-21,Kansas,59205729,59343851.0,50249197.0,54631653.0,56333568.75,3580985.6408551713,52093114.0,6,3,11,0,1,2021
2021-03-28,Kansas,52129782,59205729.0,51903922.0,54662599.0,56365135.25,3530290.5888909847,52198194.166666664,6,3,12,0,1,2021
2021-04-04,Kansas,55653199,52129782.0,49473049.0,56449771.0,56583140.25,3425234.105288122,52620162.75,6,4,13,0,2,2021
2021-04-11,Kansas,56348860,55653199.0,48029085.0,53396659.0,55834392.5,2909040.8869557576,53198787.5,6,4,14,0,2,2021
2021-04-18,Kansas,54961229,56348860.0,52003516.0,53610089.0,54773267.5,1851136.2533086727,53673549.833333336,6,4,15,0,2,2021
2021-04-25,Kansas,56106391,54961229.0,54781179.0,52805521.0,55767419.75,609908.2383885722,54161649.333333336,6,4,16,1,2,2021
2021-05-02,Kansas,59355868,56106391.0,59343851.0,52679711.0,56693087.0,1875494.5312343617,54782644.833333336,6,5,17,0,2,2021
2021-05-09,Kansas,58628492,59355868.0,59205729.0,53467896.0,57262995.0,2072080.9976695725,55545598.416666664,6,5,18,0,2,2021
2021-05-16,Kansas,56506821,58628492.0,52129782.0,52216444.0,57649393.0,1587137.646269114,56252076.416666664,6,5,19,0,2,2021
2021-05-23,Kansas,58120185,56506821.0,55653199.0,50123548.0,58152841.5,1208851.533655669,56761798.833333336,6,5,20,0,2,2021
2021-05-30,Kansas,58608591,58120185.0,56348860.0,49731547.0,57966022.25,1000798.8824984998,57080749.833333336,6,5,21,0,2,2021
2021-06-06,Kansas,62516133,58608591.0,54961229.0,52059074.0,58937932.5,2548921.2581672654,57345106.666666664,6,6,22,0,2,2021
2021-06-13,Kansas,63747306,62516133.0,56106391.0,50940709.0,60748053.75,2805031.985514291,57723571.416666664,6,6,23,0,2,2021
2021-06-20,Kansas,64694666,63747306.0,59355868.0,52763618.0,62391674.0,2675114.7825254146,58770645.083333336,6,6,24,0,2,2021
2021-06-27,Kansas,61546477,64694666.0,58628492.0,51187350.0,63126145.5,1380044.0507134781,59261751.583333336,6,6,25,0,2,2021
2021-07-04,Kansas,65793576,61546477.0,56506821.0,50030283.0,63945506.25,1804736.990380292,60048811.25,6,7,26,0,3,2021
2021-07-11,Kansas,61453800,65793576.0,58120185.0,51776970.0,63372129.75,2207978.0394077552,60589858.833333336,6,7,27,0,3,2021
2021-07-18,Kansas,60484849,61453800.0,58608591.0,52936446.0,62319675.5,2365174.3607963314,60954730.333333336,6,7,28,0,3,2021
2021-07-25,Kansas,61028084,60484849.0,62516133.0,52101711.0,62190077.25,2434840.113009665,61094081.666666664,6,7,29,0,3,2021
2021-08-01,Kansas,60808014,61028084.0,63747306.0,50868820.0,60943686.75,406725.7878680893,61275708.5,6,8,30,0,3,2021
2021-08-08,Kansas,61015142,60808014.0,64694666.0,50589576.0,60834022.25,253681.37117044674,61651401.916666664,6,8,31,0,3,2021
2021-08-15,Kansas,61587649,61015142.0,61546477.0,49405363.0,61109722.25,334191.59875573963,61940357.25,6,8,32,1,3,2021
2021-08-22,Kansas,60003063,61587649.0,65793576.0,49264081.0,60853467.0,655849.3102265698,62056563.25,6,8,33,0,3,2021
2021-08-29,Kansas,60315652,60003063.0,61453800.0,50249197.0,60730376.5,711099.8212696072,61873189.833333336,6,8,34,0,3,2021
2021-09-05,Kansas,61220164,60315652.0,60484849.0,51903922.0,60781632.0,745046.0315698627,61662594.666666664,6,9,35,0,3,2021
2021-09-12,Kansas,58019746,61220164.0,61028084.0,49473049.0,59889656.25,1349215.6592910744,61106351.333333336,6,9,36,0,3,2021
2021-09-19,Kansas,58620693,58019746.0,60808014.0,48029085.0,59544063.75,1481082.7818985165,60862536.0,6,9,37,0,3,2021
2021-09-26,Kansas,57965250,58620693.0,61015142.0,52003516.0,58956463.25,1538075.1671877354,60210175.5,6,9,38,0,3,2021
2021-10-03,Kansas,82900044,57965250.0,61587649.0,54781179.0,64376433.25,12352644.042233478,61997362.5,6,10,39,0,4,2021
2021-10-10,Kansas,84206741,82900044.0,60003063.0,59343851.0,70923182.0,14596316.89143155,63974186.833333336,6,10,40,0,4,2021
2021-10-17,Kansas,81123034,84206741.0,60315652.0,59205729.0,76548767.25,12453303.550892064,65648766.0,6,10,41,0,4,2021
2021-10-24,Kansas,79347468,81123034.0,61220164.0,52129782.0,81894321.75,2116609.6198956706,67193720.5,6,10,42,0,4,2021
2021-10-31,Kansas,78863272,79347468.0,58019746.0,55653199.0,80885128.75,2418126.8333801054,68681064.66666667,6,10,43,0,4,2021
2021-11-07,Kansas,79954985,78863272.0,58620693.0,56348860.0,79822189.75,975485.2352152242,70211676.0,6,11,44,0,4,2021
2021-11-14,Kansas,80314797,79954985.0,57965250.0,54961229.0,79620130.5,643394.3089378793,71904320.5,6,11,45,0,4,2021
2021-11-21,Kansas,82999329,80314797.0,82900044.0,56106391.0,80533095.75,1756178.064527883,73794626.91666667,6,11,46,0,4,2021
2021-11-28,Kansas,78440980,82999329.0,84206741.0,59355868.0,80427522.75,1897062.5103920274,75229694.91666667,6,11,47,0,4,2021
2021-12-05,Kansas,78480381,78440980.0,81123034.0,58628492.0,80058871.75,2146391.804495683,76934747.83333333,6,12,48,0,4,2021
2021-12-12,Kansas,80608216,78480381.0,79347468.0,56506821.0,80132226.5,2163003.3926039776,78767041.41666667,6,12,49,0,4,2021
2021-12-19,Kansas,84460876,80608216.0,78863272.0,58120185.0,80497613.25,2829525.9243255276,80975010.25,6,12,50,0,4,2021
2021-12-26,Kansas,83443647,84460876.0,79954985.0,58608591.0,81748280.0,2720989.778383467,81020310.5,6,12,51,0,4,2021
2022-01-02,Kansas,79504173,83443647.0,80314797.0,62516133.0,82004228.0,2331392.3565567653,80628429.83333333,6,1,52,0,1,2022
2022-01-09,Kansas,76822109,79504173.0,82999329.0,63747306.0,81057701.25,3541564.025153701,80270019.41666667,6,1,1,0,1,2022
2022-01-16,Kansas,78883181,76822109.0,78440980.0,64694666.0,79663277.5,2768711.902260383,80231328.83333333,6,1,2,0,1,2022
2022-01-23,Kansas,75806888,78883181.0,78480381.0,61546477.0,77754087.75,1731841.1403584962,79976630.16666667,6,1,3,0,1,2022
2022-01-30,Kansas,78220590,75806888.0,80608216.0,65793576.0,77433192.0,1383323.394803242,79832097.25,6,1,4,0,1,2022
2022-02-06,Kansas,78785428,78220590.0,84460876.0,61453800.0,77924021.75,1441320.602398677,79704649.83333333,6,2,5,0,1,2022
2022-02-13,Kansas,79062421,78785428.0,83443647.0,60484849.0,77968831.75,1483256.538592999,79376574.16666667,6,2,6,0,1,2022
2022-02-20,Kansas,75767595,79062421.0,79504173.0,61028084.0,77959008.5,1502354.4127203482,79153792.08333333,6,2,7,0,1,2022
2022-02-27,Kansas,80457892,75767595.0,76822109.0,60808014.0,78518334.0,1974488.9760720283,79318584.66666667,6,2,8,0,1,2022
2022-03-06,Kansas,83339037,80457892.0,78883181.0,61015142.0,79656736.25,3145357.4056611666,79546153.08333333,6,3,9,0,1,2022
2022-03-13,Kansas,81663312,83339037.0,75806888.0,61587649.0,80306959.0,3248681.617398966,79313022.75,6,3,10,0,1,2022
2022-03-20,Kansas,83082913,81663312.0,78220590.0,60003063.0,82135788.5,1339579.8444558298,79282961.58333333,6,3,11,0,1,2022
2022-03-27,Kansas,82019286,83082913.0,78785428.0,60315652.0,82526137.0,810796.0781441742,79492554.33333333,6,3,12,0,1,2022
2022-04-03,Kansas,86725019,82019286.0,79062421.0,61220164.0,83372632.5,2314861.8356786747,80317796.83333333,6,4,13,0,2,2022
2022-04-10,Kansas,86064766,86725019.0,75767595.0,58019746.0,84472996.0,2277305.6328636794,80916262.25,6,4,14,0,2,2022
2022-04-17,Kansas,87097621,86064766.0,80457892.0,58620693.0,85476673.0,2344157.1618841267,81857156.66666667,6,4,15,0,2,2022
2022-04-24,Kansas,83057568,87097621.0,83339037.0,57965250.0,85736243.5,1836142.2561276797,82260238.16666667,6,4,16,0,2,2022
2022-05-01,Kansas,86997853,83057568.0,81663312.0,82900044.0,85804452.0,1889411.4689865676,82944606.91666667,6,5,17,0,2,2022
2022-05-08,Kansas,86153843,86997853.0,83082913.0,84206741.0,85826721.25,1894021.6570142212,83535558.75,6,5,18,0,2,2022
2022-05-15,Kansas,90747539,86153843.0,82019286.0,81123034.0,86739200.75,3163897.3810898,84783887.41666667,6,5,19,0,2,2022
2022-05-22,Kansas,87205384,90747539.0,86725019.0,79347468.0,87776154.75,2032449.477719325,85346178.41666667,6,5,20,0,2,2022
2022-05-29,Kansas,88373730,87205384.0,86064766.0,78863272.0,88120124.0,1972362.0208624578,85765736.16666667,6,5,21,0,2,2022
2022-06-05,Kansas,90128642,88373730.0,87097621.0,79954985.0,89113823.75,1621600.3038957808,86471180.33333333,6,6,22,0,2,2022
2022-06-12,Kansas,92872869,90128642.0,83057568.0,80314797.0,89645156.25,2464474.3461182322,87287010.0,6,6,23,0,2,2022
2022-06-19,Kansas,95907245,92872869.0,86997853.0,82999329.0,91820621.5,3294013.3612965653,88444339.91666667,6,6,24,0,2,2022
2022-06-26,Kansas,92862803,95907245.0,86153843.0,78440980.0,92942889.75,2360699.7013271754,88955821.91666667,6,6,25,0,2,2022
2022-07-03,Kansas,97005014,92862803.0,90747539.0,78480381.0,94661982.75,2119626.4838410146,89867509.25,6,7,26,0,3,2022
2022-07-10,Kansas,92985889,97005014.0,87205384.0,80608216.0,94690237.75,2088350.079309076,90358198.25,6,7,27,1,3,2022
2022-07-17,Kansas,92242837,92985889.0,88373730.0,84460876.0,93774135.75,2178325.844020486,91123637.33333333,6,7,28,0,3,2022
2022-07-24,Kansas,91465019,92242837.0,90128642.0,83443647.0,93424689.75,2466330.1485153115,91495901.16666667,6,7,29,0,3,2022
2022-07-31,Kansas,90742378,91465019.0,92872869.0,79504173.0,91859030.75,969411.3981092954,91878279.08333333,6,7,30,0,3,2022
2022-08-07,Kansas,93112554,90742378.0,95907245.0,76822109.0,91890697.0,1019276.7686770045,92075363.66666667,6,8,31,0,3,2022
2022-08-14,Kansas,92208149,93112554.0,92862803.0,78883181.0,91882025.0,1015422.370553572,92492260.75,6,8,32,0,3,2022
2022-08-21,Kansas,88534643,92208149.0,97005014.0,75806888.0,91149431.0,1998127.80258637,92505670.16666667,6,8,33,0,3,2022
2022-08-28,Kansas,89760228,88534643.0,92985889.0,78220590.0,90903893.5,2121366.0945391534,92474969.0,6,8,34,0,3,2022
2022-09-04,Kansas,93015446,89760228.0,92242837.0,78785428.0,90879616.5,2087957.342018023,92486850.41666667,6,9,35,0,3,2022
2022-09-11,Kansas,90032274,93015446.0,91465019.0,79062421.0,90335647.75,1901585.3290613987,91997269.5,6,9,36,0,3,2022
2022-09-18,Kansas,89581306,90032274.0,90742378.0,75767595.0,90597313.5,1622715.604419835,91723811.41666667,6,9,37,0,3,2022
2022-09-25,Kansas,87433217,89581306.0,93112554.0,80457892.0,90015560.75,2299033.6576450723,90926161.66666667,6,9,38,0,3,2022
2022-10-02,Kansas,87253392,87433217.0,92208149.0,83339037.0,88575047.25,1436037.997702317,90448453.58333333,6,10,39,1,4,2022
2022-10-09,Kansas,88764637,87253392.0,88534643.0,81663312.0,88258138.0,1110153.7392004002,90158603.58333333,6,10,40,1,4,2022
2022-10-16,Kansas,85774103,88764637.0,89760228.0,83082913.0,87306337.25,1223830.275294283,89684360.58333333,6,10,41,0,4,2022
2022-10-23,Kansas,84007160,85774103.0,93015446.0,82019286.0,86449823.0,2035295.8050633895,89123092.41666667,6,10,42,0,4,2022
2022-10-30,Kansas,83002733,84007160.0,90032274.0,86725019.0,85387158.25,2526325.9151776554,88280607.33333333,6,10,43,0,4,2022
2022-11-06,Kansas,84389780,83002733.0,89581306.0,86064766.0,84293444.0,1147391.9866889296,87629076.58333333,6,11,44,0,4,2022
2022-11-13,Kansas,83975554,84389780.0,87433217.0,87097621.0,83843806.75,591476.5323106393,87249152.5,6,11,45,0,4,2022
2022-11-20,Kansas,85163591,83975554.0,87253392.0,83057568.0,84132914.5,900064.1611657289,86866099.41666667,6,11,46,0,4,2022
2022-11-27,Kansas,86453163,85163591.0,88764637.0,86997853.0,84995522.0,1089376.3606195196,86319242.5,6,11,47,0,4,2022
2022-12-04,Kansas,82078819,86453163.0,85774103.0,86153843.0,84417781.75,1858791.7580151036,85656454.58333333,6,12,48,0,4,2022
2022-12-11,Kansas,84610185,82078819.0,84007160.0,90747539.0,84576439.5,1835400.4921900914,85242194.5,6,12,49,0,4,2022
2022-12-18,Kansas,87682837,84610185.0,83002733.0,87205384.0,85206251.0,2437511.9378934945,85262996.16666667,6,12,50,0,4,2022
2022-12-25,Kansas,91741790,87682837.0,84389780.0,88373730.0,86528407.75,4162950.8741041943,85637029.33333333,6,12,51,1,4,2022
2023-01-01,Kansas,82286821,91741790.0,83975554.0,90128642.0,86580408.25,4089493.931456663,85097211.33333333,6,1,52,0,1,2023
2023-01-08,Kansas,80180821,82286821.0,85163591.0,92872869.0,85473067.25,5238956.7282255925,84631104.5,6,1,1,0,1,2023
2023-01-15,Kansas,81402484,80180821.0,86453163.0,95907245.0,83902979.0,5296724.144748143,84414048.16666667,6,1,2,0,1,2023
2023-01-22,Kansas,79711319,81402484.0,82078819.0,92862803.0,80895361.25,1169879.9850258993,84139763.66666667,6,1,3,0,1,2023
2023-01-29,Kansas,82211005,79711319.0,84610185.0,97005014.0,80876407.25,1140055.3733149096,83958199.08333333,6,1,4,0,1,2023
2023-02-05,Kansas,82693189,82211005.0,87682837.0,92985889.0,81504499.25,1308693.5236793223,83851335.33333333,6,2,5,0,1,2023
2023-02-12,Kansas,85796601,82693189.0,91741790.0,92242837.0,82603028.5,2498179.3694247864,83904086.16666667,6,2,6,0,1,2023
2023-02-19,Kansas,82138038,85796601.0,82286821.0,91465019.0,83209708.25,1742095.6290168278,83544492.41666667,6,2,7,0,1,2023
2023-02-26,Kansas,84463677,82138038.0,80180821.0,90742378.0,83772876.25,1674424.1001449444,83743230.58333333,6,2,8,0,1,2023
2023-03-05,Kansas,90385105,84463677.0,81402484.0,93112554.0,85695855.25,3472537.0047554863,84224473.91666667,6,3,9,0,1,2023
2023-03-12,Kansas,93010721,90385105.0,79711319.0,92208149.0,87499385.25,5055088.82674903,84668464.25,6,3,10,0,1,2023
2023-03-19,Kansas,92039959,93010721.0,82211005.0,88534643.0,89974865.5,3830688.5765057476,84693311.66666667,6,3,11,0,1,2023
2023-03-26,Kansas,84923537,92039959.0,82693189.0,89760228.0,90089830.5,3610742.2153898356,84913038.0,6,3,12,0,1,2023
2023-04-02,Kansas,88919304,84923537.0,85796601.0,93015446.0,89723380.25,3645004.8080419432,85641244.91666667,6,4,13,0,2,2023
2023-04-09,Kansas,94272251,88919304.0,82138038.0,90032274.0,90038762.75,4055692.771085956,86713725.5,6,4,14,0,2,2023
2023-04-16,Kansas,92228322,94272251.0,84463677.0,89581306.0,90085853.5,4087641.727761901,87756809.08333333,6,4,15,0,2,2023
2023-04-23,Kansas,91618567,92228322.0,90385105.0,87433217.0,91759611.0,2207584.429137111,88540772.58333333,6,4,16,0,2,2023
2023-04-30,Kansas,93432681,91618567.0,93010721.0,87253392.0,92887955.25,1191562.478418515,89435730.25,6,4,17,0,2,2023
2023-05-07,Kansas,94692553,93432681.0,92039959.0,88764637.0,92993030.75,1360832.8691112446,90177059.58333333,6,5,18,0,2,2023
2020-05-03,Kentucky,105113498,98793976.0,108537873.0,106008269.0,101308960.25,2855294.217405306,98765056.0,6,5,18,0,2,2020
2020-05-10,Kentucky,105641997,105113498.0,106471733.0,98289687.0,102256187.5,3621615.193059804,100178544.08333333,6,5,19,0,2,2020
2020-05-17,Kentucky,105373534,105641997.0,93433676.0,94431653.0,103730751.25,3298248.723400473,101513043.16666667,6,5,20,0,2,2020
2020-05-24,Kentucky,111736558,105373534.0,98418689.0,91910509.0,106966396.75,3187418.943643407,102749712.75,6,5,21,0,2,2020
2020-05-31,Kentucky,108405879,111736558.0,101853088.0,92866945.0,107789492.0,2966920.444665017,103604648.33333333,6,5,22,0,2,2020
2020-06-07,Kentucky,112052844,108405879.0,99475279.0,92808301.0,109392203.75,3146296.577535803,103897562.58333333,6,6,23,0,2,2020
2020-06-14,Kentucky,110489789,112052844.0,98793976.0,92285214.0,110671267.5,1654137.9403017138,104232400.58333333,6,6,24,0,2,2020
2020-06-21,Kentucky,108919624,110489789.0,105113498.0,95351247.0,109967034.0,1649055.1626360472,105522896.25,6,6,25,0,2,2020
2020-06-28,Kentucky,109608395,108919624.0,105641997.0,91340443.0,110267663.0,1352535.2249241422,106455371.75,6,6,26,0,2,2020
2020-07-05,Kentucky,118344909,109608395.0,105373534.0,92458439.0,111840679.25,4383513.273417436,107829690.16666667,6,7,27,0,3,2020
2020-07-12,Kentucky,111351523,118344909.0,111736558.0,92535178.0,112056112.75,4315641.66153619,108819377.16666667,6,7,28,0,3,2020
2020-07-19,Kentucky,110998494,111351523.0,108405879.0,97877583.0,112575830.25,3918964.9770745393,109836420.33333333,6,7,29,0,3,2020
2020-07-26,Kentucky,107452067,110998494.0,112052844.0,92581515.0,112036748.25,4559228.726543651,110031301.08333333,6,7,30,0,3,2020
2020-08-02,Kentucky,108364954,107452067.0,110489789.0,91668507.0,109541759.5,1927779.8334533928,110258214.16666667,6,8,31,0,3,2020
2020-08-09,Kentucky,110548963,108364954.0,108919624.0,91660185.0,109341119.5,1705598.0949888492,110689499.91666667,6,8,32,0,3,2020
2020-08-16,Kentucky,110780991,110548963.0,109608395.0,89904459.0,109286743.75,1637244.371843385,110609869.33333333,6,8,33,0,3,2020
2020-08-23,Kentucky,107156718,110780991.0,118344909.0,87337779.0,109212906.5,1750320.9762898511,110505772.58333333,6,8,34,0,3,2020
2020-08-30,Kentucky,106359011,107156718.0,111351523.0,90383282.0,108711420.75,2281126.5355062704,110031286.5,6,8,35,1,3,2020
2020-09-06,Kentucky,108898997,106359011.0,110998494.0,90103077.0,108298929.25,1965421.1755340144,109898720.5,6,9,36,0,3,2020
2020-09-13,Kentucky,108814338,108898997.0,107452067.0,88680140.0,107807266.0,1255219.2152334407,109889946.66666667,6,9,37,0,3,2020
2020-09-20,Kentucky,106393444,108814338.0,108364954.0,89359545.0,107616447.5,1432568.669963708,109622034.08333333,6,9,38,0,3,2020
2020-09-27,Kentucky,102811444,106393444.0,110548963.0,96896523.0,106729555.75,2858750.4940149705,108327578.66666667,6,9,39,0,3,2020
2020-10-04,Kentucky,105812853,102811444.0,110780991.0,98146652.0,105958019.75,2467803.3794290638,107866022.83333333,6,10,40,0,4,2020
2020-10-11,Kentucky,101261775,105812853.0,107156718.0,108537873.0,104069879.0,2443086.8041572464,107054629.58333333,6,10,41,0,4,2020
2020-10-18,Kentucky,100459116,101261775.0,106359011.0,106471733.0,102586297.0,2362245.5649931757,106471883.66666667,6,10,42,0,4,2020
2020-10-25,Kentucky,99021954,100459116.0,108898997.0,93433676.0,101638924.5,2932825.9161319016,105693300.33333333,6,10,43,1,4,2020
2020-11-01,Kentucky,97721872,99021954.0,108814338.0,98418689.0,99616179.25,1566315.351609049,104624376.08333333,6,11,44,0,4,2020
2020-11-08,Kentucky,99884015,97721872.0,106393444.0,101853088.0,99271739.25,1190129.7274132948,103716294.75,6,11,45,0,4,2020
2020-11-15,Kentucky,101550362,99884015.0,102811444.0,99475279.0,99544550.75,1605592.3036340338,103249098.41666667,6,11,46,0,4,2020
2020-11-22,Kentucky,103523877,101550362.0,105812853.0,98793976.0,100670031.5,2465014.016377511,103012837.25,6,11,47,0,4,2020
2020-11-29,Kentucky,98671875,103523877.0,101261775.0,105113498.0,100907532.25,2105883.88718075,102160577.08333333,6,11,48,0,4,2020
2020-12-06,Kentucky,96239479,98671875.0,100459116.0,105641997.0,99996398.25,3200349.6558358814,101112672.16666667,6,12,49,0,4,2020
2020-12-13,Kentucky,98495215,96239479.0,99021954.0,105373534.0,99232611.5,3067679.947163696,100454486.41666667,6,12,50,0,4,2020
2020-12-20,Kentucky,100865902,98495215.0,97721872.0,111736558.0,98568117.75,1890189.6964268365,100292357.91666667,6,12,51,0,4,2020
2020-12-27,Kentucky,99073802,100865902.0,99884015.0,108405879.0,98668599.5,1908141.8475288798,99730770.33333333,6,12,52,0,4,2020
2021-01-03,Kentucky,97850319,99073802.0,101550362.0,112052844.0,99071309.5,1296568.6930809317,99446482.33333333,6,1,53,0,1,2021
2021-01-10,Kentucky,97469454,97850319.0,103523877.0,110489789.0,98814869.25,1529082.6106201212,99197343.83333333,6,1,1,0,1,2021
2021-01-17,Kentucky,99316228,97469454.0,98671875.0,108919624.0,98427450.75,905268.6099279302,99221866.66666667,6,1,2,0,1,2021
2021-01-24,Kentucky,95310488,99316228.0,96239479.0,109608395.0,97486622.25,1654850.1995875163,99020918.0,6,1,3,0,1,2021
2021-01-31,Kentucky,96229501,95310488.0,98495215.0,118344909.0,97081417.75,1732714.951858742,98716375.16666667,6,1,4,0,1,2021
2021-02-07,Kentucky,98295922,96229501.0,100865902.0,111351523.0,97288034.75,1840343.2122281366,98445171.83333333,6,2,5,0,1,2021
2021-02-14,Kentucky,97978469,98295922.0,99073802.0,110998494.0,96953595.0,1423179.6823884388,97983054.5,6,2,6,0,1,2021
2021-02-21,Kentucky,92934125,97978469.0,97850319.0,107452067.0,96359504.25,2457701.1220243005,97504908.66666667,6,2,7,0,1,2021
2021-02-28,Kentucky,99976449,92934125.0,97469454.0,108364954.0,97296241.25,3037343.5798662677,97816322.83333333,6,2,8,0,1,2021
2021-03-07,Kentucky,105832542,99976449.0,99316228.0,110548963.0,99180396.25,5333706.550573579,98427766.75,6,3,9,0,1,2021
2021-03-14,Kentucky,116409590,105832542.0,95310488.0,110780991.0,103788176.5,9930075.68844066,99723074.08333333,6,3,10,0,1,2021
2021-03-21,Kentucky,115326865,116409590.0,96229501.0,107156718.0,109386361.5,7869591.406016805,101077496.0,6,3,11,0,1,2021
2021-03-28,Kentucky,103167420,115326865.0,98295922.0,106359011.0,110184104.25,6667698.574346235,101520587.75,6,3,12,0,1,2021
2021-04-04,Kentucky,108849186,103167420.0,97978469.0,108898997.0,110938265.25,6162940.053196754,102468898.75,6,4,13,0,2,2021
2021-04-11,Kentucky,110300930,108849186.0,92934125.0,108814338.0,109411100.25,5002911.160844934,103384290.58333333,6,4,14,0,2,2021
2021-04-18,Kentucky,107204172,110300930.0,99976449.0,106393444.0,107380427.0,3080426.625223834,104375430.91666667,6,4,15,0,2,2021
2021-04-25,Kentucky,107620403,107204172.0,105832542.0,102811444.0,108493672.75,1392597.1754385682,105324672.75,6,4,16,1,2,2021
2021-05-02,Kentucky,112421502,107620403.0,116409590.0,105812853.0,109386751.75,2444659.0235575764,106501804.41666667,6,5,17,0,2,2021
2021-05-09,Kentucky,112626698,112421502.0,115326865.0,101261775.0,109968193.75,2957380.8151270407,107722490.16666667,6,5,18,0,2,2021
2021-05-16,Kentucky,111966687,112626698.0,103167420.0,100459116.0,111158822.5,2375014.0779625364,109308537.0,6,5,19,0,2,2021
2021-05-23,Kentucky,118306199,111966687.0,108849186.0,99021954.0,113830271.5,2996670.0879436536,110836016.16666667,6,5,20,0,2,2021
2021-05-30,Kentucky,119293343,118306199.0,110300930.0,97721872.0,115548231.75,3785721.5902031343,111957749.58333333,6,5,21,0,2,2021
2021-06-06,Kentucky,118342925,119293343.0,107204172.0,99884015.0,116977288.5,3371508.1692478373,112118860.83333333,6,6,22,0,2,2021
2021-06-13,Kentucky,120608753,118342925.0,107620403.0,101550362.0,119137805.0,1081863.029189881,112559018.16666667,6,6,23,0,2,2021
2021-06-20,Kentucky,123091896,120608753.0,112421502.0,103523877.0,120334229.25,2059840.2846561077,114219391.16666667,6,6,24,0,2,2021
2021-06-27,Kentucky,117190358,123091896.0,112626698.0,98671875.0,119808483.0,2609193.4749048227,114914488.83333333,6,6,25,0,2,2021
2021-07-04,Kentucky,125646304,117190358.0,111966687.0,96239479.0,121634327.75,3606527.847331118,116193270.0,6,7,26,0,3,2021
2021-07-11,Kentucky,118579601,125646304.0,118306199.0,98495215.0,121127039.75,3927311.0746105695,117141222.41666667,6,7,27,0,3,2021
2021-07-18,Kentucky,117990161,118579601.0,119293343.0,100865902.0,119851606.0,3904857.660092864,118005368.91666667,6,7,28,0,3,2021
2021-07-25,Kentucky,118148968,117990161.0,118342925.0,99073802.0,120091258.5,3711726.552215862,118482657.75,6,7,29,0,3,2021
2021-08-01,Kentucky,117300344,118148968.0,120608753.0,97850319.0,118004768.5,531555.3135572346,118872128.25,6,8,30,0,3,2021
2021-08-08,Kentucky,119557385,117300344.0,123091896.0,97469454.0,118249214.5,946717.7262283245,119504686.41666667,6,8,31,0,3,2021
2021-08-15,Kentucky,120277717,119557385.0,117190358.0,99316228.0,118821103.5,1345152.8937664519,119668979.58333333,6,8,32,1,3,2021
2021-08-22,Kentucky,117423059,120277717.0,125646304.0,95310488.0,118639626.25,1505471.714267052,119513122.58333333,6,8,33,0,3,2021
2021-08-29,Kentucky,120550385,117423059.0,118579601.0,96229501.0,119452136.5,1416093.8854810873,119697077.58333333,6,8,34,0,3,2021
2021-09-05,Kentucky,119446257,120550385.0,117990161.0,98295922.0,119424354.5,1414429.8782151022,119600202.91666667,6,9,35,0,3,2021
2021-09-12,Kentucky,115777033,119446257.0,118148968.0,97978469.0,118299183.5,2122304.0225310754,118990631.0,6,9,36,0,3,2021
2021-09-19,Kentucky,115075277,115777033.0,117300344.0,92934125.0,117712238.0,2693231.1445248406,118814374.25,6,9,37,0,3,2021
2021-09-26,Kentucky,109298752,115075277.0,119557385.0,99976449.0,114899329.75,4196917.0820349585,117452078.25,6,9,38,0,3,2021
2021-10-03,Kentucky,163410999,109298752.0,120277717.0,105832542.0,125890515.25,25181509.15654443,121188028.08333333,6,10,39,0,4,2021
2021-10-10,Kentucky,160624310,163410999.0,117423059.0,116409590.0,137102334.5,28888634.56527943,124740873.83333333,6,10,40,0,4,2021
2021-10-17,Kentucky,158469038,160624310.0,120550385.0,115326865.0,147950774.75,25847306.46222219,128100879.66666667,6,10,41,0,4,2021
2021-10-24,Kentucky,154857048,158469038.0,119446257.0,103167420.0,159340348.75,3609151.2385112736,131230605.0,6,10,42,0,4,2021
2021-10-31,Kentucky,152099528,154857048.0,115777033.0,108849186.0,156512481.0,3783731.21037897,133942450.25,6,10,43,0,4,2021
2021-11-07,Kentucky,154353903,152099528.0,115075277.0,110300930.0,154944879.25,2637719.0833254973,136782132.41666666,6,11,44,0,4,2021
2021-11-14,Kentucky,157931326,154353903.0,109298752.0,107204172.0,154810451.25,2401358.756639423,140157821.33333334,6,11,45,0,4,2021
2021-11-21,Kentucky,162353803,157931326.0,163410999.0,107620403.0,156684640.0,4477693.681605808,143641439.5,6,11,46,0,4,2021
2021-11-28,Kentucky,149030290,162353803.0,160624310.0,112421502.0,155917330.5,5637966.196944685,146106775.58333334,6,11,47,0,4,2021
2021-12-05,Kentucky,150843600,149030290.0,158469038.0,112626698.0,155039754.75,6206928.047609232,149028989.5,6,12,48,0,4,2021
2021-12-12,Kentucky,153606722,150843600.0,154857048.0,111966687.0,153958603.75,5904651.160854366,152239943.25,6,12,49,0,4,2021
2021-12-19,Kentucky,160380710,153606722.0,152099528.0,118306199.0,153465330.5,4979475.214536926,156496773.08333334,6,12,50,0,4,2021
2021-12-26,Kentucky,154868195,160380710.0,154353903.0,119293343.0,154924806.75,4006814.2419311297,155784872.75,6,12,51,0,4,2021
2022-01-02,Kentucky,150002540,154868195.0,157931326.0,118342925.0,154714541.75,4303459.734099081,154899725.25,6,1,52,0,1,2022
2022-01-09,Kentucky,150103193,150002540.0,162353803.0,120608753.0,153838659.5,4916905.899757579,154202571.5,6,1,1,0,1,2022
2022-01-16,Kentucky,156262856,150103193.0,149030290.0,123091896.0,152809196.0,3233523.074292479,154319722.16666666,6,1,2,0,1,2022
2022-01-23,Kentucky,144556709,156262856.0,150843600.0,117190358.0,150231324.5,4783631.58200492,153691153.91666666,6,1,3,0,1,2022
2022-01-30,Kentucky,147313253,144556709.0,153606722.0,125646304.0,149559002.75,5010127.281372014,153104433.08333334,6,1,4,0,1,2022
2022-02-06,Kentucky,153560694,147313253.0,160380710.0,118579601.0,150423378.0,5417039.094915403,152740213.75,6,2,5,0,1,2022
2022-02-13,Kentucky,152843859,153560694.0,154868195.0,117990161.0,149568628.75,4353916.914874868,151947718.41666666,6,2,6,0,1,2022
2022-02-20,Kentucky,145625624,152843859.0,150002540.0,118148968.0,149835857.5,3958622.637722903,151663996.25,6,2,7,0,1,2022
2022-02-27,Kentucky,156479216,145625624.0,150103193.0,117300344.0,152127348.25,4610822.010243456,152133630.91666666,6,2,8,0,1,2022
2022-03-06,Kentucky,160721353,156479216.0,156262856.0,119557385.0,153917513.0,6396945.028835919,152726516.83333334,6,3,9,0,1,2022
2022-03-13,Kentucky,161981216,160721353.0,144556709.0,120277717.0,156201852.25,7433269.066164104,152859892.33333334,6,3,10,0,1,2022
2022-03-20,Kentucky,163477369,161981216.0,147313253.0,117423059.0,160664788.5,3009197.40834401,153577323.5,6,3,11,0,1,2022
2022-03-27,Kentucky,164099533,163477369.0,153560694.0,120550385.0,162569867.75,1519534.1346999102,154752072.91666666,6,3,12,0,1,2022
2022-04-03,Kentucky,166881514,164099533.0,152843859.0,119446257.0,164109908.0,2050474.9593891508,156150266.33333334,6,4,13,0,2,2022
2022-04-10,Kentucky,167126414,166881514.0,145625624.0,115777033.0,165396207.5,1876437.7491776645,157055562.83333334,6,4,14,0,2,2022
2022-04-17,Kentucky,169953128,167126414.0,156479216.0,115075277.0,167015147.25,2391845.5550289,159171931.08333334,6,4,15,0,2,2022
2022-04-24,Kentucky,164162639,169953128.0,160721353.0,109298752.0,167030923.75,2366275.3254176015,160576046.58333334,6,4,16,0,2,2022
2022-05-01,Kentucky,171664151,164162639.0,161981216.0,163410999.0,168226583.0,3292610.112324556,162084668.0,6,5,17,0,2,2022
2022-05-08,Kentucky,170241063,171664151.0,163477369.0,160624310.0,169005245.25,3313927.292447463,163534435.0,6,5,18,0,2,2022
2022-05-15,Kentucky,172918709,170241063.0,164099533.0,158469038.0,169746640.5,3880051.1786491834,165808858.75,6,5,19,0,2,2022
2022-05-22,Kentucky,180195378,172918709.0,166881514.0,154857048.0,173754825.25,4430848.454422861,167785205.58333334,6,5,20,0,2,2022
2022-05-29,Kentucky,175426519,180195378.0,167126414.0,152099528.0,174695417.25,4234069.831360225,169010636.08333334,6,5,21,0,2,2022
2022-06-05,Kentucky,175125576,175426519.0,169953128.0,154353903.0,175916545.5,3063831.4773292528,170105999.41666666,6,6,22,0,2,2022
2022-06-12,Kentucky,173551981,175125576.0,164162639.0,157931326.0,176074863.5,2867349.135924019,170945550.41666666,6,6,23,0,2,2022
2022-06-19,Kentucky,181679225,173551981.0,171664151.0,162353803.0,176445825.25,3584450.2507345257,172410524.75,6,6,24,0,2,2022
2022-06-26,Kentucky,178023500,181679225.0,170241063.0,149030290.0,177095070.5,3573459.836390155,173339023.58333334,6,6,25,0,2,2022
2022-07-03,Kentucky,188779241,178023500.0,172918709.0,150843600.0,180508486.75,6438015.61847967,175143425.83333334,6,7,26,0,3,2022
2022-07-10,Kentucky,177231551,188779241.0,180195378.0,153606722.0,181428379.25,5269556.025731975,175749961.08333334,6,7,27,1,3,2022
2022-07-17,Kentucky,176803762,177231551.0,175426519.0,160380710.0,180209513.5,5735453.727404566,176803388.0,6,7,28,0,3,2022
2022-07-24,Kentucky,175521543,176803762.0,175125576.0,154868195.0,179584024.25,6173053.095425378,177124837.33333334,6,7,29,0,3,2022
2022-07-31,Kentucky,176939927,175521543.0,173551981.0,150002540.0,176624195.75,756450.8680124793,177683076.0,6,7,30,0,3,2022
2022-08-07,Kentucky,182657159,176939927.0,181679225.0,150103193.0,177980597.75,3182510.1927505014,178494613.5,6,8,31,0,3,2022
2022-08-14,Kentucky,182433637,182657159.0,178023500.0,156262856.0,179388066.5,3692598.7430506945,178681135.08333334,6,8,32,0,3,2022
2022-08-21,Kentucky,178715627,182433637.0,188779241.0,144556709.0,180186587.5,2820016.795865037,178955227.41666666,6,8,33,0,3,2022
2022-08-28,Kentucky,180785746,178715627.0,177231551.0,147313253.0,181148042.25,1823740.6383177144,179426908.25,6,8,34,0,3,2022
2022-09-04,Kentucky,183658226,180785746.0,176803762.0,153560694.0,181398309.0,2140961.237121133,180269095.33333334,6,9,35,0,3,2022
2022-09-11,Kentucky,177213325,183658226.0,175521543.0,152843859.0,180093231.0,2791679.1676278347,179896937.0,6,9,36,0,3,2022
2022-09-18,Kentucky,176248303,177213325.0,176939927.0,145625624.0,179476400.0,3403144.3469741205,179749003.91666666,6,9,37,0,3,2022
2022-09-25,Kentucky,175430228,176248303.0,182657159.0,156479216.0,178137520.5,3751928.481141966,178636586.16666666,6,9,38,0,3,2022
2022-10-02,Kentucky,176005999,175430228.0,182433637.0,160721353.0,176224463.75,743180.5871080006,178534456.83333334,6,10,39,1,4,2022
2022-10-09,Kentucky,169675964,176005999.0,178715627.0,161981216.0,174340123.5,3128311.6771447654,177940473.66666666,6,10,40,1,4,2022
2022-10-16,Kentucky,169028833,169675964.0,180785746.0,163477369.0,172535256.0,3692220.3278888,177399414.5,6,10,41,0,4,2022
2022-10-23,Kentucky,164783227,169028833.0,183658226.0,164099533.0,169873505.75,4628567.309351158,176386356.16666666,6,10,42,0,4,2022
2022-10-30,Kentucky,161908388,164783227.0,177213325.0,166881514.0,166349103.0,3670643.646774682,174657291.91666666,6,10,43,0,4,2022
2022-11-06,Kentucky,163543172,161908388.0,176248303.0,167126414.0,164815905.0,3045397.3238011743,173083086.5,6,11,44,0,4,2022
2022-11-13,Kentucky,164839821,163543172.0,175430228.0,169953128.0,163768652.0,1376976.0149547548,171926769.33333334,6,11,45,0,4,2022
2022-11-20,Kentucky,165319823,164839821.0,176005999.0,164162639.0,163902801.0,1526758.4464144972,170637942.41666666,6,11,46,0,4,2022
2022-11-27,Kentucky,163202264,165319823.0,169675964.0,171664151.0,164226270.0,1014480.8457284967,168933278.91666666,6,11,47,0,4,2022
2022-12-04,Kentucky,156960935,163202264.0,169028833.0,170241063.0,162580710.75,3854630.244378347,167245579.75,6,12,48,0,4,2022
2022-12-11,Kentucky,159951955,156960935.0,164783227.0,172918709.0,161358744.25,3670081.38536658,165887550.75,6,12,49,0,4,2022
2022-12-18,Kentucky,167654027,159951955.0,161908388.0,180195378.0,161942295.25,4582095.77544253,165239534.0,6,12,50,0,4,2022
2022-12-25,Kentucky,171908926,167654027.0,163543172.0,175426519.0,164118960.75,6874627.784985717,164898111.25,6,12,51,1,4,2022
2023-01-01,Kentucky,154450235,171908926.0,164839821.0,175125576.0,163491285.75,7798558.476086953,163629300.5,6,1,52,0,1,2023
2023-01-08,Kentucky,155431103,154450235.0,165319823.0,173551981.0,162361072.75,8751813.164879395,162496156.33333334,6,1,1,0,1,2023
2023-01-15,Kentucky,159888962,155431103.0,163202264.0,181679225.0,160419806.5,8016745.1681461735,162088300.91666666,6,1,2,0,1,2023
2023-01-22,Kentucky,151381165,159888962.0,156960935.0,178023500.0,155287866.25,3519211.0685467944,161211032.33333334,6,1,3,0,1,2023
2023-01-29,Kentucky,152849459,151381165.0,159951955.0,188779241.0,154887672.25,3730867.7493883735,160319889.58333334,6,1,4,0,1,2023
2023-02-05,Kentucky,159539414,152849459.0,167654027.0,177231551.0,155914750.0,4430272.828346131,159878189.0,6,2,5,0,1,2023
2023-02-12,Kentucky,161038287,159539414.0,171908926.0,176803762.0,156202081.25,4796109.026466657,159521394.33333334,6,2,6,0,1,2023
2023-02-19,Kentucky,162073335,161038287.0,154450235.0,175521543.0,158875123.75,4149608.3213324584,159427316.91666666,6,2,7,0,1,2023
2023-02-26,Kentucky,163522695,162073335.0,155431103.0,176939927.0,161543432.75,1680232.0105593384,159974130.25,6,2,8,0,1,2023
2023-03-05,Kentucky,172605245,163522695.0,159888962.0,182657159.0,164809890.5,5295852.244970683,161028571.08333334,6,3,9,0,1,2023
2023-03-12,Kentucky,182420654,172605245.0,151381165.0,182433637.0,170155482.25,9411885.154114645,162259123.33333334,6,3,10,0,1,2023
2023-03-19,Kentucky,176332061,182420654.0,152849459.0,178715627.0,173720163.75,7911003.951484938,162627717.91666666,6,3,11,0,1,2023
2023-03-26,Kentucky,163351236,176332061.0,159539414.0,180785746.0,173677299.0,7984795.86029086,163369468.0,6,3,12,0,1,2023
2023-04-02,Kentucky,169379033,163351236.0,161038287.0,183658226.0,172870746.0,8286426.142637492,164531795.5,6,4,13,0,2,2023
2023-04-09,Kentucky,173760111,169379033.0,162073335.0,177213325.0,170705610.25,5681359.892467266,165687724.58333334,6,4,14,0,2,2023
2023-04-16,Kentucky,174619209,173760111.0,163522695.0,176248303.0,170277397.25,5156206.367849558,167624228.25,6,4,15,0,2,2023
2023-04-23,Kentucky,175063639,174619209.0,172605245.0,175430228.0,173205498.0,2607725.493183432,169475409.91666666,6,4,16,0,2,2023
2023-04-30,Kentucky,177480411,175063639.0,182420654.0,176005999.0,175230842.5,1594329.7578208488,170970493.0,6,4,17,0,2,2023
2023-05-07,Kentucky,182477460,177480411.0,176332061.0,169675964.0,177410179.75,3604535.6972978245,172757090.75,6,5,18,0,2,2023
2020-05-03,Louisiana,109850443,102360002.0,121196145.0,110909955.0,104287523.25,3716330.3630338022,103465702.16666667,6,5,18,0,2,2020
2020-05-10,Louisiana,110854351,109850443.0,111529227.0,109354747.0,106312096.75,4683858.114037075,104849661.91666667,6,5,19,0,2,2020
2020-05-17,Louisiana,109640846,110854351.0,97224312.0,100499699.0,108176410.5,3913605.7246963927,106255788.66666667,6,5,20,0,2,2020
2020-05-24,Louisiana,114631357,109640846.0,102909681.0,94643764.0,111244249.25,2319347.422596345,107451319.91666667,6,5,21,0,2,2020
2020-05-31,Louisiana,109870801,114631357.0,102756057.0,98130561.0,111249338.75,2315288.176517193,107917234.41666667,6,5,22,0,2,2020
2020-06-07,Louisiana,117541818,109870801.0,102183591.0,99092392.0,112921205.5,3844494.075556592,107612707.16666667,6,6,23,0,2,2020
2020-06-14,Louisiana,113522143,117541818.0,102360002.0,97123839.0,113891529.75,3171469.423893964,107778783.5,6,6,24,0,2,2020
2020-06-21,Louisiana,115258588,113522143.0,109850443.0,98028446.0,114048337.5,3235109.690942652,109281639.83333333,6,6,25,0,2,2020
2020-06-28,Louisiana,107808978,115258588.0,110854351.0,94697655.0,113532881.75,4155832.1019128826,109689914.58333333,6,6,26,0,2,2020
2020-07-05,Louisiana,120137016,107808978.0,109640846.0,96719430.0,114181681.25,5088289.743732725,111138327.83333333,6,7,27,0,3,2020
2020-07-12,Louisiana,120242882,120137016.0,114631357.0,96959218.0,115861866.0,5850446.085572855,112643268.75,6,7,28,0,3,2020
2020-07-19,Louisiana,107757841,120242882.0,109870801.0,100853710.0,113986679.25,7163079.730265537,113093088.66666667,6,7,29,0,3,2020
2020-07-26,Louisiana,105961502,107757841.0,117541818.0,90497589.0,113524810.25,7731220.665445723,112769010.25,6,7,30,0,3,2020
2020-08-02,Louisiana,109735019,105961502.0,113522143.0,89999954.0,110924311.0,6400681.900513577,112675732.58333333,6,8,31,0,3,2020
2020-08-09,Louisiana,119096376,109735019.0,115258588.0,95317538.0,110637684.5,5845923.031049397,113463693.41666667,6,8,32,0,3,2020
2020-08-16,Louisiana,117135983,119096376.0,107808978.0,93011764.0,112982220.0,6177147.297969356,113672412.25,6,8,33,0,3,2020
2020-08-23,Louisiana,117579801,117135983.0,120137016.0,88883700.0,115886794.75,4186187.5306423767,114314828.91666667,6,8,34,0,3,2020
2020-08-30,Louisiana,113353059,117579801.0,120242882.0,93133151.0,116791304.75,2440998.2068310454,113965765.66666667,6,8,35,1,3,2020
2020-09-06,Louisiana,123030206,113353059.0,107757841.0,94376733.0,117774762.25,3984017.9659780287,114758104.25,6,9,36,0,3,2020
2020-09-13,Louisiana,116867036,123030206.0,105961502.0,94246834.0,117707525.5,4000626.7155790054,114892141.58333333,6,9,37,0,3,2020
2020-09-20,Louisiana,110526069,116867036.0,109735019.0,92767325.0,115944092.5,5389287.599295147,115118565.83333333,6,9,38,0,3,2020
2020-09-27,Louisiana,106003069,110526069.0,119096376.0,100284982.0,114106595.0,7432769.063705987,113940736.91666667,6,9,39,0,3,2020
2020-10-04,Louisiana,117294523,106003069.0,117135983.0,104279827.0,112672674.25,5417431.883832507,113695040.33333333,6,10,40,0,4,2020
2020-10-11,Louisiana,113938298,117294523.0,117579801.0,121196145.0,111940489.75,4827368.540120489,114210078.41666667,6,10,41,0,4,2020
2020-10-18,Louisiana,104986484,113938298.0,113353059.0,111529227.0,110555593.5,6016541.655757104,114128826.91666667,6,10,42,0,4,2020
2020-10-25,Louisiana,103272852,104986484.0,123030206.0,97224312.0,109873039.25,6807976.784682585,113590313.0,6,10,43,1,4,2020
2020-11-01,Louisiana,104994962,103272852.0,116867036.0,102909681.0,106798149.0,4828493.902850877,112415195.16666667,6,11,44,0,4,2020
2020-11-08,Louisiana,107041449,104994962.0,110526069.0,102756057.0,105073936.75,1541524.756553609,111573984.0,6,11,45,0,4,2020
2020-11-15,Louisiana,103533351,107041449.0,106003069.0,102183591.0,104710653.5,1728848.6839417387,110403446.5,6,11,46,0,4,2020
2020-11-22,Louisiana,107565398,103533351.0,117294523.0,102360002.0,105783790.0,1865704.382822587,109921141.41666667,6,11,47,0,4,2020
2020-11-29,Louisiana,99539467,107565398.0,113938298.0,109850443.0,104419916.25,3713546.0242755846,107963579.83333333,6,11,48,0,4,2020
2020-12-06,Louisiana,100212642,99539467.0,104986484.0,110854351.0,102712714.5,3676132.1892181393,106575713.66666667,6,12,49,0,4,2020
2020-12-13,Louisiana,103283351,100212642.0,103272852.0,109640846.0,102650214.5,3659617.4830992585,105972153.83333333,6,12,50,0,4,2020
2020-12-20,Louisiana,103692118,103283351.0,104994962.0,114631357.0,101681894.5,2109846.751374552,105779574.58333333,6,12,51,0,4,2020
2020-12-27,Louisiana,96683773,103692118.0,107041449.0,109870801.0,100967971.0,3250991.4294695933,104062012.08333333,6,12,52,0,4,2020
2021-01-03,Louisiana,96612059,96683773.0,103533351.0,117541818.0,100067825.25,3952603.9430559776,102618158.83333333,6,1,53,0,1,2021
2021-01-10,Louisiana,103409390,96612059.0,107565398.0,113522143.0,100099335.0,3987133.9524414544,102486734.33333333,6,1,1,0,1,2021
2021-01-17,Louisiana,99444705,103409390.0,99539467.0,115258588.0,99037481.75,3199064.0776016037,102167722.08333333,6,1,2,0,1,2021
2021-01-24,Louisiana,95771377,99444705.0,100212642.0,107808978.0,98809382.75,3445838.633324985,101399090.0,6,1,3,0,1,2021
2021-01-31,Louisiana,96830454,95771377.0,103283351.0,120137016.0,98863981.5,3400853.5645237286,100548173.75,6,1,4,0,1,2021
2021-02-07,Louisiana,103625081,96830454.0,103692118.0,120242882.0,98917904.25,3497290.10650432,100555817.91666667,6,2,5,0,1,2021
2021-02-14,Louisiana,101323999,103625081.0,96683773.0,107757841.0,99387727.75,3711331.7779617873,100035701.33333333,6,2,6,0,1,2021
2021-02-21,Louisiana,93576882,101323999.0,96612059.0,105961502.0,98839104.0,4502071.160600724,99538819.25,6,2,7,0,1,2021
2021-02-28,Louisiana,105990169,93576882.0,103409390.0,109735019.0,101129032.75,5383118.529153802,100020279.83333333,6,2,8,0,1,2021
2021-03-07,Louisiana,110243755,105990169.0,99444705.0,119096376.0,102783701.25,7137461.937913807,100600313.5,6,3,9,0,1,2021
2021-03-14,Louisiana,129302802,110243755.0,95771377.0,117135983.0,109778402.0,14812817.741709353,102734537.16666667,6,3,10,0,1,2021
2021-03-21,Louisiana,119445818,129302802.0,96830454.0,117579801.0,116245636.0,10359020.669782288,104631374.25,6,3,11,0,1,2021
2021-03-28,Louisiana,102299326,119445818.0,103625081.0,113353059.0,115322925.25,11659721.357823819,105105313.16666667,6,3,12,0,1,2021
2021-04-04,Louisiana,111799498,102299326.0,101323999.0,123030206.0,115711861.0,11458021.811716657,105804488.83333333,6,4,13,0,2,2021
2021-04-11,Louisiana,109647914,111799498.0,93576882.0,116867036.0,110798139.0,7055444.986994463,106654756.25,6,4,14,0,2,2021
2021-04-18,Louisiana,106648614,109647914.0,105990169.0,110526069.0,107598838.0,4116309.4302905146,107561192.66666667,6,4,15,0,2,2021
2021-04-25,Louisiana,111133389,106648614.0,110243755.0,106003069.0,109807353.75,2289837.4061026406,108753103.91666667,6,4,16,1,2,2021
2021-05-02,Louisiana,115298735,111133389.0,129302802.0,117294523.0,110682163.0,3598866.9727967554,109725908.41666667,6,5,17,0,2,2021
2021-05-09,Louisiana,119514121,115298735.0,119445818.0,113938298.0,113148714.75,5521287.031170437,111241751.91666667,6,5,18,0,2,2021
2021-05-16,Louisiana,115508714,119514121.0,102299326.0,104986484.0,115363739.75,3422804.655983285,113069404.58333333,6,5,19,0,2,2021
2021-05-23,Louisiana,115983095,115508714.0,111799498.0,103272852.0,116576166.25,1979444.0739031201,113902148.41666667,6,5,20,0,2,2021
2021-05-30,Louisiana,117946581,115983095.0,109647914.0,104994962.0,117238127.75,1848245.1500222702,114544050.58333333,6,5,21,0,2,2021
2021-06-06,Louisiana,121498262,117946581.0,106648614.0,107041449.0,117734163.0,2722279.992992993,113893672.25,6,6,22,0,2,2021
2021-06-13,Louisiana,121378724,121498262.0,111133389.0,103533351.0,119201665.5,2704833.4737308575,114054747.75,6,6,23,0,2,2021
2021-06-20,Louisiana,127441197,121378724.0,115298735.0,107565398.0,122066191.0,3943645.955934088,116149903.66666667,6,6,24,0,2,2021
2021-06-27,Louisiana,113377115,127441197.0,119514121.0,99539467.0,120923824.5,5772517.664983881,116281371.75,6,6,25,0,2,2021
2021-07-04,Louisiana,125522125,113377115.0,115508714.0,100212642.0,121929790.25,6237852.22823408,117604222.66666667,6,7,26,0,3,2021
2021-07-11,Louisiana,117870621,125522125.0,115983095.0,103283351.0,121052764.5,6578472.101926071,118539389.91666667,6,7,27,0,3,2021
2021-07-18,Louisiana,122116303,117870621.0,117946581.0,103692118.0,119721541.0,5261790.1229390185,119454632.75,6,7,28,0,3,2021
2021-07-25,Louisiana,118351246,122116303.0,121498262.0,96683773.0,120965073.75,3582353.891406904,119709008.66666667,6,7,29,0,3,2021
2021-08-01,Louisiana,120506481,118351246.0,121378724.0,96612059.0,119711162.75,1970972.5383996423,119791705.33333333,6,8,30,0,3,2021
2021-08-08,Louisiana,128188335,120506481.0,127441197.0,103409390.0,122290591.25,4223554.905432332,120848340.41666667,6,8,31,0,3,2021
2021-08-15,Louisiana,127627599,128188335.0,113377115.0,99444705.0,123668415.25,4979120.656875487,121818715.75,6,8,32,1,3,2021
2021-08-22,Louisiana,130957347,127627599.0,125522125.0,95771377.0,126819940.5,4453564.8329787385,122902946.25,6,8,33,0,3,2021
2021-08-29,Louisiana,128868690,130957347.0,117870621.0,96830454.0,128910492.75,1455871.7869744531,123517148.58333333,6,8,34,0,3,2021
2021-09-05,Louisiana,120514382,128868690.0,122116303.0,103625081.0,126992004.5,4531720.174839896,123445120.08333333,6,9,35,0,3,2021
2021-09-12,Louisiana,121134945,120514382.0,118351246.0,101323999.0,125368841.0,5322029.370341538,122919599.08333333,6,9,36,0,3,2021
2021-09-19,Louisiana,115984166,121134945.0,120506481.0,93576882.0,121625545.75,5346764.694193821,123136853.33333333,6,9,37,0,3,2021
2021-09-26,Louisiana,113668155,115984166.0,128188335.0,105990169.0,117825412.0,3598913.7683266713,122149022.5,6,9,38,0,3,2021
2021-10-03,Louisiana,173218605,113668155.0,127627599.0,110243755.0,131001467.75,28317238.751341738,126761354.5,6,10,39,0,4,2021
2021-10-10,Louisiana,177059756,173218605.0,130957347.0,129302802.0,144982670.5,34869851.13962519,131339975.58333333,6,10,40,0,4,2021
2021-10-17,Louisiana,168011334,177059756.0,128868690.0,119445818.0,157989462.5,29779294.16184741,135478316.25,6,10,41,0,4,2021
2021-10-24,Louisiana,163730358,168011334.0,120514382.0,102299326.0,170505013.25,5843589.726146635,139080306.0,6,10,42,0,4,2021
2021-10-31,Louisiana,164478871,163730358.0,121134945.0,111799498.0,168320079.75,6118215.8427779535,142104517.33333334,6,10,43,0,4,2021
2021-11-07,Louisiana,163231952,164478871.0,115984166.0,109647914.0,164863128.75,2160459.6329145296,145071546.75,6,11,44,0,4,2021
2021-11-14,Louisiana,162728719,163231952.0,113668155.0,106648614.0,163542475.0,746270.9185389272,147719161.08333334,6,11,45,0,4,2021
2021-11-21,Louisiana,162507492,162728719.0,173218605.0,111133389.0,163236758.5,881816.3691460582,150522394.58333334,6,11,46,0,4,2021
2021-11-28,Louisiana,149328484,162507492.0,177059756.0,115298735.0,159449161.75,6753924.781659268,152923569.75,6,11,47,0,4,2021
2021-12-05,Louisiana,155559149,149328484.0,168011334.0,119514121.0,157530961.0,6401854.432360432,155792253.41666666,6,12,48,0,4,2021
2021-12-12,Louisiana,159058610,155559149.0,163730358.0,115508714.0,156613433.75,5624376.076273276,159381790.41666666,6,12,49,0,4,2021
2021-12-19,Louisiana,161572466,159058610.0,164478871.0,115983095.0,156379677.25,5308305.7102068355,163373816.33333334,6,12,50,0,4,2021
2021-12-26,Louisiana,152224240,161572466.0,163231952.0,117946581.0,157103616.25,4081923.9877783735,161624285.91666666,6,12,51,0,4,2021
2022-01-02,Louisiana,148960742,152224240.0,162728719.0,121498262.0,155454014.5,5860107.750902984,159282701.41666666,6,1,52,0,1,2022
2022-01-09,Louisiana,155342817,148960742.0,162507492.0,121378724.0,154525066.25,5372462.66676197,158226991.66666666,6,1,1,0,1,2022
2022-01-16,Louisiana,156687248,155342817.0,149328484.0,127441197.0,153303761.75,3446394.8929330683,157640065.83333334,6,1,2,0,1,2022
2022-01-23,Louisiana,149990486,156687248.0,155559149.0,113377115.0,152745323.25,3838312.4776300425,156432700.41666666,6,1,3,0,1,2022
2022-01-30,Louisiana,149359134,149990486.0,159058610.0,125522125.0,152844921.25,3710411.9888200834,155276632.25,6,1,4,0,1,2022
2022-02-06,Louisiana,157396925,149359134.0,161572466.0,117870621.0,153358448.25,4271139.0527418405,154832316.08333334,6,2,5,0,1,2022
2022-02-13,Louisiana,157276015,157396925.0,152224240.0,122116303.0,153505640.0,4431239.33919179,154396359.66666666,6,2,6,0,1,2022
2022-02-20,Louisiana,148218415,157276015.0,148960742.0,118351246.0,153062622.25,4957184.277835265,154303853.91666666,6,2,7,0,1,2022
2022-02-27,Louisiana,166316041,148218415.0,155342817.0,120506481.0,157301849.0,7388597.915855496,155200261.58333334,6,2,8,0,1,2022
2022-03-06,Louisiana,167521896,166316041.0,156687248.0,128188335.0,159833091.75,8992324.491573824,155905535.41666666,6,3,9,0,1,2022
2022-03-13,Louisiana,165907039,167521896.0,149990486.0,127627599.0,161990847.75,9207175.628344148,156266749.83333334,6,3,10,0,1,2022
2022-03-20,Louisiana,167508573,165907039.0,149359134.0,130957347.0,166813387.25,827463.6585166941,157540444.25,6,3,11,0,1,2022
2022-03-27,Louisiana,164240358,167508573.0,157396925.0,128868690.0,166294466.5,1565258.1861939754,158813745.58333334,6,3,12,0,1,2022
2022-04-03,Louisiana,171748523,164240358.0,157276015.0,120514382.0,167351123.25,3220980.9451356833,160180887.75,6,4,13,0,2,2022
2022-04-10,Louisiana,174670882,171748523.0,148218415.0,121134945.0,169542084.0,4597695.3484589355,161679523.91666666,6,4,14,0,2,2022
2022-04-17,Louisiana,169258764,174670882.0,166316041.0,115984166.0,169979631.75,4419491.624341784,163285213.75,6,4,15,0,2,2022
2022-04-24,Louisiana,166594559,169258764.0,167521896.0,113668155.0,170568182.0,3451067.825622228,164721499.16666666,6,4,16,0,2,2022
2022-05-01,Louisiana,174211278,166594559.0,165907039.0,173218605.0,171183870.75,3919704.9401098015,166122695.25,6,5,17,0,2,2022
2022-05-08,Louisiana,180020154,174211278.0,167508573.0,177059756.0,172521188.75,5912112.903090614,168018040.16666666,6,5,18,0,2,2022
2022-05-15,Louisiana,181429033,180020154.0,164240358.0,168011334.0,175563756.0,6746274.255380445,170785591.66666666,6,5,19,0,2,2022
2022-05-22,Louisiana,178706788,181429033.0,171748523.0,163730358.0,178591813.25,3124755.002531217,171818153.91666666,6,5,20,0,2,2022
2022-05-29,Louisiana,179804432,178706788.0,174670882.0,164478871.0,179990101.75,1118450.3739492483,172841698.58333334,6,5,21,0,2,2022
2022-06-05,Louisiana,179757689,179804432.0,169258764.0,163231952.0,179924485.5,1123785.9073296082,173995919.41666666,6,6,22,0,2,2022
2022-06-12,Louisiana,186536877,179757689.0,166594559.0,162728719.0,181201446.5,3592873.7283670264,175581611.41666666,6,6,23,0,2,2022
2022-06-19,Louisiana,187019146,186536877.0,174211278.0,162507492.0,183279536.0,4044531.59400059,177479843.75,6,6,24,0,2,2022
2022-06-26,Louisiana,179657907,187019146.0,180020154.0,149328484.0,183242904.75,4086938.089961139,178138959.08333334,6,6,25,0,2,2022
2022-07-03,Louisiana,186831003,179657907.0,181429033.0,155559149.0,185011233.25,3574398.147263469,179152302.5,6,7,26,0,3,2022
2022-07-10,Louisiana,185262751,186831003.0,178706788.0,159058610.0,184692701.75,3447646.02814556,180485968.08333334,6,7,27,1,3,2022
2022-07-17,Louisiana,175186925,185262751.0,179804432.0,161572466.0,181734646.5,5341843.462402467,181201998.58333334,6,7,28,0,3,2022
2022-07-24,Louisiana,179277668,175186925.0,179757689.0,152224240.0,181639586.75,5394244.639884181,181624197.75,6,7,29,0,3,2022
2022-07-31,Louisiana,181707227,179277668.0,186536877.0,148960742.0,180358642.75,4234151.945898557,181764787.16666666,6,7,30,0,3,2022
2022-08-07,Louisiana,190762050,181707227.0,187019146.0,155342817.0,181733467.5,6593030.674170361,182542538.58333334,6,8,31,0,3,2022
2022-08-14,Louisiana,190112553,190762050.0,179657907.0,156687248.0,185464874.5,5832735.856784583,183493019.0,6,8,32,0,3,2022
2022-08-21,Louisiana,183999611,190112553.0,186831003.0,149990486.0,186645360.25,4485298.546438112,183842617.25,6,8,33,0,3,2022
2022-08-28,Louisiana,189354774,183999611.0,185262751.0,149359134.0,188557247.0,3092368.469133373,184642374.33333334,6,8,34,0,3,2022
2022-09-04,Louisiana,184547199,189354774.0,175186925.0,157396925.0,187003534.25,3175503.304050952,184476567.83333334,6,9,35,0,3,2022
2022-09-11,Louisiana,187018948,184547199.0,179277668.0,157276015.0,186230133.0,2462593.871235962,184476551.33333334,6,9,36,0,3,2022
2022-09-18,Louisiana,179685597,187018948.0,181707227.0,148218415.0,185151629.5,4139088.047251866,184478858.83333334,6,9,37,0,3,2022
2022-09-25,Louisiana,185329803,179685597.0,190762050.0,166316041.0,184145386.75,3147028.959151874,184353758.83333334,6,9,38,0,3,2022
2022-10-02,Louisiana,186352065,185329803.0,190112553.0,167521896.0,184596603.25,3346887.325287262,184444535.0,6,10,39,1,4,2022
2022-10-09,Louisiana,190158068,186352065.0,183999611.0,165907039.0,185381383.25,4328340.012389105,185692130.25,6,10,40,1,4,2022
2022-10-16,Louisiana,183986892,190158068.0,189354774.0,167508573.0,186456707.0,2650844.0140155894,186084565.58333334,6,10,41,0,4,2022
2022-10-23,Louisiana,175022139,183986892.0,184547199.0,164240358.0,183879791.0,6429058.261702895,185527474.91666666,6,10,42,0,4,2022
2022-10-30,Louisiana,171403891,175022139.0,187018948.0,171748523.0,180142747.5,8518065.820996096,183914295.0,6,10,43,0,4,2022
2022-11-06,Louisiana,174802411,171403891.0,179685597.0,174670882.0,176303833.25,5383178.575667154,182638449.83333334,6,11,44,0,4,2022
2022-11-13,Louisiana,172481938,174802411.0,185329803.0,169258764.0,173427594.75,1772224.0869462553,181678643.75,6,11,45,0,4,2022
2022-11-20,Louisiana,173115456,172481938.0,186352065.0,166594559.0,172950924.0,1422243.9853366364,180325367.25,6,11,46,0,4,2022
2022-11-27,Louisiana,162599691,173115456.0,190158068.0,174211278.0,170749874.0,5521007.2441140255,178496408.25,6,11,47,0,4,2022
2022-12-04,Louisiana,165763269,162599691.0,183986892.0,180020154.0,168490088.5,5146559.1817671,176725101.66666666,6,12,48,0,4,2022
2022-12-11,Louisiana,171279354,165763269.0,175022139.0,181429033.0,168189442.5,4862948.4116761135,176024581.41666666,6,12,49,0,4,2022
2022-12-18,Louisiana,171487542,171279354.0,171403891.0,178706788.0,167782464.0,4354848.909577258,174871059.66666666,6,12,50,0,4,2022
2022-12-25,Louisiana,168922814,171487542.0,174802411.0,179804432.0,169363244.75,2666953.199841063,173418622.08333334,6,12,51,1,4,2022
2023-01-01,Louisiana,154640918,168922814.0,172481938.0,179757689.0,166582657.0,8045668.082925217,170458859.58333334,6,1,52,0,1,2023
2023-01-08,Louisiana,161935636,154640918.0,173115456.0,186536877.0,164246727.5,7569850.277043259,168621254.91666666,6,1,1,0,1,2023
2023-01-15,Louisiana,163716219,161935636.0,162599691.0,187019146.0,162303896.75,5906538.157080265,167679094.91666666,6,1,2,0,1,2023
2023-01-22,Louisiana,156680224,163716219.0,165763269.0,179657907.0,159243249.25,4282014.952599433,166452122.66666666,6,1,3,0,1,2023
2023-01-29,Louisiana,155106852,156680224.0,171279354.0,186831003.0,159359732.75,4118293.004585248,164810826.08333334,6,1,4,0,1,2023
2023-02-05,Louisiana,164619111,155106852.0,171487542.0,185262751.0,160030601.5,4834133.30112557,164155590.5,6,2,5,0,1,2023
2023-02-12,Louisiana,171534051,164619111.0,168922814.0,175186925.0,161985059.5,7606411.419910652,164023806.75,6,2,6,0,1,2023
2023-02-19,Louisiana,165177666,171534051.0,154640918.0,179277668.0,164109420.0,6771811.9316468155,164238638.0,6,2,7,0,1,2023
2023-02-26,Louisiana,172155748,165177666.0,161935636.0,181707227.0,168371644.0,4025057.370068926,164771344.58333334,6,2,8,0,1,2023
2023-03-05,Louisiana,180681856,172155748.0,163716219.0,190762050.0,172387330.25,6365535.636853015,165554886.41666666,6,3,9,0,1,2023
2023-03-12,Louisiana,198036327,180681856.0,156680224.0,190112553.0,179012899.25,14178744.9178941,167767285.16666666,6,3,10,0,1,2023
2023-03-19,Louisiana,184514764,198036327.0,155106852.0,183999611.0,183847173.75,10777854.134290207,169066614.33333334,6,3,11,0,1,2023
2023-03-26,Louisiana,169522981,184514764.0,164619111.0,189354774.0,183188982.0,11765013.324435389,170306786.25,6,3,12,0,1,2023
2023-04-02,Louisiana,176985211,169522981.0,171534051.0,184547199.0,182264820.75,12165955.413214719,171560917.5,6,4,13,0,2,2023
2023-04-09,Louisiana,181956635,176985211.0,165177666.0,187018948.0,178244897.75,6601688.135317701,173080952.16666666,6,4,14,0,2,2023
2023-04-16,Louisiana,173702708,181956635.0,172155748.0,179685597.0,175541883.75,5254901.994116718,174499492.5,6,4,15,0,2,2023
2023-04-23,Louisiana,177272792,173702708.0,180681856.0,185329803.0,177479336.5,3395877.1731491247,176346654.16666666,6,4,16,0,2,2023
2023-04-30,Louisiana,181174167,177272792.0,198036327.0,186352065.0,178526575.5,3812991.810763208,177726242.16666666,6,4,17,0,2,2023
2023-05-07,Louisiana,193168731,181174167.0,184514764.0,190158068.0,181329599.5,8462000.452634862,179529132.16666666,6,5,18,0,2,2023
2020-05-03,Maine,27783408,25890806.0,28773986.0,26536448.0,26711301.75,997790.3744736394,26511037.166666668,6,5,18,0,2,2020
2020-05-10,Maine,28044139,27783408.0,28465733.0,26810547.0,27264084.5,960822.0513506456,26756439.166666668,6,5,19,0,2,2020
2020-05-17,Maine,29233513,28044139.0,25032203.0,26272241.0,27737966.5,1383771.148721371,27089327.583333332,6,5,20,0,2,2020
2020-05-24,Maine,31587575,29233513.0,26134163.0,24846763.0,29162158.75,1735766.6132262456,27579954.916666668,6,5,21,0,2,2020
2020-05-31,Maine,30695406,31587575.0,25833008.0,24844075.0,29890158.25,1567228.7237646303,27900993.75,6,5,22,0,2,2020
2020-06-07,Maine,31030852,30695406.0,27337985.0,24804826.0,30636836.5,1005302.4655304798,28089065.916666668,6,6,23,0,2,2020
2020-06-14,Maine,31735652,31030852.0,25890806.0,25124019.0,31262371.25,484700.218404027,28361559.166666668,6,6,24,0,2,2020
2020-06-21,Maine,33461790,31735652.0,27783408.0,25092646.0,31730925.0,1232655.3718759601,29064024.75,6,6,25,0,2,2020
2020-06-28,Maine,32666217,33461790.0,28044139.0,25031693.0,32223627.75,1062977.7865218592,29608362.583333332,6,6,26,0,2,2020
2020-07-05,Maine,35955266,32666217.0,29233513.0,24713978.0,33454731.25,1810130.0185477221,30451884.083333332,6,7,27,0,3,2020
2020-07-12,Maine,32885624,35955266.0,31587575.0,25869599.0,33742224.25,1513027.0702765293,30914187.333333332,6,7,28,0,3,2020
2020-07-19,Maine,34398251,32885624.0,30695406.0,26726615.0,33976339.5,1527551.4910231319,31623141.083333332,6,7,29,0,3,2020
2020-07-26,Maine,34256704,34398251.0,31030852.0,25243165.0,34373961.25,1255655.4379742253,32162582.416666668,6,7,30,0,3,2020
2020-08-02,Maine,35887496,34256704.0,31735652.0,25024726.0,34357018.75,1227344.8674004562,32816195.5,6,8,31,0,3,2020
2020-08-09,Maine,34201022,35887496.0,33461790.0,24355262.0,34685868.25,805375.8484262142,33230154.583333332,6,8,32,0,3,2020
2020-08-16,Maine,34846874,34201022.0,32666217.0,26100870.0,34798024.0,782895.1167915117,33501762.833333332,6,8,33,0,3,2020
2020-08-23,Maine,32438671,34846874.0,35955266.0,23671917.0,34343515.75,1447524.6147158414,33647034.916666664,6,8,34,0,3,2020
2020-08-30,Maine,31354861,32438671.0,32885624.0,24839107.0,33210357.0,1601870.752394002,33674035.666666664,6,8,35,1,3,2020
2020-09-06,Maine,30068749,31354861.0,34398251.0,24780924.0,32177288.75,2026271.8943034867,33535127.083333332,6,9,36,0,3,2020
2020-09-13,Maine,29549898,30068749.0,34256704.0,25099315.0,30853044.75,1301197.0679540595,33209136.083333332,6,9,37,0,3,2020
2020-09-20,Maine,29477979,29549898.0,35887496.0,25238852.0,30112871.75,868813.8199819194,32943449.583333332,6,9,38,0,3,2020
2020-09-27,Maine,28839967,29477979.0,34201022.0,25700047.0,29484148.25,503682.64116164873,32350508.0,6,9,39,0,3,2020
2020-10-04,Maine,28196622,28839967.0,34846874.0,26842940.0,29016116.5,632676.7317066357,31959757.833333332,6,10,40,0,4,2020
2020-10-11,Maine,28329169,28196622.0,32438671.0,28773986.0,28710934.25,581741.3215747814,31454001.0,6,10,41,0,4,2020
2020-10-18,Maine,28172232,28329169.0,31354861.0,28465733.0,28384497.5,311377.34574680234,30946961.666666668,6,10,42,0,4,2020
2020-10-25,Maine,26759991,28172232.0,30068749.0,25032203.0,27864503.5,739563.2533914795,30186336.25,6,10,43,1,4,2020
2020-11-01,Maine,26208036,26759991.0,29549898.0,26134163.0,27367357.0,1046553.8253343634,29520254.083333332,6,11,44,0,4,2020
2020-11-08,Maine,26444945,26208036.0,29477979.0,25833008.0,26896301.0,880153.6384484184,28820093.333333332,6,11,45,0,4,2020
2020-11-15,Maine,27075404,26444945.0,28839967.0,27337985.0,26622094.0,377417.24667974934,28373154.416666668,6,11,46,0,4,2020
2020-11-22,Maine,26885825,27075404.0,28196622.0,25890806.0,26653552.5,397454.9211910572,28000734.75,6,11,47,0,4,2020
2020-11-29,Maine,26273516,26885825.0,28329169.0,27783408.0,26669922.5,373622.8602467861,27684465.333333332,6,11,48,0,4,2020
2020-12-06,Maine,25819043,26273516.0,28172232.0,28044139.0,26513447.0,575680.7114798875,27373560.75,6,12,49,0,4,2020
2020-12-13,Maine,26552093,25819043.0,26759991.0,29233513.0,26382619.25,451463.9474335016,27129736.916666668,6,12,50,0,4,2020
2020-12-20,Maine,27075289,26552093.0,26208036.0,31587575.0,26429985.25,525693.2855460867,26982680.416666668,6,12,51,0,4,2020
2020-12-27,Maine,27093729,27075289.0,26444945.0,30695406.0,26635038.5,599151.0909976347,26890772.666666668,6,12,52,0,4,2020
2021-01-03,Maine,26270827,27093729.0,27075404.0,31030852.0,26747984.5,405265.4498716315,26719244.166666668,6,1,53,0,1,2021
2021-01-10,Maine,26118467,26270827.0,26885825.0,31735652.0,26639578.0,517568.41114451335,26548097.083333332,6,1,1,0,1,2021
2021-01-17,Maine,27089363,26118467.0,26273516.0,33461790.0,26643096.5,521550.29542667884,26575544.75,6,1,2,0,1,2021
2021-01-24,Maine,26264301,27089363.0,25819043.0,32666217.0,26435739.5,441389.02378248627,26580233.5,6,1,3,0,1,2021
2021-01-31,Maine,26116338,26264301.0,26552093.0,35955266.0,26397117.25,466664.50608287414,26552849.583333332,6,1,4,0,1,2021
2021-02-07,Maine,26379036,26116338.0,27075289.0,32885624.0,26462259.5,431676.65466525924,26494818.916666668,6,2,5,0,1,2021
2021-02-14,Maine,27211331,26379036.0,27093729.0,34398251.0,26492751.5,490973.34167039,26521944.416666668,6,2,6,0,1,2021
2021-02-21,Maine,26945072,27211331.0,26270827.0,34256704.0,26662944.25,503225.05960809684,26577907.416666668,6,2,7,0,1,2021
2021-02-28,Maine,27028028,26945072.0,26118467.0,35887496.0,26890866.75,358896.2105320138,26678656.166666668,6,2,8,0,1,2021
2021-03-07,Maine,27970334,27028028.0,27089363.0,34201022.0,27288691.25,467846.4726021129,26796842.916666668,6,3,9,0,1,2021
2021-03-14,Maine,30657060,27970334.0,26264301.0,34846874.0,28150123.5,1734772.0607344902,27095323.833333332,6,3,10,0,1,2021
2021-03-21,Maine,30670986,30657060.0,26116338.0,32438671.0,29081602.0,1867287.886259996,27393428.583333332,6,3,11,0,1,2021
2021-03-28,Maine,26865895,30670986.0,26379036.0,31354861.0,29041068.75,1927512.3613499624,27443017.583333332,6,3,12,0,1,2021
2021-04-04,Maine,28185004,26865895.0,27211331.0,30068749.0,29094736.25,1890393.6855040472,27615229.0,6,4,13,0,2,2021
2021-04-11,Maine,27250032,28185004.0,26945072.0,29549898.0,28242979.25,1710836.3627710205,27628618.083333332,6,4,14,0,2,2021
2021-04-18,Maine,28809628,27250032.0,27028028.0,29477979.0,27777639.75,883288.1385913898,27840728.666666668,6,4,15,0,2,2021
2021-04-25,Maine,28539333,28809628.0,27970334.0,28839967.0,28195999.25,680537.3465898657,28042644.916666668,6,4,16,1,2,2021
2021-05-02,Maine,29137324,28539333.0,30657060.0,28196622.0,28434079.25,826364.7871149734,28272502.25,6,5,17,0,2,2021
2021-05-09,Maine,29339259,29137324.0,30670986.0,28329169.0,28956386.0,353459.7616636507,28449829.583333332,6,5,18,0,2,2021
2021-05-16,Maine,31277692,29339259.0,26865895.0,28172232.0,29573402.0,1185873.8082660083,28810881.25,6,5,19,0,2,2021
2021-05-23,Maine,33579851,31277692.0,28185004.0,26759991.0,30833531.5,2069582.8511363487,29356866.5,6,5,20,0,2,2021
2021-05-30,Maine,33587975,33579851.0,27250032.0,26208036.0,31946194.25,2049982.5254408652,29825003.25,6,5,21,0,2,2021
2021-06-06,Maine,32751826,33587975.0,28809628.0,26444945.0,32799336.0,1087629.3486879265,29999567.083333332,6,6,22,0,2,2021
2021-06-13,Maine,34354336,32751826.0,28539333.0,27075404.0,33568497.0,654472.5005585203,30306512.916666668,6,6,23,0,2,2021
2021-06-20,Maine,35928123,34354336.0,29137324.0,26885825.0,34155565.0,1350816.2177027096,31061698.583333332,6,6,24,0,2,2021
2021-06-27,Maine,34567762,35928123.0,29339259.0,26273516.0,34400511.75,1301520.351920875,31593595.083333332,6,6,25,0,2,2021
2021-07-04,Maine,36680245,34567762.0,31277692.0,25819043.0,35382616.5,1110970.4029068418,32379446.166666668,6,7,26,0,3,2021
2021-07-11,Maine,33697577,36680245.0,33579851.0,26552093.0,35218426.75,1338771.8180313278,32786775.25,6,7,27,0,3,2021
2021-07-18,Maine,35155857,33697577.0,33587975.0,27075289.0,35025360.25,1255398.6690724613,33338152.25,6,7,28,0,3,2021
2021-07-25,Maine,35574007,35155857.0,32751826.0,27093729.0,35276921.5,1233769.6033975133,33874542.5,6,7,29,0,3,2021
2021-08-01,Maine,36198814,35574007.0,34354336.0,26270827.0,35156563.75,1062887.1509190933,34446172.083333336,6,8,30,0,3,2021
2021-08-08,Maine,36088447,36198814.0,35928123.0,26118467.0,35754281.25,483006.7295931208,34847068.333333336,6,8,31,0,3,2021
2021-08-15,Maine,37660012,36088447.0,34567762.0,27089363.0,36380320.0,895523.4121261109,35187081.75,6,8,32,1,3,2021
2021-08-22,Maine,35352231,37660012.0,36680245.0,26264301.0,36324876.0,966163.6739196895,35334103.083333336,6,8,33,0,3,2021
2021-08-29,Maine,33851395,35352231.0,33697577.0,26116338.0,35738021.25,1583776.0125233117,35425733.833333336,6,8,34,0,3,2021
2021-09-05,Maine,33063174,33851395.0,35155857.0,26379036.0,34981703.0,2022290.763545965,35318137.0,6,9,35,0,3,2021
2021-09-12,Maine,31746175,33063174.0,35574007.0,27211331.0,33503243.75,1507858.8705656694,34969641.333333336,6,9,36,0,3,2021
2021-09-19,Maine,31713373,31746175.0,36198814.0,26945072.0,32593529.25,1048089.7998474387,34731775.583333336,6,9,37,0,3,2021
2021-09-26,Maine,31024787,31713373.0,36088447.0,27028028.0,31886877.25,851816.5865037563,34260487.416666664,6,9,38,0,3,2021
2021-10-03,Maine,43463387,31024787.0,37660012.0,27970334.0,34486930.5,5993540.156634502,35074304.916666664,6,10,39,0,4,2021
2021-10-10,Maine,43838076,43463387.0,35352231.0,30657060.0,37509905.75,7098033.409109662,35797823.166666664,6,10,40,0,4,2021
2021-10-17,Maine,43846988,43838076.0,33851395.0,30670986.0,40543309.5,6348199.2488656975,36487238.25,6,10,41,0,4,2021
2021-10-24,Maine,41226743,43846988.0,33063174.0,26865895.0,43093798.5,1257475.688211505,36906232.333333336,6,10,42,0,4,2021
2021-10-31,Maine,40259829,41226743.0,31746175.0,28185004.0,42292909.0,1832377.9470118422,37253847.5,6,10,43,0,4,2021
2021-11-07,Maine,41105433,40259829.0,31713373.0,27250032.0,41609748.25,1552261.8522026446,37540965.916666664,6,11,44,0,4,2021
2021-11-14,Maine,42309515,41105433.0,31024787.0,28809628.0,41225380.0,841036.378999942,38120739.583333336,6,11,45,0,4,2021
2021-11-21,Maine,41755769,42309515.0,43463387.0,28539333.0,41357636.5,881924.0478988735,38779437.416666664,6,11,46,0,4,2021
2021-11-28,Maine,39584633,41755769.0,43838076.0,29137324.0,41188837.5,1177250.719988313,39322892.333333336,6,11,47,0,4,2021
2021-12-05,Maine,40174636,39584633.0,43846988.0,29339259.0,40956138.25,1286184.3285883449,40025264.083333336,6,12,48,0,4,2021
2021-12-12,Maine,41096061,40174636.0,41226743.0,31277692.0,40652774.75,963092.6707430169,40807154.75,6,12,49,0,4,2021
2021-12-19,Maine,43594914,41096061.0,40259829.0,33579851.0,41112561.0,1767919.299196846,41854665.333333336,6,12,50,0,4,2021
2021-12-26,Maine,41576613,43594914.0,41105433.0,33587975.0,41610556.0,1445152.835151355,41697434.166666664,6,12,51,0,4,2021
2022-01-02,Maine,40280283,41576613.0,42309515.0,32751826.0,41636967.75,1410717.2923510398,41400951.416666664,6,1,52,0,1,2022
2022-01-09,Maine,39650663,40280283.0,41755769.0,34354336.0,41275618.25,1741733.0870802936,41051257.666666664,6,1,1,0,1,2022
2022-01-16,Maine,43350787,39650663.0,39584633.0,35928123.0,41214586.5,1634339.3677433296,41228261.333333336,6,1,2,0,1,2022
2022-01-23,Maine,39822332,43350787.0,40174636.0,34567762.0,40776016.25,1736963.7739644763,41191803.25,6,1,3,0,1,2022
2022-01-30,Maine,41230769,39822332.0,41096061.0,36680245.0,41013637.75,1711366.1361246605,41202247.916666664,6,1,4,0,1,2022
2022-02-06,Maine,40438798,41230769.0,43594914.0,33697577.0,41210671.5,1538806.196386125,41046354.833333336,6,2,5,0,1,2022
2022-02-13,Maine,41681664,40438798.0,41576613.0,35155857.0,40793390.75,826442.21708533,41040179.416666664,6,2,6,0,1,2022
2022-02-20,Maine,41618979,41681664.0,40280283.0,35574007.0,41242552.5,571744.6884979919,41209708.25,6,2,7,0,1,2022
2022-02-27,Maine,41625884,41618979.0,39650663.0,36198814.0,41341331.25,602342.977793313,41330645.583333336,6,2,8,0,1,2022
2022-03-06,Maine,42524511,41625884.0,43350787.0,36088447.0,41862759.5,442059.4087348444,41449683.083333336,6,3,9,0,1,2022
2022-03-13,Maine,42707838,42524511.0,39822332.0,37660012.0,42119303.0,578605.6181389885,41375760.083333336,6,3,10,0,1,2022
2022-03-20,Maine,42695172,42707838.0,41230769.0,35352231.0,42388351.25,515139.63831785606,41468973.333333336,6,3,11,0,1,2022
2022-03-27,Maine,42142863,42695172.0,40438798.0,33851395.0,42517596.0,263437.4643402141,41624188.333333336,6,3,12,0,1,2022
2022-04-03,Maine,42883243,42142863.0,41681664.0,33063174.0,42607279.0,321286.80971057864,41893570.0,6,4,13,0,2,2022
2022-04-10,Maine,42469419,42883243.0,41618979.0,31746175.0,42547674.25,318516.3546354437,41820122.666666664,6,4,14,0,2,2022
2022-04-17,Maine,45834936,42469419.0,41625884.0,31713373.0,43332615.25,1695500.195354825,42321173.0,6,4,15,0,2,2022
2022-04-24,Maine,41993771,45834936.0,42524511.0,31024787.0,43295342.25,1731627.2828957497,42384756.5,6,4,16,0,2,2022
2022-05-01,Maine,44706505,41993771.0,42707838.0,43463387.0,43751157.75,1824470.9347810717,42740398.75,6,5,17,0,2,2022
2022-05-08,Maine,46270969,44706505.0,42695172.0,43838076.0,44701545.25,1921781.4207424626,43122840.833333336,6,5,18,0,2,2022
2022-05-15,Maine,49489860,46270969.0,42142863.0,43846988.0,45615276.25,3129616.466319302,43778747.583333336,6,5,19,0,2,2022
2022-05-22,Maine,49955615,49489860.0,42883243.0,41226743.0,47605737.25,2533705.974632203,44472891.833333336,6,5,20,0,2,2022
2022-05-29,Maine,50620252,49955615.0,42469419.0,40259829.0,49084174.0,1931980.7229184953,45147536.916666664,6,5,21,0,2,2022
2022-06-05,Maine,50254515,50620252.0,45834936.0,41105433.0,50080060.5,478213.5303791308,45776426.666666664,6,6,22,0,2,2022
2022-06-12,Maine,52791108,50254515.0,41993771.0,42309515.0,50905372.5,1286202.0149252107,46617754.666666664,6,6,23,0,2,2022
2022-06-19,Maine,53278673,52791108.0,44706505.0,41755769.0,51736137.0,1520173.6969006765,47545738.833333336,6,6,24,0,2,2022
2022-06-26,Maine,53405147,53278673.0,46270969.0,39584633.0,52432360.75,1475835.2677794322,48422564.166666664,6,6,25,0,2,2022
2022-07-03,Maine,60165439,53405147.0,49489860.0,40174636.0,54910091.75,3513552.4610309885,49897232.5,6,7,26,0,3,2022
2022-07-10,Maine,54669440,60165439.0,49955615.0,41096061.0,55379674.75,3251714.473202752,50633441.166666664,6,7,27,1,3,2022
2022-07-17,Maine,57223096,54669440.0,50620252.0,43594914.0,56365780.5,2989722.194252894,51902551.583333336,6,7,28,0,3,2022
2022-07-24,Maine,56848076,57223096.0,50254515.0,41576613.0,57226512.75,2259729.6740733357,52914349.166666664,6,7,29,0,3,2022
2022-07-31,Maine,56910943,56848076.0,52791108.0,40280283.0,56412888.75,1173810.7897406565,53801013.666666664,6,7,30,0,3,2022
2022-08-07,Maine,56130667,56910943.0,53278673.0,39650663.0,56778195.5,461784.5082752335,54354414.25,6,8,31,0,3,2022
2022-08-14,Maine,55607960,56130667.0,53405147.0,43350787.0,56374411.5,621579.5449725912,54825443.0,6,8,32,0,3,2022
2022-08-21,Maine,54262439,55607960.0,60165439.0,39822332.0,55728002.25,1114117.5133169685,55128958.583333336,6,8,33,0,3,2022
2022-08-28,Maine,52309755,54262439.0,54669440.0,41230769.0,54577705.25,1704514.221288551,55300228.583333336,6,8,34,0,3,2022
2022-09-04,Maine,50340572,52309755.0,57223096.0,40438798.0,53130181.5,2300464.746216947,55096017.25,6,9,35,0,3,2022
2022-09-11,Maine,48100551,50340572.0,56848076.0,41681664.0,51253329.25,2642215.8216106403,54664507.083333336,6,9,36,0,3,2022
2022-09-18,Maine,49097846,48100551.0,56910943.0,41618979.0,49962181.0,1813562.3032659614,54305565.333333336,6,9,37,0,3,2022
2022-09-25,Maine,46571182,49097846.0,56130667.0,41625884.0,48527537.75,1593945.8582319932,53172710.583333336,6,9,38,0,3,2022
2022-10-02,Maine,45716879,46571182.0,55607960.0,42524511.0,47371614.5,1515482.9125442738,52426663.833333336,6,10,39,1,4,2022
2022-10-09,Maine,46496664,45716879.0,54262439.0,42707838.0,46970642.75,1469823.3401633424,51532794.5,6,10,40,1,4,2022
2022-10-16,Maine,46908089,46496664.0,52309755.0,42695172.0,46423203.5,503753.355301654,50704462.25,6,10,41,0,4,2022
2022-10-23,Maine,44300277,46908089.0,50340572.0,42142863.0,45855477.25,1148472.7884044936,49653573.416666664,6,10,42,0,4,2022
2022-10-30,Maine,43331366,44300277.0,48100551.0,42883243.0,45259099.0,1721068.3984372444,48586965.0,6,10,43,0,4,2022
2022-11-06,Maine,43840591,43331366.0,49097846.0,42469419.0,44595080.75,1591974.2635906292,47606350.916666664,6,11,44,0,4,2022
2022-11-13,Maine,44716273,43840591.0,46571182.0,45834936.0,44047126.75,596325.4760706825,46810837.083333336,6,11,45,0,4,2022
2022-11-20,Maine,44409591,44716273.0,45716879.0,41993771.0,44074455.25,614035.8610691448,46152490.083333336,6,11,46,0,4,2022
2022-11-27,Maine,43874865,44409591.0,46496664.0,44706505.0,44210330.0,426195.1664499998,45613681.166666664,6,11,47,0,4,2022
2022-12-04,Maine,42473739,43874865.0,46908089.0,46270969.0,43868617.0,992790.215403038,45144780.166666664,6,12,48,0,4,2022
2022-12-11,Maine,44077650,42473739.0,44300277.0,49489860.0,43708961.25,852469.2569472876,44726430.5,6,12,49,0,4,2022
2022-12-18,Maine,46588231,44077650.0,43331366.0,49955615.0,44253621.25,1711997.4383159166,44727851.25,6,12,50,0,4,2022
2022-12-25,Maine,47018806,46588231.0,43840591.0,50620252.0,45039606.5,2146664.4543142603,44836345.166666664,6,12,51,1,4,2022
2023-01-01,Maine,42599536,47018806.0,44716273.0,50254515.0,45071055.75,2096887.9030888272,44511584.5,6,1,52,0,1,2023
2023-01-08,Maine,42122441,42599536.0,44409591.0,52791108.0,44582253.5,2578279.7905919766,44112780.5,6,1,1,0,1,2023
2023-01-15,Maine,44353321,42122441.0,43874865.0,53278673.0,44023526.0,2215275.6576214186,44117200.833333336,6,1,2,0,1,2023
2023-01-22,Maine,43405432,44353321.0,42473739.0,53405147.0,43120182.5,977847.7584670383,44123373.0,6,1,3,0,1,2023
2023-01-29,Maine,43975211,43405432.0,44077650.0,60165439.0,43464101.25,975609.082857265,44134591.333333336,6,1,4,0,1,2023
2023-02-05,Maine,42648132,43975211.0,46588231.0,54669440.0,43595524.0,742092.7797578123,43962246.25,6,2,5,0,1,2023
2023-02-12,Maine,46050376,42648132.0,47018806.0,57223096.0,44019787.75,1458783.5356607665,44098978.333333336,6,2,6,0,1,2023
2023-02-19,Maine,45523131,46050376.0,42599536.0,56848076.0,44549212.5,1543329.0735567955,44236333.833333336,6,2,7,0,1,2023
2023-02-26,Maine,44869121,45523131.0,42122441.0,56910943.0,44772690.0,1496516.93856123,44435949.0,6,2,8,0,1,2023
2023-03-05,Maine,46290151,44869121.0,44353321.0,56130667.0,45683194.75,630226.0002752395,44620324.083333336,6,3,9,0,1,2023
2023-03-12,Maine,48906544,46290151.0,43405432.0,55607960.0,46397236.75,1770808.5573485706,44813516.833333336,6,3,10,0,1,2023
2023-03-19,Maine,48532857,48906544.0,43975211.0,54262439.0,47149668.25,1909580.1616755773,44939687.75,6,3,11,0,1,2023
2023-03-26,Maine,44174255,48532857.0,42648132.0,52309755.0,46975951.75,2196282.2937029116,45070914.333333336,6,3,12,0,1,2023
2023-04-02,Maine,44473895,44174255.0,46050376.0,50340572.0,46521887.75,2545337.9990376374,45266868.833333336,6,4,13,0,2,2023
2023-04-09,Maine,45983215,44473895.0,45523131.0,48100551.0,45791055.5,1991930.0839807792,45402693.333333336,6,4,14,0,2,2023
2023-04-16,Maine,48286698,45983215.0,44869121.0,49097846.0,45729515.75,1879624.4161610915,45809465.5,6,4,15,0,2,2023
2023-04-23,Maine,45977852,48286698.0,46290151.0,46571182.0,46180415.0,1573590.1833554613,45976352.25,6,4,16,0,2,2023
2023-04-30,Maine,47178282,45977852.0,48906544.0,45716879.0,46856511.75,1108100.32236929,46353864.75,6,4,17,0,2,2023
2023-05-07,Maine,49205689,47178282.0,48532857.0,46496664.0,47662130.25,1395655.2632476713,46616807.5,6,5,18,0,2,2023
2020-05-03,Maryland,95277517,93906193.0,111894147.0,97008034.0,95276005.25,1027243.8782958405,95748157.25,6,5,18,0,2,2020
2020-05-10,Maryland,96078169,95277517.0,106607340.0,93758115.0,95410565.0,1105603.162585939,96473523.83333333,6,5,19,0,2,2020
2020-05-17,Maryland,98558237,96078169.0,92700910.0,90181316.0,95955029.0,1953510.243630176,97348934.75,6,5,20,0,2,2020
2020-05-24,Maryland,105278232,98558237.0,94743296.0,88416679.0,98798038.75,4540270.7072683405,98554278.25,6,5,21,0,2,2020
2020-05-31,Maryland,103364485,105278232.0,95539930.0,88673878.0,100819780.75,4240706.285101453,99194069.75,6,5,22,0,2,2020
2020-06-07,Maryland,104723816,103364485.0,96380381.0,88525553.0,102981192.5,3056281.816349682,98596542.16666667,6,6,23,0,2,2020
2020-06-14,Maryland,105414880,104723816.0,93906193.0,90307205.0,104695353.25,936213.4386564641,98497170.5,6,6,24,0,2,2020
2020-06-21,Maryland,104003906,105414880.0,95277517.0,93588028.0,104376771.75,887292.0943193543,99439086.83333333,6,6,25,0,2,2020
2020-06-28,Maryland,108601124,104003906.0,96078169.0,89261853.0,105685931.5,2027041.5425523561,100593905.83333333,6,6,26,0,2,2020
2020-07-05,Maryland,115323226,108601124.0,98558237.0,87415041.0,108335784.0,5039563.413731527,102242513.83333333,6,7,27,0,3,2020
2020-07-12,Maryland,106991408,115323226.0,105278232.0,90575816.0,108729916.0,4790473.348968348,103126766.08333333,6,7,28,0,3,2020
2020-07-19,Maryland,112171286,106991408.0,103364485.0,97500112.0,110771761.0,3727252.6818121695,104648857.16666667,6,7,29,0,3,2020
2020-07-26,Maryland,108600663,112171286.0,104723816.0,92797310.0,110771645.75,3727342.178591996,105759119.33333333,6,7,30,0,3,2020
2020-08-02,Maryland,107791835,108600663.0,105414880.0,88313854.0,108888798.0,2284816.979091761,106735258.16666667,6,8,31,0,3,2020
2020-08-09,Maryland,105563907,107791835.0,104003906.0,89531136.0,108531922.75,2745088.7937896624,107319064.0,6,8,32,0,3,2020
2020-08-16,Maryland,104793631,105563907.0,108601124.0,88445894.0,106687509.0,1800828.4644648074,107278680.58333333,6,8,33,0,3,2020
2020-08-23,Maryland,103139793,104793631.0,115323226.0,85581663.0,105322291.5,1932166.7263286768,107259956.25,6,8,34,0,3,2020
2020-08-30,Maryland,103695376,103139793.0,106991408.0,87410693.0,104298176.75,1088235.519250124,107174252.91666667,6,8,35,1,3,2020
2020-09-06,Maryland,103513800,103695376.0,112171286.0,88660395.0,103785650.0,710682.4838106957,107015829.58333333,6,9,36,0,3,2020
2020-09-13,Maryland,100237643,103513800.0,108600663.0,87373770.0,102646653.0,1622578.2045906654,106701974.33333333,6,9,37,0,3,2020
2020-09-20,Maryland,99489150,100237643.0,107791835.0,88053306.0,101733992.25,2182744.4228985943,105942643.16666667,6,9,38,0,3,2020
2020-09-27,Maryland,99204981,99489150.0,105563907.0,90814110.0,100611393.5,1983354.021259696,104599456.08333333,6,9,39,0,3,2020
2020-10-04,Maryland,98860220,99204981.0,104793631.0,95686987.0,99447998.5,585881.9428010611,103921857.08333333,6,10,40,0,4,2020
2020-10-11,Maryland,97253304,98860220.0,103139793.0,111894147.0,98701913.75,999391.2560355259,102678691.91666667,6,10,41,0,4,2020
2020-10-18,Maryland,94137274,97253304.0,103695376.0,106607340.0,97363944.75,2313143.5754576367,101473409.5,6,10,42,0,4,2020
2020-10-25,Maryland,94352307,94137274.0,103513800.0,92700910.0,96150776.25,2298212.046199162,100353448.83333333,6,10,43,1,4,2020
2020-11-01,Maryland,92795122,94352307.0,100237643.0,94743296.0,94634501.75,1876904.5794972098,99289383.41666667,6,11,44,0,4,2020
2020-11-08,Maryland,94532177,92795122.0,99489150.0,95539930.0,93954220.0,789414.2330314834,98434262.25,6,11,45,0,4,2020
2020-11-15,Maryland,95314038,94532177.0,99204981.0,96380381.0,94248411.0,1054976.6730789288,97782116.0,6,11,46,0,4,2020
2020-11-22,Maryland,98100247,95314038.0,98860220.0,93906193.0,95185396.0,2210053.5418402613,97315855.25,6,11,47,0,4,2020
2020-11-29,Maryland,97386230,98100247.0,97253304.0,95277517.0,96333173.0,1684607.0072835044,96805224.41666667,6,11,48,0,4,2020
2020-12-06,Maryland,87783075,97386230.0,94137274.0,96078169.0,94645897.5,4725346.444898795,95767343.75,6,12,49,0,4,2020
2020-12-13,Maryland,94176748,87783075.0,94352307.0,98558237.0,94361575.0,4705919.303123746,95324643.58333333,6,12,50,0,4,2020
2020-12-20,Maryland,97236200,94176748.0,92795122.0,105278232.0,94145563.25,4492073.972566451,95160578.5,6,12,51,0,4,2020
2020-12-27,Maryland,98295541,97236200.0,94532177.0,103364485.0,94372891.0,4727574.023474269,95113521.91666667,6,12,52,0,4,2020
2021-01-03,Maryland,91957431,98295541.0,95314038.0,104723816.0,95416480.0,2892653.253580299,94672199.16666667,6,1,53,0,1,2021
2021-01-10,Maryland,91814739,91957431.0,98100247.0,105414880.0,94825977.75,3422628.6051602126,94478654.58333333,6,1,1,0,1,2021
2021-01-17,Maryland,94368591,91814739.0,97386230.0,104003906.0,94109075.5,3026956.4310840387,94480011.58333333,6,1,2,0,1,2021
2021-01-24,Maryland,92456852,94368591.0,87783075.0,108601124.0,92649403.25,1178724.2409521707,94451822.41666667,6,1,3,0,1,2021
2021-01-31,Maryland,93789248,92456852.0,94176748.0,115323226.0,93107357.5,1176110.0554490434,94389911.66666667,6,1,4,0,1,2021
2021-02-07,Maryland,91691006,93789248.0,97236200.0,106991408.0,93076424.25,1222165.5791766795,94087992.33333333,6,2,5,0,1,2021
2021-02-14,Maryland,91850611,91691006.0,98295541.0,112171286.0,92446929.25,953752.8510648176,93567189.33333333,6,2,6,0,1,2021
2021-02-21,Maryland,92005610,91850611.0,91957431.0,108600663.0,92334118.75,978552.1424626634,93118804.33333333,6,2,7,0,1,2021
2021-02-28,Maryland,94576326,92005610.0,91814739.0,107791835.0,92530888.25,1369660.804698351,93684908.58333333,6,2,8,0,1,2021
2021-03-07,Maryland,98503358,94576326.0,94368591.0,105563907.0,94233976.25,3108636.8897854467,94045459.41666667,6,3,9,0,1,2021
2021-03-14,Maryland,116997061,98503358.0,92456852.0,104793631.0,100520588.75,11304607.916800343,95692197.83333333,6,3,10,0,1,2021
2021-03-21,Maryland,112804604,116997061.0,93789248.0,103139793.0,105720337.25,10857027.066283338,96901286.41666667,6,3,11,0,1,2021
2021-03-28,Maryland,98218067,112804604.0,91691006.0,103695376.0,106630772.5,9702312.66142537,97423006.08333333,6,3,12,0,1,2021
2021-04-04,Maryland,99821595,98218067.0,91850611.0,103513800.0,106960331.75,9350226.512671925,98090244.08333333,6,4,13,0,2,2021
2021-04-11,Maryland,99364240,99821595.0,92005610.0,100237643.0,102552126.5,6868182.419605183,98506548.16666667,6,4,14,0,2,2021
2021-04-18,Maryland,99378358,99364240.0,94576326.0,99489150.0,99195565.0,685390.5060567358,99083340.33333333,6,4,15,0,2,2021
2021-04-25,Maryland,98801109,99378358.0,98503358.0,99204981.0,99341325.5,418086.5699306476,99500995.41666667,6,4,16,1,2,2021
2021-05-02,Maryland,102050026,98801109.0,116997061.0,98860220.0,99898433.25,1459373.446094689,100364247.08333333,6,5,17,0,2,2021
2021-05-09,Maryland,102307391,102050026.0,112804604.0,97253304.0,100634221.0,1801989.0053528908,101235645.41666667,6,5,18,0,2,2021
2021-05-16,Maryland,104297428,102307391.0,98218067.0,94137274.0,101863988.5,2275527.3645240352,102259963.58333333,6,5,19,0,2,2021
2021-05-23,Maryland,109786682,104297428.0,99821595.0,94352307.0,104610381.75,3594032.6602547215,103527493.25,6,5,20,0,2,2021
2021-05-30,Maryland,108404730,109786682.0,99364240.0,92795122.0,106199057.75,3487946.082952395,104352607.58333333,6,5,21,0,2,2021
2021-06-06,Maryland,110224578,108404730.0,99378358.0,94532177.0,108178354.5,2701023.529738996,103788234.0,6,6,22,0,2,2021
2021-06-13,Maryland,112928439,110224578.0,98801109.0,95314038.0,110336107.25,1894264.0490719024,103798553.58333333,6,6,23,0,2,2021
2021-06-20,Maryland,110913679,112928439.0,102050026.0,98100247.0,110617856.5,1868947.9504413784,104856521.25,6,6,24,0,2,2021
2021-06-27,Maryland,112115089,110913679.0,102307391.0,97386230.0,111545446.25,1208440.4000212904,105880979.08333333,6,6,25,0,2,2021
2021-07-04,Maryland,120566973,112115089.0,104297428.0,87783075.0,114131045.0,4369704.527932907,107647873.5,6,7,26,0,3,2021
2021-07-11,Maryland,114821638,120566973.0,109786682.0,94176748.0,114604344.75,4297966.956260631,108934813.5,6,7,27,0,3,2021
2021-07-18,Maryland,117222485,114821638.0,108404730.0,97236200.0,116181546.25,3591700.909753056,110469928.16666667,6,7,28,0,3,2021
2021-07-25,Maryland,115587895,117222485.0,110224578.0,98295541.0,117049747.75,2549653.4494909164,111598083.91666667,6,7,29,0,3,2021
2021-08-01,Maryland,113493003,115587895.0,112928439.0,91957431.0,115281255.25,1556865.9763225992,112530218.25,6,8,30,0,3,2021
2021-08-08,Maryland,109789879,113493003.0,110913679.0,91814739.0,114023315.5,3208624.339117883,112987922.5,6,8,31,0,3,2021
2021-08-15,Maryland,111549136,109789879.0,112115089.0,94368591.0,112604978.25,2498397.282144347,113134793.66666667,6,8,32,1,3,2021
2021-08-22,Maryland,109293517,111549136.0,120566973.0,92456852.0,111031383.75,1905181.671947919,113208859.25,6,8,33,0,3,2021
2021-08-29,Maryland,111588540,109293517.0,114821638.0,93789248.0,110555268.0,1187891.764812779,113322522.75,6,8,34,0,3,2021
2021-09-05,Maryland,110387783,111588540.0,117222485.0,91691006.0,110704744.0,1093331.1697636193,113110801.41666667,6,9,35,0,3,2021
2021-09-12,Maryland,107980698,110387783.0,115587895.0,91850611.0,109812634.5,1539492.39045657,112866386.33333333,6,9,36,0,3,2021
2021-09-19,Maryland,107129225,107980698.0,113493003.0,92005610.0,109271561.5,2071253.5706176474,112450897.66666667,6,9,37,0,3,2021
2021-09-26,Maryland,104892964,107129225.0,109789879.0,94576326.0,107597667.5,2270559.128349156,111144730.25,6,9,38,0,3,2021
2021-10-03,Maryland,153026721,104892964.0,111549136.0,98503358.0,118257402.0,23216091.51161144,114328487.16666667,6,10,39,0,4,2021
2021-10-10,Maryland,151554136,153026721.0,109293517.0,116997061.0,129150761.5,26741736.670136247,117189458.08333333,6,10,40,0,4,2021
2021-10-17,Maryland,148289348,151554136.0,111588540.0,112804604.0,139440792.25,23116804.36722816,119914579.16666667,6,10,41,0,4,2021
2021-10-24,Maryland,146769139,148289348.0,110387783.0,98218067.0,149909836.0,2881472.6325948043,122687590.5,6,10,42,0,4,2021
2021-10-31,Maryland,144129654,146769139.0,107980698.0,99821595.0,147685569.25,3099179.200285957,125549238.41666667,6,10,43,0,4,2021
2021-11-07,Maryland,143534790,144129654.0,107129225.0,99364240.0,145680732.75,2236099.078197812,128214709.58333333,6,11,44,0,4,2021
2021-11-14,Maryland,149358981,143534790.0,104892964.0,99378358.0,145948141.0,2673264.2493135966,131553498.25,6,11,45,0,4,2021
2021-11-21,Maryland,151367134,149358981.0,153026721.0,98801109.0,147097639.75,3866311.0390919712,134868381.08333334,6,11,46,0,4,2021
2021-11-28,Maryland,145305604,151367134.0,151554136.0,102050026.0,147391627.25,3601010.1022473914,137778199.5,6,11,47,0,4,2021
2021-12-05,Maryland,137448770,145305604.0,148289348.0,102307391.0,145870122.25,6154324.44519714,140233872.16666666,6,12,48,0,4,2021
2021-12-12,Maryland,146342295,137448770.0,146769139.0,104297428.0,145115950.75,5756238.391316424,143501628.0,6,12,49,0,4,2021
2021-12-19,Maryland,152395983,146342295.0,144129654.0,109786682.0,145373163.0,6138940.9027604135,147460212.91666666,6,12,50,0,4,2021
2021-12-26,Maryland,154213595,152395983.0,143534790.0,108404730.0,147600160.75,7558006.439903699,147559119.08333334,6,12,51,0,4,2021
2022-01-02,Maryland,141611466,154213595.0,149358981.0,110224578.0,148640834.75,5769231.756749633,146730563.25,6,1,52,0,1,2022
2022-01-09,Maryland,143613037,141611466.0,151367134.0,112928439.0,147958520.25,6271240.124946032,146340870.66666666,6,1,1,0,1,2022
2022-01-16,Maryland,147214262,143613037.0,145305604.0,110913679.0,146663090.0,5541830.163065705,146377964.25,6,1,2,0,1,2022
2022-01-23,Maryland,141914537,147214262.0,137448770.0,112115089.0,143588325.5,2572778.4971205476,146193371.16666666,6,1,3,0,1,2022
2022-01-30,Maryland,144339585,141914537.0,146342295.0,120566973.0,144270355.25,2210077.420951384,146260437.41666666,6,1,4,0,1,2022
2022-02-06,Maryland,141116007,144339585.0,152395983.0,114821638.0,143646097.75,2745443.650551909,145573522.91666666,6,2,5,0,1,2022
2022-02-13,Maryland,144626242,141116007.0,154213595.0,117222485.0,142999092.75,1748028.1529766966,145011781.91666666,6,2,6,0,1,2022
2022-02-20,Maryland,141913018,144626242.0,141611466.0,115587895.0,142998713.0,1748342.441827555,144729066.41666666,6,2,7,0,1,2022
2022-02-27,Maryland,145837844,141913018.0,143613037.0,113493003.0,143373277.75,2226479.7318258085,145428155.91666666,6,2,8,0,1,2022
2022-03-06,Maryland,146518927,145837844.0,147214262.0,109789879.0,144724007.75,2030893.7131480922,145442875.25,6,3,9,0,1,2022
2022-03-13,Maryland,150915471,146518927.0,141914537.0,111549136.0,146296315.0,3688253.719713009,145319499.25,6,3,10,0,1,2022
2022-03-20,Maryland,150518690,150915471.0,144339585.0,109293517.0,148447733.0,2640101.44441778,145011590.5,6,3,11,0,1,2022
2022-03-27,Maryland,151339044,150518690.0,141116007.0,111588540.0,149823033.0,2228060.8352594073,145822222.0,6,3,12,0,1,2022
2022-04-03,Maryland,151946477,151339044.0,144626242.0,110387783.0,151179920.5,611034.2238439075,146516675.33333334,6,4,13,0,2,2022
2022-04-10,Maryland,153379324,151946477.0,141913018.0,107980698.0,151795883.75,1206908.9698461536,147030430.5,6,4,14,0,2,2022
2022-04-17,Maryland,159304621,153379324.0,145837844.0,107129225.0,153992366.5,3643334.2382490593,148479604.16666666,6,4,15,0,2,2022
2022-04-24,Maryland,154619703,159304621.0,146518927.0,104892964.0,154812531.25,3187705.707947817,149336280.66666666,6,4,16,0,2,2022
2022-05-01,Maryland,156961460,154619703.0,150915471.0,153026721.0,156066277.0,2620465.4311470813,150656735.08333334,6,5,17,0,2,2022
2022-05-08,Maryland,155643664,156961460.0,150518690.0,151554136.0,156632362.0,2023000.5472210974,151574853.58333334,6,5,18,0,2,2022
2022-05-15,Maryland,159139094,155643664.0,151339044.0,148289348.0,156590980.25,1950511.1297624295,153010359.91666666,6,5,19,0,2,2022
2022-05-22,Maryland,171654882,159139094.0,151946477.0,146769139.0,160849775.0,7346186.131791033,155161779.75,6,5,20,0,2,2022
2022-05-29,Maryland,166991883,171654882.0,153379324.0,144129654.0,163357380.75,7288198.286807319,156867859.41666666,6,5,21,0,2,2022
2022-06-05,Maryland,167237091,166991883.0,159304621.0,143534790.0,166255737.5,5205840.979998838,158227994.41666666,6,6,22,0,2,2022
2022-06-12,Maryland,165507600,167237091.0,154619703.0,149358981.0,167847864.0,2650532.573648221,159477070.25,6,6,23,0,2,2022
2022-06-19,Maryland,169788282,165507600.0,156961460.0,151367134.0,167381214.0,1777334.6940771341,161014506.75,6,6,24,0,2,2022
2022-06-26,Maryland,169627955,169788282.0,155643664.0,145305604.0,168040232.0,2052299.8027038497,162487963.25,6,6,25,0,2,2022
2022-07-03,Maryland,175871844,169627955.0,159139094.0,137448770.0,170198920.25,4269472.045832896,164362339.91666666,6,7,26,0,3,2022
2022-07-10,Maryland,167386564,175871844.0,171654882.0,146342295.0,170668661.25,3637921.119310478,165035835.16666666,6,7,27,1,3,2022
2022-07-17,Maryland,173216759,167386564.0,166991883.0,152395983.0,171525780.5,3763089.6479629544,166585589.83333334,6,7,28,0,3,2022
2022-07-24,Maryland,172047281,173216759.0,167237091.0,154213595.0,172130612.0,3544454.244087932,167842741.58333334,6,7,29,0,3,2022
2022-07-31,Maryland,168398689,172047281.0,165507600.0,141611466.0,170262323.25,2808195.663404858,168905660.33333334,6,7,30,0,3,2022
2022-08-07,Maryland,168221663,168398689.0,169788282.0,143613037.0,170471098.0,2541511.6275500827,169662541.08333334,6,8,31,0,3,2022
2022-08-14,Maryland,170001105,168221663.0,169627955.0,147214262.0,169667184.5,1777167.7364199276,169524726.33333334,6,8,32,0,3,2022
2022-08-21,Maryland,167354557,170001105.0,175871844.0,141914537.0,168494003.5,1103471.410219553,169554949.16666666,6,8,33,0,3,2022
2022-08-28,Maryland,169874500,167354557.0,167386564.0,144339585.0,168862956.25,1291656.3868650126,169774733.25,6,8,34,0,3,2022
2022-09-04,Maryland,170224235,169874500.0,173216759.0,141116007.0,169363599.25,1347142.3847163238,170167786.16666666,6,9,35,0,3,2022
2022-09-11,Maryland,165517969,170224235.0,172047281.0,144626242.0,168242815.25,2221276.5964572104,169811926.75,6,9,36,0,3,2022
2022-09-18,Maryland,165694956,165517969.0,168398689.0,141913018.0,167827915.0,2570098.8517449964,169484176.83333334,6,9,37,0,3,2022
2022-09-25,Maryland,164059545,165694956.0,168221663.0,145837844.0,166374176.25,2669263.394327581,168499818.58333334,6,9,38,0,3,2022
2022-10-02,Maryland,160004007,164059545.0,170001105.0,146518927.0,163819119.25,2646868.590560657,167884605.5,6,10,39,1,4,2022
2022-10-09,Maryland,156839384,160004007.0,167354557.0,150915471.0,161649473.0,4000787.1847738046,166519824.25,6,10,40,1,4,2022
2022-10-16,Maryland,157264032,156839384.0,169874500.0,150518690.0,159541742.0,3322395.445121831,165287886.83333334,6,10,41,0,4,2022
2022-10-23,Maryland,154739355,157264032.0,170224235.0,151339044.0,157211694.5,2164164.6597269955,164149609.0,6,10,42,0,4,2022
2022-10-30,Maryland,151763864,154739355.0,165517969.0,151946477.0,155151658.75,2513807.5315608047,162778125.75,6,10,43,0,4,2022
2022-11-06,Maryland,152058115,151763864.0,165694956.0,153379324.0,153956341.5,2579673.6239481727,161282876.58333334,6,11,44,0,4,2022
2022-11-13,Maryland,155282600,152058115.0,164059545.0,159304621.0,153460983.5,1807463.6917199462,160276880.16666666,6,11,45,0,4,2022
2022-11-20,Maryland,156895972,155282600.0,160004007.0,154619703.0,154000137.75,2503526.7172933905,159195336.16666666,6,11,46,0,4,2022
2022-11-27,Maryland,161803868,156895972.0,156839384.0,156961460.0,156510138.75,4062011.140737528,158493638.91666666,6,11,47,0,4,2022
2022-12-04,Maryland,143324166,161803868.0,157264032.0,155643664.0,154326651.5,7841740.859697663,156644155.33333334,6,12,48,0,4,2022
2022-12-11,Maryland,152772242,143324166.0,154739355.0,159139094.0,153699062.0,7840186.565997703,155567262.5,6,12,49,0,4,2022
2022-12-18,Maryland,159337882,152772242.0,151763864.0,171654882.0,154309539.5,8256127.068249122,155173790.58333334,6,12,50,0,4,2022
2022-12-25,Maryland,166936861,159337882.0,152058115.0,166991883.0,155592787.75,10019785.207530903,155751528.41666666,6,12,51,1,4,2022
2023-01-01,Maryland,150104016,166936861.0,155282600.0,167237091.0,157287750.25,7512306.148104926,155190247.75,6,1,52,0,1,2023
2023-01-08,Maryland,149468285,150104016.0,156895972.0,165507600.0,156461761.0,8313230.821292093,154540602.16666666,6,1,1,0,1,2023
2023-01-15,Maryland,152126380,149468285.0,161803868.0,169788282.0,154658885.5,8263401.966881063,154322854.25,6,1,2,0,1,2023
2023-01-22,Maryland,147502187,152126380.0,143324166.0,169627955.0,149800217.0,1905645.0236507356,153967714.5,6,1,3,0,1,2023
2023-01-29,Maryland,147866864,147502187.0,152772242.0,175871844.0,149240929.0,2104661.2230100455,153618443.58333334,6,1,4,0,1,2023
2023-02-05,Maryland,146919673,147866864.0,159337882.0,167386564.0,148603776.0,2380579.724639246,152921533.0,6,2,5,0,1,2023
2023-02-12,Maryland,152386026,146919673.0,166936861.0,173216759.0,148668687.5,2508738.1679804297,152545704.16666666,6,2,6,0,1,2023
2023-02-19,Maryland,152990036,152386026.0,150104016.0,172047281.0,150040649.75,3091143.767102891,151811218.16666666,6,2,7,0,1,2023
2023-02-26,Maryland,154630462,152990036.0,149468285.0,168398689.0,151731549.25,3345144.585497173,152753409.5,6,2,8,0,1,2023
2023-03-05,Maryland,158093685,154630462.0,152126380.0,168221663.0,154525052.25,2561116.8856393592,153196863.08333334,6,3,9,0,1,2023
2023-03-12,Maryland,174669998,158093685.0,147502187.0,170001105.0,160096045.25,9946146.876282949,154474539.41666666,6,3,10,0,1,2023
2023-03-19,Maryland,171998766,174669998.0,147866864.0,167354557.0,164848227.75,9960320.490023553,154896364.83333334,6,3,11,0,1,2023
2023-03-26,Maryland,156952581,171998766.0,146919673.0,169874500.0,165428757.5,9205331.685284736,155467078.58333334,6,3,12,0,1,2023
2023-04-02,Maryland,156180976,156952581.0,152386026.0,170224235.0,164950580.25,9747101.354935171,156026469.5,6,4,13,0,2,2023
2023-04-09,Maryland,161274665,156180976.0,152990036.0,165517969.0,161601747.0,7284789.849430169,156788826.58333334,6,4,14,0,2,2023
2023-04-16,Maryland,166631665,161274665.0,154630462.0,165694956.0,160259971.75,4802954.547824191,158382949.75,6,4,15,0,2,2023
2023-04-23,Maryland,163795397,166631665.0,158093685.0,164059545.0,161970675.75,4436946.494609522,159710327.5,6,4,16,0,2,2023
2023-04-30,Maryland,160364863,163795397.0,174669998.0,160004007.0,163016647.5,2813139.7864191676,160830760.0,6,4,17,0,2,2023
2023-05-07,Maryland,160481700,160364863.0,171998766.0,156839384.0,162818406.25,2998639.902714073,161505399.5,6,5,18,0,2,2023
2020-05-03,Massachusetts,104091231,97588683.0,122297192.0,102038881.0,102329628.75,3545943.046380601,104464424.25,6,5,18,0,2,2020
2020-05-10,Massachusetts,109906368,104091231.0,118886720.0,100926963.0,103360762.0,5130219.060217412,105681089.33333333,6,5,19,0,2,2020
2020-05-17,Massachusetts,107763998,109906368.0,100640614.0,98350433.0,104837570.0,5396297.454294567,106661342.5,6,5,20,0,2,2020
2020-05-24,Massachusetts,115031093,107763998.0,103980879.0,97284879.0,109198172.5,4570273.894287337,107907902.5,6,5,21,0,2,2020
2020-05-31,Massachusetts,114382692,115031093.0,105781835.0,97717029.0,111771037.75,3511033.03835404,108517339.25,6,5,22,0,2,2020
2020-06-07,Massachusetts,117164234,114382692.0,101856766.0,99983395.0,113585504.25,4058837.139920777,108089592.75,6,6,23,0,2,2020
2020-06-14,Massachusetts,117959015,117164234.0,97588683.0,101260431.0,116134258.5,1700543.554201138,108012284.0,6,6,24,0,2,2020
2020-06-21,Massachusetts,117600667,117959015.0,104091231.0,100546660.0,116776652.0,1628726.2172546706,109425621.75,6,6,25,0,2,2020
2020-06-28,Massachusetts,120778035,117600667.0,109906368.0,98820411.0,118375487.75,1634336.3262085775,110825384.75,6,6,26,0,2,2020
2020-07-05,Massachusetts,126221632,120778035.0,107763998.0,98415703.0,120639837.25,3983252.2304356964,112528701.16666667,6,7,27,0,3,2020
2020-07-12,Massachusetts,120946165,126221632.0,115031093.0,101028461.0,121386624.75,3571888.2712795315,114119484.41666667,6,7,28,0,3,2020
2020-07-19,Massachusetts,121563171,120946165.0,114382692.0,106502083.0,122377250.75,2585052.5767453182,116117358.41666667,6,7,29,0,3,2020
2020-07-26,Massachusetts,121049651,121563171.0,117164234.0,100487052.0,122445154.75,2532066.135385674,117530560.08333333,6,7,30,0,3,2020
2020-08-02,Massachusetts,126577658,121049651.0,117959015.0,98080456.0,122534161.25,2709132.136879806,118919834.25,6,8,31,0,3,2020
2020-08-09,Massachusetts,124107249,126577658.0,117600667.0,97046660.0,123324432.25,2547740.879723763,120281771.83333333,6,8,32,0,3,2020
2020-08-16,Massachusetts,121577326,124107249.0,120778035.0,103176944.0,123327971.0,2544486.8335074354,120827291.25,6,8,33,0,3,2020
2020-08-23,Massachusetts,116069140,121577326.0,126221632.0,93592336.0,122082843.25,4498953.683786148,120967828.58333333,6,8,34,0,3,2020
2020-08-30,Massachusetts,114640152,116069140.0,120946165.0,98287115.0,119098466.75,4482783.1302127065,120757488.41666667,6,8,35,1,3,2020
2020-09-06,Massachusetts,115596196,114640152.0,121563171.0,98116057.0,116970703.5,3128073.3561169975,120560586.83333333,6,9,36,0,3,2020
2020-09-13,Massachusetts,111668740,115596196.0,121049651.0,95306387.0,114493557.0,1974787.3920774537,120066259.58333333,6,9,37,0,3,2020
2020-09-20,Massachusetts,109099053,111668740.0,126577658.0,96000960.0,112751035.25,2953644.029046097,119093011.08333333,6,9,38,0,3,2020
2020-09-27,Massachusetts,109181659,109099053.0,124107249.0,100072373.0,111386412.0,3049313.442516214,117673013.33333333,6,9,39,0,3,2020
2020-10-04,Massachusetts,108992157,109181659.0,121577326.0,107069451.0,109735402.25,1291224.2655866083,116676846.0,6,10,40,0,4,2020
2020-10-11,Massachusetts,106668504,108992157.0,116069140.0,122297192.0,108485343.25,1213707.8614000722,115435623.75,6,10,41,0,4,2020
2020-10-18,Massachusetts,104434742,106668504.0,114640152.0,118886720.0,107319265.5,2236890.838608301,114051048.0,6,10,42,0,4,2020
2020-10-25,Massachusetts,103649446,104434742.0,115596196.0,100640614.0,105936212.25,2405463.3868165617,112140363.66666667,6,10,43,1,4,2020
2020-11-01,Massachusetts,101437846,103649446.0,111668740.0,103980879.0,104047634.5,2159348.609253206,110251246.75,6,11,44,0,4,2020
2020-11-08,Massachusetts,106566022,101437846.0,109099053.0,105781835.0,104022014.0,2118100.743031853,109000304.75,6,11,45,0,4,2020
2020-11-15,Massachusetts,105674941,106566022.0,109181659.0,101856766.0,104332063.75,2283006.2161063724,108134121.5,6,11,46,0,4,2020
2020-11-22,Massachusetts,106618339,105674941.0,108992157.0,97588683.0,105074287.0,2462644.8020455744,107465637.08333333,6,11,47,0,4,2020
2020-11-29,Massachusetts,105979943,106618339.0,106668504.0,104091231.0,106209811.25,459240.90178939555,106664282.66666667,6,11,48,0,4,2020
2020-12-06,Massachusetts,100040170,105979943.0,104434742.0,109906368.0,104578348.25,3050880.0692826863,105695235.16666667,6,12,49,0,4,2020
2020-12-13,Massachusetts,105601030,100040170.0,103649446.0,107763998.0,104559870.5,3042236.2490383745,105403733.25,6,12,50,0,4,2020
2020-12-20,Massachusetts,107378984,105601030.0,101437846.0,115031093.0,104750031.75,3231669.7098802757,105253510.33333333,6,12,51,0,4,2020
2020-12-27,Massachusetts,107240560,107378984.0,106566022.0,114382692.0,105065186.0,3445955.494840884,105107543.91666667,6,12,52,0,4,2020
2021-01-03,Massachusetts,100200812,107240560.0,105674941.0,117164234.0,105105346.5,3367923.44359999,104568569.58333333,6,1,53,0,1,2021
2021-01-10,Massachusetts,101930997,100200812.0,106618339.0,117959015.0,104187838.25,3673882.2348462674,104359924.16666667,6,1,1,0,1,2021
2021-01-17,Massachusetts,105181890,101930997.0,105979943.0,117600667.0,103638564.75,3167025.6392648616,104487627.83333333,6,1,2,0,1,2021
2021-01-24,Massachusetts,101011304,105181890.0,100040170.0,120778035.0,102081250.75,2184595.7588203084,104452082.66666667,6,1,3,0,1,2021
2021-01-31,Massachusetts,101284680,101011304.0,105601030.0,126221632.0,102352217.75,1925457.3911381015,104011970.83333333,6,1,4,0,1,2021
2021-02-07,Massachusetts,105261774,101284680.0,107378984.0,120946165.0,103184912.0,2354904.831128445,103977540.25,6,2,5,0,1,2021
2021-02-14,Massachusetts,101586370,105261774.0,107240560.0,121563171.0,102286032.0,1997682.3793833593,103558209.5,6,2,6,0,1,2021
2021-02-21,Massachusetts,101300592,101586370.0,100200812.0,121049651.0,102358354.0,1940570.6462770414,103168263.58333333,6,2,7,0,1,2021
2021-02-28,Massachusetts,104298975,101300592.0,101930997.0,126577658.0,103111927.75,1969702.4919333244,103523164.0,6,2,8,0,1,2021
2021-03-07,Massachusetts,112113204,104298975.0,105181890.0,124107249.0,104824785.25,5043305.651690998,104065845.16666667,6,3,9,0,1,2021
2021-03-14,Massachusetts,129799071,112113204.0,101011304.0,121577326.0,111877960.5,12787276.054102965,105934185.75,6,3,10,0,1,2021
2021-03-21,Massachusetts,125122200,129799071.0,101284680.0,116069140.0,117833362.5,11721848.407619812,107424322.41666667,6,3,11,0,1,2021
2021-03-28,Massachusetts,108325976,125122200.0,105261774.0,114640152.0,118840112.75,10252833.089287778,108101419.41666667,6,3,12,0,1,2021
2021-04-04,Massachusetts,111306106,108325976.0,101586370.0,115596196.0,118638338.25,10435657.839880867,108882678.5,6,4,13,0,2,2021
2021-04-11,Massachusetts,110485619,111306106.0,101300592.0,111668740.0,113809975.25,7645508.098801611,109324655.91666667,6,4,14,0,2,2021
2021-04-18,Massachusetts,107478311,110485619.0,104298975.0,109099053.0,109399003.0,1794270.5932735244,109863573.16666667,6,4,15,0,2,2021
2021-04-25,Massachusetts,107558960,107478311.0,112113204.0,109181659.0,109207249.0,1978679.1721343119,110386429.83333333,6,4,16,1,2,2021
2021-05-02,Massachusetts,111117669,107558960.0,129799071.0,108992157.0,109160139.75,1913212.006280113,110874421.08333333,6,5,17,0,2,2021
2021-05-09,Massachusetts,115952141,111117669.0,125122200.0,106668504.0,110526770.25,3995197.5581783666,112071568.66666667,6,5,18,0,2,2021
2021-05-16,Massachusetts,115585390,115952141.0,108325976.0,104434742.0,112553540.0,3989576.338607999,113261968.5,6,5,19,0,2,2021
2021-05-23,Massachusetts,124162314,115585390.0,111306106.0,103649446.0,116704378.5,5435994.894499976,114917246.75,6,5,20,0,2,2021
2021-05-30,Massachusetts,123610501,124162314.0,110485619.0,101437846.0,119827586.5,4694522.112052494,115875354.83333333,6,5,21,0,2,2021
2021-06-06,Massachusetts,122917889,123610501.0,107478311.0,106566022.0,121569023.5,4021446.4230261478,115301923.0,6,6,22,0,2,2021
2021-06-13,Massachusetts,129161970,122917889.0,107558960.0,105674941.0,124963168.5,2845123.2876186226,115638570.5,6,6,23,0,2,2021
2021-06-20,Massachusetts,127096548,129161970.0,111117669.0,106618339.0,125696727.0,2946279.429744708,117202784.83333333,6,6,24,0,2,2021
2021-06-27,Massachusetts,126489173,127096548.0,115952141.0,105979943.0,126416395.0,2597795.928176704,118468040.41666667,6,6,25,0,2,2021
2021-07-04,Massachusetts,130187266,126489173.0,115585390.0,100040170.0,128233739.25,1733454.5881877139,120109844.33333333,6,7,26,0,3,2021
2021-07-11,Massachusetts,123103940,130187266.0,124162314.0,105601030.0,126719231.75,2903612.1514277756,121411980.08333333,6,7,27,0,3,2021
2021-07-18,Massachusetts,122629909,123103940.0,123610501.0,107378984.0,125602572.0,3506440.150629048,122667892.5,6,7,28,0,3,2021
2021-07-25,Massachusetts,126815289,122629909.0,122917889.0,107240560.0,125684101.0,3537579.2508133003,123976027.5,6,7,29,0,3,2021
2021-08-01,Massachusetts,129061308,126815289.0,129161970.0,100200812.0,125402611.5,3074274.3109302707,125068458.08333333,6,8,30,0,3,2021
2021-08-08,Massachusetts,131700960,129061308.0,127096548.0,101930997.0,127551866.5,3841076.349105695,126411422.25,6,8,31,0,3,2021
2021-08-15,Massachusetts,132546156,131700960.0,126489173.0,105181890.0,130030928.25,2607417.36179239,127110075.75,6,8,32,1,3,2021
2021-08-22,Massachusetts,127194933,132546156.0,130187266.0,101011304.0,130125839.25,2453730.274223796,127408778.41666667,6,8,33,0,3,2021
2021-08-29,Massachusetts,123227747,127194933.0,123103940.0,101284680.0,128667449.0,4320695.090608702,127434599.91666667,6,8,34,0,3,2021
2021-09-05,Massachusetts,123991822,123227747.0,122629909.0,105261774.0,126740164.5,4235044.8591987565,127003754.25,6,9,35,0,3,2021
2021-09-12,Massachusetts,122654220,123991822.0,126815289.0,101586370.0,124267180.5,2027282.3007055067,126633560.25,6,9,36,0,3,2021
2021-09-19,Massachusetts,118252910,122654220.0,129061308.0,101300592.0,122031674.75,2578073.6796455337,125947205.0,6,9,37,0,3,2021
2021-09-26,Massachusetts,116054678,118252910.0,131700960.0,104298975.0,120238407.5,3713491.7663228787,124769489.33333333,6,9,38,0,3,2021
2021-10-03,Massachusetts,165592566,116054678.0,132546156.0,112113204.0,130638593.5,23463632.574628986,128310208.16666667,6,10,39,0,4,2021
2021-10-10,Massachusetts,168719601,165592566.0,127194933.0,129799071.0,142154938.75,28910979.69716889,132151015.83333333,6,10,40,0,4,2021
2021-10-17,Massachusetts,163959288,168719601.0,123227747.0,125122200.0,153581533.25,25095741.08310521,135246349.08333334,6,10,41,0,4,2021
2021-10-24,Massachusetts,159998296,163959288.0,123991822.0,108325976.0,164567437.75,3630346.6332944827,137824431.41666666,6,10,42,0,4,2021
2021-10-31,Massachusetts,156339095,159998296.0,122654220.0,111306106.0,162254070.0,5316211.217561715,139877609.33333334,6,10,43,0,4,2021
2021-11-07,Massachusetts,164369047,156339095.0,118252910.0,110485619.0,161166431.5,3773791.713958525,142529516.91666666,6,11,44,0,4,2021
2021-11-14,Massachusetts,166340125,164369047.0,116054678.0,107478311.0,161761640.75,4482353.269516426,145791616.25,6,11,45,0,4,2021
2021-11-21,Massachusetts,166372087,166340125.0,165592566.0,107558960.0,163355088.5,4770220.102787012,149386977.91666666,6,11,46,0,4,2021
2021-11-28,Massachusetts,156827506,166372087.0,168719601.0,111117669.0,163477191.25,4531023.860127485,152123284.91666666,6,11,47,0,4,2021
2021-12-05,Massachusetts,158595895,156827506.0,163959288.0,115952141.0,162033903.25,5042811.949062208,155118424.5,6,12,48,0,4,2021
2021-12-12,Massachusetts,164054126,158595895.0,159998296.0,115585390.0,161462403.5,4491516.573989161,158935192.5,6,12,49,0,4,2021
2021-12-19,Massachusetts,170030427,164054126.0,156339095.0,124162314.0,162376988.5,5957665.514297189,163433171.58333334,6,12,50,0,4,2021
2021-12-26,Massachusetts,166617351,170030427.0,164369047.0,123610501.0,164824449.75,4820269.251585147,163518570.33333334,6,12,51,0,4,2021
2022-01-02,Massachusetts,153065563,166617351.0,166340125.0,122917889.0,163441866.75,7337923.577583185,162214067.16666666,6,1,52,0,1,2022
2022-01-09,Massachusetts,158862331,153065563.0,166372087.0,129161970.0,162143918.0,7646218.450039317,161789320.75,6,1,1,0,1,2022
2022-01-16,Massachusetts,164439406,158862331.0,156827506.0,127096548.0,160746162.75,6073201.565144414,162159413.25,6,1,2,0,1,2022
2022-01-23,Massachusetts,153540342,164439406.0,158595895.0,126489173.0,157476910.5,5333925.754710438,161926183.83333334,6,1,3,0,1,2022
2022-01-30,Massachusetts,161443006,153540342.0,164054126.0,130187266.0,159571271.25,4621573.71520033,161682347.08333334,6,1,4,0,1,2022
2022-02-06,Massachusetts,158406497,161443006.0,170030427.0,123103940.0,159457312.75,4650411.717672452,161021211.41666666,6,2,5,0,1,2022
2022-02-13,Massachusetts,159118510,158406497.0,166617351.0,122629909.0,158127088.75,3321372.107157108,160416746.66666666,6,2,6,0,1,2022
2022-02-20,Massachusetts,154232600,159118510.0,153065563.0,126815289.0,158300153.25,3005746.1421530447,160200504.5,6,2,7,0,1,2022
2022-02-27,Massachusetts,157138186,154232600.0,158862331.0,129061308.0,157223948.25,2155868.370053678,160079028.75,6,2,8,0,1,2022
2022-03-06,Massachusetts,163066212,157138186.0,164439406.0,131700960.0,158388877.0,3708040.520055704,159996702.58333334,6,3,9,0,1,2022
2022-03-13,Massachusetts,163037760,163066212.0,153540342.0,132546156.0,159368689.5,4415439.28307252,159413980.33333334,6,3,10,0,1,2022
2022-03-20,Massachusetts,163395006,163037760.0,161443006.0,127194933.0,161659291.0,3018426.7682824912,159145451.58333334,6,3,11,0,1,2022
2022-03-27,Massachusetts,162460276,163395006.0,158406497.0,123227747.0,162989813.5,388469.87168799224,159928344.33333334,6,3,12,0,1,2022
2022-04-03,Massachusetts,167967264,162460276.0,159118510.0,123991822.0,164215076.5,2530930.3688630536,160687088.75,6,4,13,0,2,2022
2022-04-10,Massachusetts,170005396,167967264.0,154232600.0,122654220.0,165956985.5,3615778.547324848,161150921.25,6,4,14,0,2,2022
2022-04-17,Massachusetts,172565019,170005396.0,157138186.0,118252910.0,168249488.75,4293469.718985783,162736311.0,6,4,15,0,2,2022
2022-04-24,Massachusetts,158701796,172565019.0,163066212.0,116054678.0,167309868.75,6039137.805172292,162507876.83333334,6,4,16,0,2,2022
2022-05-01,Massachusetts,167023123,158701796.0,163037760.0,165592566.0,167073833.5,6023309.177493544,163225929.0,6,5,17,0,2,2022
2022-05-08,Massachusetts,176540605,167023123.0,163395006.0,168719601.0,168707635.75,7728501.905639489,164677770.25,6,5,18,0,2,2022
2022-05-15,Massachusetts,177877294,176540605.0,162460276.0,163959288.0,170035704.5,8969157.998049498,166648161.41666666,6,5,19,0,2,2022
2022-05-22,Massachusetts,189028816,177877294.0,167967264.0,159998296.0,177617459.5,9012697.572996404,169305713.91666666,6,5,20,0,2,2022
2022-05-29,Massachusetts,185048236,189028816.0,170005396.0,156339095.0,182123737.75,5928362.6598163275,171137549.25,6,5,21,0,2,2022
2022-06-05,Massachusetts,186095043,185048236.0,172565019.0,164369047.0,184512347.25,4733375.264703034,173058989.5,6,6,22,0,2,2022
2022-06-12,Massachusetts,193394268,186095043.0,158701796.0,166340125.0,188391590.75,3736530.843767771,175558928.0,6,6,23,0,2,2022
2022-06-19,Massachusetts,188196405,193394268.0,167023123.0,166372087.0,188183488.0,3712312.966279421,177703605.41666666,6,6,24,0,2,2022
2022-06-26,Massachusetts,187493717,188196405.0,176540605.0,156827506.0,188794858.25,3188243.3657326982,179330809.83333334,6,6,25,0,2,2022
2022-07-03,Massachusetts,204951138,187493717.0,177877294.0,158595895.0,193508882.0,8069344.884422921,182242955.0,6,7,26,0,3,2022
2022-07-10,Massachusetts,193110485,204951138.0,189028816.0,164054126.0,193437936.25,8071935.562885517,183955077.16666666,6,7,27,1,3,2022
2022-07-17,Massachusetts,193560295,193110485.0,185048236.0,170030427.0,194778908.75,7321587.351343919,186859952.08333334,6,7,28,0,3,2022
2022-07-24,Massachusetts,195271675,193560295.0,186095043.0,166617351.0,196723398.25,5563618.909502094,189213998.08333334,6,7,29,0,3,2022
2022-07-31,Massachusetts,196278490,195271675.0,193394268.0,153065563.0,194555236.25,1478749.723552507,190858821.83333334,6,7,30,0,3,2022
2022-08-07,Massachusetts,202942318,196278490.0,188196405.0,158862331.0,197013194.5,4108921.2415001784,192947573.83333334,6,8,31,0,3,2022
2022-08-14,Massachusetts,196904701,202942318.0,187493717.0,164439406.0,197849296.0,3461343.3960331595,193603897.58333334,6,8,32,0,3,2022
2022-08-21,Massachusetts,193340173,196904701.0,204951138.0,153540342.0,197366420.5,4028981.6550949155,194294892.33333334,6,8,33,0,3,2022
2022-08-28,Massachusetts,188222737,193340173.0,193110485.0,161443006.0,195352482.25,6188635.972688539,194472200.16666666,6,8,34,0,3,2022
2022-09-04,Massachusetts,191887582,188222737.0,193560295.0,158406497.0,192588798.25,3593780.5363531336,194346643.0,6,9,35,0,3,2022
2022-09-11,Massachusetts,184280870,191887582.0,195271675.0,159118510.0,189432840.5,4053811.112642937,194020348.41666666,6,9,36,0,3,2022
2022-09-18,Massachusetts,181562852,184280870.0,196278490.0,154232600.0,186488510.25,4520077.5380988745,193526109.66666666,6,9,37,0,3,2022
2022-09-25,Massachusetts,175969773,181562852.0,202942318.0,157138186.0,183425269.25,6618051.376577948,191110995.91666666,6,9,38,0,3,2022
2022-10-02,Massachusetts,173632118,175969773.0,196904701.0,163066212.0,178861403.25,4911734.077078955,189487798.66666666,6,10,39,1,4,2022
2022-10-09,Massachusetts,178377597,173632118.0,193340173.0,163037760.0,177385585.0,3392476.2606326006,188222573.83333334,6,10,40,1,4,2022
2022-10-16,Massachusetts,176001420,178377597.0,188222737.0,163395006.0,175995227.0,1937408.6836241875,186616719.25,6,10,41,0,4,2022
2022-10-23,Massachusetts,171676982,176001420.0,191887582.0,162460276.0,174922029.25,2904033.720742922,184566593.58333334,6,10,42,0,4,2022
2022-10-30,Massachusetts,167136325,171676982.0,184280870.0,167967264.0,173298081.0,4956636.07414394,181582760.83333334,6,10,43,0,4,2022
2022-11-06,Massachusetts,176404236,167136325.0,181562852.0,170005396.0,172804740.75,4342729.602266448,179874388.75,6,11,44,0,4,2022
2022-11-13,Massachusetts,176252526,176404236.0,175969773.0,172565019.0,172867517.25,4405700.948473159,178450418.16666666,6,11,45,0,4,2022
2022-11-20,Massachusetts,176237995,176252526.0,173632118.0,158701796.0,174007770.5,4581580.467020164,177451689.66666666,6,11,46,0,4,2022
2022-11-27,Massachusetts,174763674,176237995.0,178377597.0,167023123.0,175914607.75,770963.1156836246,176024697.33333334,6,11,47,0,4,2022
2022-12-04,Massachusetts,166677968,174763674.0,176001420.0,176540605.0,173483040.75,4590165.506215794,174557788.83333334,6,12,48,0,4,2022
2022-12-11,Massachusetts,177121214,166677968.0,171676982.0,177877294.0,173700212.75,4781438.39794651,174187652.33333334,6,12,49,0,4,2022
2022-12-18,Massachusetts,178862351,177121214.0,167136325.0,189028816.0,174356301.75,5387392.1000822475,174428700.5,6,12,50,0,4,2022
2022-12-25,Massachusetts,186342066,178862351.0,176404236.0,185048236.0,177250899.75,8104521.024304436,175487862.83333334,6,12,51,1,4,2022
2023-01-01,Massachusetts,160477106,186342066.0,176252526.0,186095043.0,175700684.25,10908870.728170384,173996155.25,6,1,52,0,1,2023
2023-01-08,Massachusetts,171797787,160477106.0,176237995.0,193394268.0,174369827.5,11002126.538524847,173645852.5,6,1,1,0,1,2023
2023-01-15,Massachusetts,171327113,171797787.0,174763674.0,188196405.0,172486018.0,10614781.45968214,173616696.75,6,1,2,0,1,2023
2023-01-22,Massachusetts,165436773,171327113.0,166677968.0,187493717.0,167259694.75,5368572.9434737135,173475067.41666666,6,1,3,0,1,2023
2023-01-29,Massachusetts,168952907,165436773.0,177121214.0,204951138.0,169378645.0,2907942.186049403,172854123.33333334,6,1,4,0,1,2023
2023-02-05,Massachusetts,166383018,168952907.0,178862351.0,193110485.0,168024952.75,2655810.331351628,172031664.33333334,6,2,5,0,1,2023
2023-02-12,Massachusetts,172523686,166383018.0,186342066.0,193560295.0,168324096.0,3169457.2274673674,171722138.58333334,6,2,6,0,1,2023
2023-02-19,Massachusetts,168441552,172523686.0,160477106.0,195271675.0,169075290.75,2553191.7897755704,171195295.08333334,6,2,7,0,1,2023
2023-02-26,Massachusetts,167491556,168441552.0,171797787.0,196278490.0,168709953.0,2678041.3387352955,171263094.08333334,6,2,8,0,1,2023
2023-03-05,Massachusetts,178456878,167491556.0,171327113.0,202942318.0,171728418.0,4988624.154762026,171374399.41666666,6,3,9,0,1,2023
2023-03-12,Massachusetts,198158712,178456878.0,165436773.0,196904701.0,178137174.5,14239598.111157827,172982429.5,6,3,10,0,1,2023
2023-03-19,Massachusetts,193309289,198158712.0,168952907.0,193340173.0,184354108.75,14022426.560872413,173563031.41666666,6,3,11,0,1,2023
2023-03-26,Massachusetts,171791059,193309289.0,166383018.0,188222737.0,185428984.5,12365926.872227987,174505860.83333334,6,3,12,0,1,2023
2023-04-02,Massachusetts,173074201,171791059.0,172523686.0,191887582.0,184083315.25,13608031.275571771,174612228.66666666,6,4,13,0,2,2023
2023-04-09,Massachusetts,186152613,173074201.0,168441552.0,184280870.0,181081790.5,10418959.34982013,175847687.0,6,4,14,0,2,2023
2023-04-16,Massachusetts,186665075,186152613.0,167491556.0,181562852.0,179420737.0,8088862.571886561,177616712.16666666,6,4,15,0,2,2023
2023-04-23,Massachusetts,175645878,186665075.0,178456878.0,175969773.0,180384441.75,7038270.6168042105,178174459.75,6,4,16,0,2,2023
2023-04-30,Massachusetts,178048134,175645878.0,198158712.0,173632118.0,181627925.0,5610866.585883023,179146552.75,6,4,17,0,2,2023
2023-05-07,Massachusetts,189283132,178048134.0,193309289.0,178377597.0,182410554.75,6585965.556821075,180543173.25,6,5,18,0,2,2023
2020-05-03,Michigan,173001965,168937387.0,193774523.0,162440135.0,169604158.5,2357901.082674636,168899073.75,6,5,18,0,2,2020
2020-05-10,Michigan,179161368,173001965.0,183042984.0,168139636.0,172161622.25,5209107.750693282,170500016.41666666,6,5,19,0,2,2020
2020-05-17,Michigan,179738021,179161368.0,159059104.0,160589166.0,175209685.25,5174855.078827119,172100361.33333334,6,5,20,0,2,2020
2020-05-24,Michigan,192231243,179738021.0,161383567.0,158253214.0,181033149.25,8063873.062886434,174708213.41666666,6,5,21,0,2,2020
2020-05-31,Michigan,186690850,192231243.0,168931513.0,160641810.0,184455370.5,6211317.909170127,176124857.83333334,6,5,22,0,2,2020
2020-06-07,Michigan,195960018,186690850.0,167545769.0,155458754.0,188655033.0,7059820.622838272,176306982.41666666,6,6,23,0,2,2020
2020-06-14,Michigan,193843110,195960018.0,168937387.0,160513280.0,192181305.25,3966016.3768892977,177206992.91666666,6,6,24,0,2,2020
2020-06-21,Michigan,199111018,193843110.0,173001965.0,165476023.0,193901249.0,5271731.42687307,180544652.41666666,6,6,25,0,2,2020
2020-06-28,Michigan,203494179,199111018.0,179161368.0,161601849.0,198102081.25,4196027.589136426,184053870.08333334,6,6,26,0,2,2020
2020-07-05,Michigan,225361219,203494179.0,179738021.0,160909877.0,205452381.5,13846593.3648227,188756345.58333334,6,7,27,0,3,2020
2020-07-12,Michigan,201011507,225361219.0,192231243.0,162990876.0,207244480.75,12210434.69208327,191545157.08333334,6,7,28,0,3,2020
2020-07-19,Michigan,205059564,201011507.0,186690850.0,177117117.0,208731617.25,11210984.065179944,194555338.5,6,7,29,0,3,2020
2020-07-26,Michigan,197142081,205059564.0,195960018.0,164138402.0,207143592.75,12567919.410762412,196567014.83333334,6,7,30,0,3,2020
2020-08-02,Michigan,195412528,197142081.0,193843110.0,160060281.0,199656420.0,4295840.848110682,197921278.16666666,6,8,31,0,3,2020
2020-08-09,Michigan,193099997,195412528.0,199111018.0,159009553.0,197678542.5,5191825.945150832,199034776.16666666,6,8,32,0,3,2020
2020-08-16,Michigan,197251509,193099997.0,203494179.0,163068417.0,195726528.75,1943074.748959128,199453131.66666666,6,8,33,0,3,2020
2020-08-23,Michigan,190621389,197251509.0,225361219.0,155634421.0,194096355.75,2872596.1599780396,199780676.58333334,6,8,34,0,3,2020
2020-08-30,Michigan,190178820,190621389.0,201011507.0,158579175.0,192787928.75,3241516.0135603063,199298910.08333334,6,8,35,1,3,2020
2020-09-06,Michigan,182313622,190178820.0,205059564.0,156307498.0,190091335.0,6111451.603036847,198338119.41666666,6,9,36,0,3,2020
2020-09-13,Michigan,175433575,182313622.0,197142081.0,159950056.0,184636851.5,7225551.826424058,196364999.16666666,6,9,37,0,3,2020
2020-09-20,Michigan,177142088,175433575.0,195412528.0,160533882.0,181267026.25,6622177.375025421,194168991.58333334,6,9,38,0,3,2020
2020-09-27,Michigan,178833440,177142088.0,193099997.0,160937018.0,178430681.25,2937264.1418189267,190291676.66666666,6,9,39,0,3,2020
2020-10-04,Michigan,171357368,178833440.0,197251509.0,169691117.0,175691617.75,3205579.404357957,187820498.41666666,6,10,40,0,4,2020
2020-10-11,Michigan,174354212,171357368.0,190621389.0,193774523.0,175421777.0,3279127.420051204,185261719.08333334,6,10,41,0,4,2020
2020-10-18,Michigan,169329452,174354212.0,190178820.0,183042984.0,173468618.0,4129393.15810346,182944000.0,6,10,42,0,4,2020
2020-10-25,Michigan,169076115,169329452.0,182313622.0,159059104.0,171029286.75,2440429.148530626,180749298.91666666,6,10,43,1,4,2020
2020-11-01,Michigan,169836316,169076115.0,175433575.0,161383567.0,170649023.75,2490262.730052913,178810658.83333334,6,11,44,0,4,2020
2020-11-08,Michigan,170455154,169836316.0,177142088.0,168931513.0,169674259.25,609023.1479612144,176577629.25,6,11,45,0,4,2020
2020-11-15,Michigan,175140544,170455154.0,178833440.0,167545769.0,171127032.25,2734465.636681249,175287558.83333334,6,11,46,0,4,2020
2020-11-22,Michigan,175298866,175140544.0,171357368.0,168937387.0,172682720.0,2941042.033240541,174047562.66666666,6,11,47,0,4,2020
2020-11-29,Michigan,171246211,175298866.0,174354212.0,173001965.0,173035193.75,2543866.880818236,173125278.41666666,6,11,48,0,4,2020
2020-12-06,Michigan,167074284,171246211.0,169329452.0,179161368.0,172189976.25,3891531.214008684,172428670.83333334,6,12,49,0,4,2020
2020-12-13,Michigan,170268476,167074284.0,169076115.0,179738021.0,170971959.25,3390383.315745958,171855869.83333334,6,12,50,0,4,2020
2020-12-20,Michigan,179747536,170268476.0,169836316.0,192231243.0,172084126.75,5410639.400378532,171932044.5,6,12,51,0,4,2020
2020-12-27,Michigan,175213629,179747536.0,170455154.0,186690850.0,173075981.25,5567214.632553748,172253399.58333334,6,12,52,0,4,2020
2021-01-03,Michigan,167656813,175213629.0,175140544.0,195960018.0,173221613.5,5361710.421341058,171695283.0,6,1,53,0,1,2021
2021-01-10,Michigan,168509581,167656813.0,175298866.0,193843110.0,172781889.75,5743187.767806472,171626960.41666666,6,1,1,0,1,2021
2021-01-17,Michigan,172757738,168509581.0,171246211.0,199111018.0,171034440.25,3569250.7997960206,171933762.33333334,6,1,2,0,1,2021
2021-01-24,Michigan,164797691,172757738.0,167074284.0,203494179.0,168430455.75,3292776.7061565574,171513876.91666666,6,1,3,0,1,2021
2021-01-31,Michigan,168703717,164797691.0,170268476.0,225361219.0,168692181.75,3252141.9567028787,171367923.83333334,6,1,4,0,1,2021
2021-02-07,Michigan,167159465,168703717.0,179747536.0,201011507.0,168354652.75,3346114.9720288888,170702833.91666666,6,2,5,0,1,2021
2021-02-14,Michigan,166337862,167159465.0,175213629.0,205059564.0,166749683.75,1629523.392977389,169956083.58333334,6,2,6,0,1,2021
2021-02-21,Michigan,166888782,166337862.0,167656813.0,197142081.0,167272456.5,1013565.7681854158,169592964.5,6,2,7,0,1,2021
2021-02-28,Michigan,171250581,166888782.0,168509581.0,195412528.0,167909172.5,2253684.801928307,169940989.25,6,2,8,0,1,2021
2021-03-07,Michigan,176250345,171250581.0,172757738.0,193099997.0,170181892.5,4603960.54518744,170439478.33333334,6,3,9,0,1,2021
2021-03-14,Michigan,203367036,176250345.0,164797691.0,197251509.0,179439186.0,16404030.043000825,172407770.0,6,3,10,0,1,2021
2021-03-21,Michigan,197126612,203367036.0,168703717.0,190621389.0,186998643.5,15642116.354253942,174233851.91666666,6,3,11,0,1,2021
2021-03-28,Michigan,175334448,197126612.0,167159465.0,190178820.0,188019610.25,14351653.840352891,174873654.83333334,6,3,12,0,1,2021
2021-04-04,Michigan,178056650,175334448.0,166337862.0,182313622.0,188471186.5,13878510.869204879,175669243.91666666,6,4,13,0,2,2021
2021-04-11,Michigan,177152745,178056650.0,166888782.0,175433575.0,181917613.75,10202331.667222217,176035494.5,6,4,14,0,2,2021
2021-04-18,Michigan,176226692,177152745.0,171250581.0,177142088.0,176692633.75,1173884.2842653673,176987911.25,6,4,15,0,2,2021
2021-04-25,Michigan,179434937,176226692.0,176250345.0,178833440.0,177717756.0,1367000.2453319533,177882179.58333334,6,4,16,1,2,2021
2021-05-02,Michigan,187527660,179434937.0,203367036.0,171357368.0,180085508.5,5141349.652674474,179579529.16666666,6,5,17,0,2,2021
2021-05-09,Michigan,189621245,187527660.0,197126612.0,174354212.0,183202633.5,6396971.276606029,181519811.08333334,6,5,18,0,2,2021
2021-05-16,Michigan,188840159,189621245.0,175334448.0,169329452.0,186356000.25,4694208.170816223,183349092.5,6,5,19,0,2,2021
2021-05-23,Michigan,209732476,188840159.0,178056650.0,169076115.0,193930385.0,10570084.44729086,186555917.08333334,6,5,20,0,2,2021
2021-05-30,Michigan,208722391,209732476.0,177152745.0,169836316.0,199229067.75,11556880.406730318,189261920.91666666,6,5,21,0,2,2021
2021-06-06,Michigan,206905514,208722391.0,176226692.0,170455154.0,203550135.0,9876158.742548179,189556794.08333334,6,6,22,0,2,2021
2021-06-13,Michigan,212793407,206905514.0,179434937.0,175140544.0,209538447.0,2465136.604197574,190862360.33333334,6,6,23,0,2,2021
2021-06-20,Michigan,216301358,212793407.0,187527660.0,175298866.0,211180667.5,4208818.547235604,194276269.5,6,6,24,0,2,2021
2021-06-27,Michigan,203598154,216301358.0,189621245.0,171246211.0,209899608.25,5716333.239348777,196404728.16666666,6,6,25,0,2,2021
2021-07-04,Michigan,234922042,203598154.0,188840159.0,167074284.0,216903740.25,13152382.891975777,201218836.25,6,7,26,0,3,2021
2021-07-11,Michigan,211704347,234922042.0,209732476.0,170268476.0,216631475.25,13276518.934226211,204175307.5,6,7,27,0,3,2021
2021-07-18,Michigan,210437920,211704347.0,208722391.0,179747536.0,215165615.75,13643729.181980701,206758889.41666666,6,7,28,0,3,2021
2021-07-25,Michigan,211852514,210437920.0,206905514.0,175213629.0,217229205.75,11812294.373369852,208785960.58333334,6,7,29,0,3,2021
2021-08-01,Michigan,208089145,211852514.0,212793407.0,167656813.0,210520981.5,1741078.2751558786,210324952.25,6,8,30,0,3,2021
2021-08-08,Michigan,203345533,208089145.0,216301358.0,168509581.0,208431278.0,3728866.0062889704,211533733.41666666,6,8,31,0,3,2021
2021-08-15,Michigan,211394867,203345533.0,203598154.0,172757738.0,208670514.75,3926008.822928068,211672266.0,6,8,32,1,3,2021
2021-08-22,Michigan,210581436,211394867.0,234922042.0,164797691.0,208352745.25,3622302.5278270687,211827186.41666666,6,8,33,0,3,2021
2021-08-29,Michigan,211585141,210581436.0,211704347.0,168703717.0,209226744.25,3944896.5763427024,212217155.33333334,6,8,34,0,3,2021
2021-09-05,Michigan,205489318,211585141.0,210437920.0,167159465.0,209762690.5,2881977.484854648,211608481.25,6,9,35,0,3,2021
2021-09-12,Michigan,190209866,205489318.0,211852514.0,166337862.0,204466440.25,9871934.319537297,209434190.25,6,9,36,0,3,2021
2021-09-19,Michigan,192769391,190209866.0,208089145.0,166888782.0,200013429.0,10205812.28176174,208531793.33333334,6,9,37,0,3,2021
2021-09-26,Michigan,192597473,192769391.0,203345533.0,171250581.0,195266512.0,6914593.595073929,205004745.91666666,6,9,38,0,3,2021
2021-10-03,Michigan,272388963,192597473.0,211394867.0,176250345.0,211991423.25,40281968.15039111,210061797.25,6,10,39,0,4,2021
2021-10-10,Michigan,272107322,272388963.0,210581436.0,203367036.0,232465787.25,45936904.538270794,215200914.08333334,6,10,40,0,4,2021
2021-10-17,Michigan,266644798,272107322.0,211585141.0,197126612.0,250934639.0,38981211.527402535,219766937.75,6,10,41,0,4,2021
2021-10-24,Michigan,265041404,266644798.0,205489318.0,175334448.0,269045621.75,3757199.914953455,224512959.33333334,6,10,42,0,4,2021
2021-10-31,Michigan,264137985,265041404.0,190209866.0,178056650.0,266982877.25,3570105.594594119,229578997.0,6,10,43,0,4,2021
2021-11-07,Michigan,262312014,264137985.0,192769391.0,177152745.0,264534050.25,1808035.4596761174,233822092.58333334,6,11,44,0,4,2021
2021-11-14,Michigan,270617457,262312014.0,192597473.0,176226692.0,265527215.0,3578363.3786776494,238825094.33333334,6,11,45,0,4,2021
2021-11-21,Michigan,272869740,270617457.0,272388963.0,179434937.0,267484299.0,5058656.057533594,243932144.25,6,11,46,0,4,2021
2021-11-28,Michigan,258449519,272869740.0,272107322.0,187527660.0,266062182.5,6809546.588644968,248345494.33333334,6,11,47,0,4,2021
2021-12-05,Michigan,256907912,258449519.0,266644798.0,189621245.0,264711157.0,8196454.502424731,253903664.83333334,6,12,48,0,4,2021
2021-12-12,Michigan,263995027,256907912.0,265041404.0,188840159.0,263055549.5,7215952.626914688,259839134.5,6,12,49,0,4,2021
2021-12-19,Michigan,280540700,263995027.0,264137985.0,209732476.0,264973289.5,10815284.908384537,267167736.75,6,12,50,0,4,2021
2021-12-26,Michigan,272997721,280540700.0,262312014.0,208722391.0,268610340.0,10325220.529556291,267218466.58333334,6,12,51,0,4,2021
2022-01-02,Michigan,258795361,272997721.0,270617457.0,206905514.0,269082202.25,9632011.08622128,266109136.5,6,1,52,0,1,2022
2022-01-09,Michigan,253295724,258795361.0,272869740.0,212793407.0,266407376.5,12557092.086908856,264996713.66666666,6,1,1,0,1,2022
2022-01-16,Michigan,267939091,253295724.0,258449519.0,216301358.0,263256974.25,8868236.650051776,265238187.58333334,6,1,2,0,1,2022
2022-01-23,Michigan,260937458,267939091.0,256907912.0,203598154.0,260241908.5,6057292.748498865,264971477.0,6,1,3,0,1,2022
2022-01-30,Michigan,258918927,260937458.0,263995027.0,234922042.0,260272800.0,6047764.037602322,264688719.75,6,1,4,0,1,2022
2022-02-06,Michigan,259324079,258918927.0,280540700.0,211704347.0,261779888.75,4197680.53366406,263747604.91666666,6,2,5,0,1,2022
2022-02-13,Michigan,259641534,259324079.0,272997721.0,210437920.0,259705499.5,872924.438594558,262645254.41666666,6,2,6,0,1,2022
2022-02-20,Michigan,255986594,259641534.0,258795361.0,211852514.0,258467783.5,1680353.5354274742,262440010.66666666,6,2,7,0,1,2022
2022-02-27,Michigan,263844273,255986594.0,253295724.0,208089145.0,259699120.0,3220202.612319076,263018040.75,6,2,8,0,1,2022
2022-03-06,Michigan,267495330,263844273.0,267939091.0,203345533.0,261741932.75,5001900.088277407,263309732.66666666,6,3,9,0,1,2022
2022-03-13,Michigan,272357558,267495330.0,260937458.0,211394867.0,264920938.75,6901992.983349585,262627804.16666666,6,3,10,0,1,2022
2022-03-20,Michigan,270874843,272357558.0,258918927.0,210581436.0,268643001.0,3791393.3921201075,262450897.66666666,6,3,11,0,1,2022
2022-03-27,Michigan,271333899,270874843.0,259324079.0,211585141.0,270515407.5,2106617.2556088627,263495775.83333334,6,3,12,0,1,2022
2022-04-03,Michigan,269775009,271333899.0,259641534.0,205489318.0,271085327.25,1071073.6874623825,264869049.58333334,6,4,13,0,2,2022
2022-04-10,Michigan,272790230,269775009.0,255986594.0,190209866.0,271193495.25,1249388.8603018147,265273311.16666666,6,4,14,0,2,2022
2022-04-17,Michigan,287040671,272790230.0,263844273.0,192769391.0,275234952.25,7966196.47502915,267448578.91666666,6,4,15,0,2,2022
2022-04-24,Michigan,275580398,287040671.0,267495330.0,192597473.0,276296577.0,7544839.002123855,268837034.8333333,6,4,16,0,2,2022
2022-05-01,Michigan,282586895,275580398.0,272357558.0,272388963.0,279499548.5,6500639.259517966,270775602.8333333,6,5,17,0,2,2022
2022-05-08,Michigan,285495850,282586895.0,270874843.0,272107322.0,282675953.5,5077972.508640264,272930129.1666667,6,5,18,0,2,2022
2022-05-15,Michigan,300641016,285495850.0,271333899.0,266644798.0,286076039.75,10564212.86135196,276651331.0,6,5,19,0,2,2022
2022-05-22,Michigan,314840284,300641016.0,269775009.0,265041404.0,295891011.25,14907451.933914667,280900998.5833333,6,5,20,0,2,2022
2022-05-29,Michigan,306388135,314840284.0,272790230.0,264137985.0,301841321.25,12359365.017815817,284142065.6666667,6,5,21,0,2,2022
2022-06-05,Michigan,306853012,306388135.0,287040671.0,262312014.0,307180611.75,5835872.758103561,287016686.8333333,6,6,22,0,2,2022
2022-06-12,Michigan,308788146,306853012.0,275580398.0,270617457.0,309217394.25,3889993.767287457,290176128.75,6,6,23,0,2,2022
2022-06-19,Michigan,320570867,308788146.0,282586895.0,272869740.0,310650040.0,6695040.788846894,294279209.4166667,6,6,24,0,2,2022
2022-06-26,Michigan,316322911,320570867.0,285495850.0,258449519.0,313133734.0,6424261.335075624,298158201.25,6,6,25,0,2,2022
2022-07-03,Michigan,336691120,316322911.0,300641016.0,256907912.0,320593261.0,11786124.542031603,303483275.4166667,6,7,26,0,3,2022
2022-07-10,Michigan,307970545,336691120.0,314840284.0,263995027.0,320388860.75,12062936.29767741,305227431.5833333,6,7,27,1,3,2022
2022-07-17,Michigan,313980317,307970545.0,306388135.0,280540700.0,318741223.25,12472914.197845796,308427424.8333333,6,7,28,0,3,2022
2022-07-24,Michigan,317499495,313980317.0,306853012.0,272997721.0,319035369.25,12410591.352974197,311336808.1666667,6,7,29,0,3,2022
2022-07-31,Michigan,310660975,317499495.0,308788146.0,258795361.0,312527833.0,4126385.242945894,313433901.9166667,6,7,30,0,3,2022
2022-08-07,Michigan,311504645,310660975.0,320570867.0,253295724.0,313411358.0,3067938.481863945,314339204.3333333,6,8,31,0,3,2022
2022-08-14,Michigan,312440272,311504645.0,316322911.0,267939091.0,313026346.75,3069370.1096866596,314139203.3333333,6,8,32,0,3,2022
2022-08-21,Michigan,314265560,312440272.0,336691120.0,260937458.0,312217863.0,1546513.1670045026,314795655.4166667,6,8,33,0,3,2022
2022-08-28,Michigan,315632708,314265560.0,307970545.0,258918927.0,313460796.25,1846875.0905979509,315527296.75,6,8,34,0,3,2022
2022-09-04,Michigan,304680805,315632708.0,313980317.0,259324079.0,311754836.25,4893988.26287973,315185018.3333333,6,9,35,0,3,2022
2022-09-11,Michigan,294312537,304680805.0,317499495.0,259641534.0,307222902.5,9890460.896797314,312996824.1666667,6,9,36,0,3,2022
2022-09-18,Michigan,294166542,294312537.0,310660975.0,255986594.0,302198148.0,10219924.069447273,311150460.0833333,6,9,37,0,3,2022
2022-09-25,Michigan,288160495,294166542.0,311504645.0,263844273.0,295330094.75,6861200.612411541,307106241.3333333,6,9,38,0,3,2022
2022-10-02,Michigan,282399899,288160495.0,312440272.0,267495330.0,289759868.25,5682508.4965451425,304975354.1666667,6,10,39,1,4,2022
2022-10-09,Michigan,286499168,282399899.0,314265560.0,272357558.0,287806526.0,4882482.224937996,302685258.4166667,6,10,40,1,4,2022
2022-10-16,Michigan,279710141,286499168.0,315632708.0,270874843.0,284192425.75,3845805.598756279,299536145.5833333,6,10,41,0,4,2022
2022-10-23,Michigan,278567340,279710141.0,304680805.0,271333899.0,281794137.0,3524179.4562151474,296861676.0,6,10,42,0,4,2022
2022-10-30,Michigan,278843205,278567340.0,294312537.0,269775009.0,280904963.5,3761119.3606158267,294139889.3333333,6,10,43,0,4,2022
2022-11-06,Michigan,271352831,278843205.0,294166542.0,272790230.0,277118379.25,3874415.5135427243,290715935.9166667,6,11,44,0,4,2022
2022-11-13,Michigan,278438333,271352831.0,288160495.0,287040671.0,276800427.25,3635654.9960496165,287730333.6666667,6,11,45,0,4,2022
2022-11-20,Michigan,281746513,278438333.0,282399899.0,275580398.0,277595220.5,4414708.751818928,284906484.0833333,6,11,46,0,4,2022
2022-11-27,Michigan,283287869,281746513.0,286499168.0,282586895.0,278706386.5,5303426.006028174,283123739.4166667,6,11,47,0,4,2022
2022-12-04,Michigan,267733289,283287869.0,279710141.0,285495850.0,277801501.0,7010416.092851477,280908802.0833333,6,12,48,0,4,2022
2022-12-11,Michigan,274538192,267733289.0,278567340.0,300641016.0,276826465.75,7161905.171647641,279273106.25,6,12,49,0,4,2022
2022-12-18,Michigan,289247309,274538192.0,278843205.0,314840284.0,278701664.75,9484788.7694535,279363674.0833333,6,12,50,0,4,2022
2022-12-25,Michigan,306638295,289247309.0,271352831.0,306388135.0,284539271.25,17252971.683264516,281383540.4166667,6,12,51,1,4,2022
2023-01-01,Michigan,265936218,306638295.0,278438333.0,306853012.0,284090003.5,17849559.102872748,279669961.25,6,1,52,0,1,2023
2023-01-08,Michigan,260463422,265936218.0,281746513.0,308788146.0,280571311.0,21395277.853670012,278066068.0,6,1,1,0,1,2023
2023-01-15,Michigan,271479464,260463422.0,283287869.0,320570867.0,276129349.75,20830573.723068904,277475411.6666667,6,1,2,0,1,2023
2023-01-22,Michigan,267805472,271479464.0,267733289.0,316322911.0,266421144.0,4591026.388101824,276555600.5833333,6,1,3,0,1,2023
2023-01-29,Michigan,268217254,267805472.0,274538192.0,336691120.0,266991403.0,4651976.156683015,276294302.5,6,1,4,0,1,2023
2023-02-05,Michigan,269131633,268217254.0,289247309.0,307970545.0,269158455.75,1643596.1100029454,275518744.1666667,6,2,5,0,1,2023
2023-02-12,Michigan,277413870,269131633.0,306638295.0,313980317.0,270642057.25,4548432.551175419,275157690.5833333,6,2,6,0,1,2023
2023-02-19,Michigan,271158933,277413870.0,265936218.0,317499495.0,271480422.5,4142231.1020578668,274146945.9166667,6,2,7,0,1,2023
2023-02-26,Michigan,278286361,271158933.0,260463422.0,310660975.0,273997699.25,4538723.637418876,275026368.5833333,6,2,8,0,1,2023
2023-03-05,Michigan,285143962,278286361.0,271479464.0,311504645.0,278000781.5,5723109.274749842,275910182.75,6,3,9,0,1,2023
2023-03-12,Michigan,307906237,285143962.0,267805472.0,312440272.0,285623873.25,15914434.030675404,277465093.4166667,6,3,10,0,1,2023
2023-03-19,Michigan,298998448,307906237.0,268217254.0,314265560.0,292583752.0,13362793.32074223,276828439.5,6,3,11,0,1,2023
2023-03-26,Michigan,274857748,298998448.0,269131633.0,315632708.0,291726598.75,14635000.485409537,277571900.3333333,6,3,12,0,1,2023
2023-04-02,Michigan,270892077,274857748.0,277413870.0,304680805.0,288163627.5,18097116.262720592,278440954.9166667,6,4,13,0,2,2023
2023-04-09,Michigan,289077747,270892077.0,271158933.0,294312537.0,283456505.0,12973740.4880017,279907478.5,6,4,14,0,2,2023
2023-04-16,Michigan,294447762,289077747.0,278286361.0,294166542.0,282318833.5,11240290.316642104,282127669.3333333,6,4,15,0,2,2023
2023-04-23,Michigan,290478740,294447762.0,285143962.0,288160495.0,286224081.5,10471306.965411253,283982793.1666667,6,4,16,0,2,2023
2023-04-30,Michigan,293332903,290478740.0,307906237.0,282399899.0,291834288.0,2484090.8418630324,285999565.6666667,6,4,17,0,2,2023
2023-05-07,Michigan,302279586,293332903.0,298998448.0,286499168.0,295134747.75,5047960.5027022585,288071708.6666667,6,5,18,0,2,2023
2020-05-03,Minnesota,98819370,93791800.0,98503916.0,86019275.0,94879638.0,2950911.9821730843,92050695.58333333,6,5,18,0,2,2020
2020-05-10,Minnesota,100800109,98819370.0,100365404.0,85073032.0,97125209.0,3247079.0017237584,93429941.0,6,5,19,0,2,2020
2020-05-17,Minnesota,99939397,100800109.0,89170025.0,86824087.0,98337669.0,3137201.733931374,94629983.33333333,6,5,20,0,2,2020
2020-05-24,Minnesota,105025249,99939397.0,86761913.0,85277458.0,101146031.25,2710308.182998431,96096419.58333333,6,5,21,0,2,2020
2020-05-31,Minnesota,100116563,105025249.0,91817825.0,86713264.0,101470329.5,2398825.1448142286,96683427.33333333,6,5,22,0,2,2020
2020-06-07,Minnesota,110837793,100116563.0,95089557.0,84792562.0,103979750.5,5143749.867895569,97711250.41666667,6,6,23,0,2,2020
2020-06-14,Minnesota,106339901,110837793.0,93791800.0,88150642.0,105579876.5,4411300.988167061,98209125.16666667,6,6,24,0,2,2020
2020-06-21,Minnesota,104235251,106339901.0,98819370.0,88882997.0,105382377.0,4461804.981772289,99464560.66666667,6,6,25,0,2,2020
2020-06-28,Minnesota,108051411,104235251.0,100800109.0,85728575.0,107366089.0,2791511.138009189,101238685.5,6,6,26,0,2,2020
2020-07-05,Minnesota,113631395,108051411.0,99939397.0,84846098.0,108064489.5,4026076.703910276,103056483.0,6,7,27,0,3,2020
2020-07-12,Minnesota,102530353,113631395.0,105025249.0,89138966.0,107112102.5,4921117.0206411155,103676549.33333333,6,7,28,0,3,2020
2020-07-19,Minnesota,106131721,102530353.0,100116563.0,97405942.0,107586220.0,4634576.640492493,104704876.08333333,6,7,29,0,3,2020
2020-07-26,Minnesota,102315871,106131721.0,110837793.0,85599586.0,106152335.0,5284378.646924538,104996251.16666667,6,7,30,0,3,2020
2020-08-02,Minnesota,103683539,102315871.0,106339901.0,84911772.0,103665371.0,1750488.361291217,105236537.0,6,8,31,0,3,2020
2020-08-09,Minnesota,102633994,103683539.0,104235251.0,84123001.0,103691281.25,1728719.7382873432,105461086.75,6,8,32,0,3,2020
2020-08-16,Minnesota,100593499,102633994.0,108051411.0,83780774.0,102306725.75,1282958.6594205806,105091774.25,6,8,33,0,3,2020
2020-08-23,Minnesota,100912474,100593499.0,113631395.0,83457389.0,101955876.5,1459385.9767295977,105158100.16666667,6,8,34,0,3,2020
2020-08-30,Minnesota,101213004,100912474.0,102530353.0,86519041.0,101338242.75,900107.091409823,104356034.41666667,6,8,35,1,3,2020
2020-09-06,Minnesota,97276162,101213004.0,106131721.0,83420524.0,99998784.75,1832622.5389321877,103600722.83333333,6,9,36,0,3,2020
2020-09-13,Minnesota,90902813,97276162.0,102315871.0,84249164.0,97576113.25,4795177.590058677,102489686.33333333,6,9,37,0,3,2020
2020-09-20,Minnesota,94896310,90902813.0,103683539.0,85538889.0,96072072.25,4319825.206589144,101393427.91666667,6,9,38,0,3,2020
2020-09-27,Minnesota,93622893,94896310.0,102633994.0,87428014.0,94174544.5,2655153.6640303284,99726052.75,6,9,39,0,3,2020
2020-10-04,Minnesota,90137231,93622893.0,100593499.0,93072470.0,92389811.75,2242640.4202878643,98693292.58333333,6,10,40,0,4,2020
2020-10-11,Minnesota,92733966,90137231.0,100912474.0,98503916.0,92847600.0,2013066.0447905525,97576813.0,6,10,41,0,4,2020
2020-10-18,Minnesota,91361911,92733966.0,101213004.0,100365404.0,91964000.25,1532358.7232201644,96663983.0,6,10,42,0,4,2020
2020-10-25,Minnesota,88195717,91361911.0,97276162.0,89170025.0,90607206.25,1926035.9491600702,95373331.16666667,6,10,43,1,4,2020
2020-11-01,Minnesota,90227674,88195717.0,90902813.0,86761913.0,90629817.0,1919198.3084512178,94339471.16666667,6,11,44,0,4,2020
2020-11-08,Minnesota,92381903,90227674.0,94896310.0,91817825.0,90541801.25,1794560.4559045276,93655171.5,6,11,45,0,4,2020
2020-11-15,Minnesota,90527955,92381903.0,93622893.0,95089557.0,90333312.25,1714164.7872748207,92789794.91666667,6,11,46,0,4,2020
2020-11-22,Minnesota,94588919,90527955.0,90137231.0,93791800.0,91931612.75,2011442.281748828,92237787.83333333,6,11,47,0,4,2020
2020-11-29,Minnesota,90436876,94588919.0,92733966.0,98819370.0,91983913.25,1954276.4626385213,91667847.33333333,6,11,48,0,4,2020
2020-12-06,Minnesota,88823001,90436876.0,91361911.0,100800109.0,91094187.75,2457920.125293117,91494529.66666667,6,12,49,0,4,2020
2020-12-13,Minnesota,91835639,88823001.0,88195717.0,99939397.0,91421108.75,2444431.433207103,91239473.75,6,12,50,0,4,2020
2020-12-20,Minnesota,97675929,91835639.0,90227674.0,105025249.0,92192861.25,3857074.970740254,91577226.75,6,12,51,0,4,2020
2020-12-27,Minnesota,91777387,97675929.0,92381903.0,100116563.0,92527989.0,3709041.844315413,91713906.41666667,6,12,52,0,4,2020
2021-01-03,Minnesota,90331996,91777387.0,90527955.0,110837793.0,92905237.75,3255618.574456923,91513742.25,6,1,53,0,1,2021
2021-01-10,Minnesota,89294777,90331996.0,94588919.0,106339901.0,92270022.25,3744976.5162848393,91341481.08333333,6,1,1,0,1,2021
2021-01-17,Minnesota,89602683,89294777.0,90436876.0,104235251.0,90251710.75,1106208.6848542287,91458728.25,6,1,2,0,1,2021
2021-01-24,Minnesota,88667427,89602683.0,88823001.0,108051411.0,89474220.75,691712.1616300545,91328707.66666667,6,1,3,0,1,2021
2021-01-31,Minnesota,90183510,88667427.0,91835639.0,113631395.0,89437099.25,631716.7037116053,91145508.25,6,1,4,0,1,2021
2021-02-07,Minnesota,90126133,90183510.0,97675929.0,102530353.0,89644938.25,702120.9932185877,91112023.08333333,6,2,5,0,1,2021
2021-02-14,Minnesota,86753736,90126133.0,91777387.0,106131721.0,88932701.5,1613181.314401764,90459091.16666667,6,2,6,0,1,2021
2021-02-21,Minnesota,88350366,86753736.0,90331996.0,102315871.0,88853436.25,1638156.8925863763,90285215.33333333,6,2,7,0,1,2021
2021-02-28,Minnesota,92126306,88350366.0,89294777.0,103683539.0,89339135.25,2312980.7723517553,90560490.75,6,2,8,0,1,2021
2021-03-07,Minnesota,93828613,92126306.0,89602683.0,102633994.0,90264755.25,3274069.620082767,90726571.91666667,6,3,9,0,1,2021
2021-03-14,Minnesota,104257441,93828613.0,88667427.0,100593499.0,94640681.5,6807634.728109145,91275031.25,6,3,10,0,1,2021
2021-03-21,Minnesota,104974234,104257441.0,90183510.0,100912474.0,98796648.5,6761599.000592317,92374768.5,6,3,11,0,1,2021
2021-03-28,Minnesota,92657850,104974234.0,90126133.0,101213004.0,98929534.5,6589850.942541494,92568589.66666667,6,3,12,0,1,2021
2021-04-04,Minnesota,94421283,92657850.0,86753736.0,97276162.0,99077702.0,6441933.543603454,92995798.5,6,4,13,0,2,2021
2021-04-11,Minnesota,95832544,94421283.0,88350366.0,90902813.0,96971477.75,5490966.985644112,93514953.58333333,6,4,14,0,2,2021
2021-04-18,Minnesota,93521570,95832544.0,92126306.0,94896310.0,94108311.75,1356347.180809881,93919465.5,6,4,15,0,2,2021
2021-04-25,Minnesota,100056679,93521570.0,93828613.0,93622893.0,95958019.0,2893244.950715487,94742229.58333333,6,4,16,1,2,2021
2021-05-02,Minnesota,103977711,100056679.0,104257441.0,90137231.0,98347126.0,4627280.41963794,95896527.75,6,5,17,0,2,2021
2021-05-09,Minnesota,105321958,103977711.0,104974234.0,92733966.0,100719479.5,5293016.988559707,97443879.58333333,6,5,18,0,2,2021
2021-05-16,Minnesota,104100075,105321958.0,92657850.0,91361911.0,103364105.75,2286949.8813353074,98756355.33333333,6,5,19,0,2,2021
2021-05-23,Minnesota,110002060,104100075.0,94421283.0,88195717.0,105850451.0,2833498.037697457,100246001.5,6,5,20,0,2,2021
2021-05-30,Minnesota,109039999,110002060.0,95832544.0,90227674.0,107116023.0,2848713.4392490233,101513617.0,6,5,21,0,2,2021
2021-06-06,Minnesota,115436091,109039999.0,93521570.0,92381903.0,109644556.25,4646735.251473186,102445171.16666667,6,6,22,0,2,2021
2021-06-13,Minnesota,117915848,115436091.0,100056679.0,90527955.0,113098499.5,4271242.7729715435,103523639.0,6,6,23,0,2,2021
2021-06-20,Minnesota,114274509,117915848.0,103977711.0,94588919.0,114166611.75,3739971.0395275634,105325027.25,6,6,24,0,2,2021
2021-06-27,Minnesota,111124011,114274509.0,105321958.0,90436876.0,114687614.75,2819671.0600657333,106716921.25,6,6,25,0,2,2021
2021-07-04,Minnesota,122951160,111124011.0,104100075.0,88823001.0,116566382.0,5081290.273943219,108976805.91666667,6,7,26,0,3,2021
2021-07-11,Minnesota,106159315,122951160.0,110002060.0,91835639.0,113627248.75,7056687.148998474,110029951.33333333,6,7,27,0,3,2021
2021-07-18,Minnesota,111405611,106159315.0,109039999.0,97675929.0,112910024.25,7114529.384386916,110975695.66666667,6,7,28,0,3,2021
2021-07-25,Minnesota,111300951,111405611.0,115436091.0,91777387.0,112954259.25,7100258.951561898,111585965.66666667,6,7,29,0,3,2021
2021-08-01,Minnesota,110440238,111300951.0,117915848.0,90331996.0,109826528.75,2482775.157982467,112012489.0,6,8,30,0,3,2021
2021-08-08,Minnesota,107412088,110440238.0,114274509.0,89294777.0,110139722.0,1869155.3221507878,112288490.08333333,6,8,31,0,3,2021
2021-08-15,Minnesota,108478416,107412088.0,111124011.0,89602683.0,109407923.25,1779191.752667729,112161519.75,6,8,32,1,3,2021
2021-08-22,Minnesota,109695212,108478416.0,122951160.0,88667427.0,109006488.5,1335533.7519582259,112216120.83333333,6,8,33,0,3,2021
2021-08-29,Minnesota,106212318,109695212.0,106159315.0,90183510.0,107949508.5,1487041.29964827,111447473.08333333,6,8,34,0,3,2021
2021-09-05,Minnesota,106419904,106212318.0,111405611.0,90126133.0,107701462.5,1677164.0091450857,110489477.75,6,9,35,0,3,2021
2021-09-12,Minnesota,98946363,106419904.0,111300951.0,86753736.0,105318449.25,4537684.4041776275,109212132.25,6,9,36,0,3,2021
2021-09-19,Minnesota,101096975,98946363.0,110440238.0,88350366.0,103168890.0,3739612.816515181,108376545.91666667,6,9,37,0,3,2021
2021-09-26,Minnesota,101130925,101096975.0,107412088.0,92126306.0,101898541.75,3182756.703303106,106558193.0,6,9,38,0,3,2021
2021-10-03,Minnesota,142310494,101130925.0,108478416.0,93828613.0,110871189.25,20984433.723761305,109570791.25,6,10,39,0,4,2021
2021-10-10,Minnesota,142365708,142310494.0,109695212.0,104257441.0,121726025.5,23800789.3865235,112150799.33333333,6,10,40,0,4,2021
2021-10-17,Minnesota,141654269,142365708.0,106212318.0,104974234.0,131865349.0,20492164.08433625,114680242.5,6,10,41,0,4,2021
2021-10-24,Minnesota,138827291,141654269.0,106419904.0,92657850.0,141289440.5,1672939.7255710033,117045830.25,6,10,42,0,4,2021
2021-10-31,Minnesota,139945356,138827291.0,98946363.0,94421283.0,140698156.0,1608490.5377089588,119756935.91666667,6,10,43,0,4,2021
2021-11-07,Minnesota,139426569,139945356.0,101096975.0,95832544.0,139963371.25,1216318.8644749012,122335948.66666667,6,11,44,0,4,2021
2021-11-14,Minnesota,142219907,139426569.0,101130925.0,93521570.0,140104780.75,1482242.2815388564,125046339.91666667,6,11,45,0,4,2021
2021-11-21,Minnesota,144134749,142219907.0,142310494.0,100056679.0,141431645.25,2172365.298682259,128206542.5,6,11,46,0,4,2021
2021-11-28,Minnesota,135947926,144134749.0,142365708.0,103977711.0,140432287.75,3560185.9689107337,130667211.0,6,11,47,0,4,2021
2021-12-05,Minnesota,136907438,135947926.0,141654269.0,105321958.0,139802505.0,3993801.9775175736,133830633.91666667,6,12,48,0,4,2021
2021-12-12,Minnesota,143149995,136907438.0,138827291.0,104100075.0,140035027.0,4203052.607150738,137335052.25,6,12,49,0,4,2021
2021-12-19,Minnesota,150556757,143149995.0,139945356.0,110002060.0,141640529.0,6747480.7319233315,141453871.58333334,6,12,50,0,4,2021
2021-12-26,Minnesota,143077721,150556757.0,139426569.0,109039999.0,143422977.75,5583809.5247712545,141517807.16666666,6,12,51,0,4,2021
2022-01-02,Minnesota,136647628,143077721.0,142219907.0,115436091.0,143358025.25,5685449.765812978,141041300.5,6,1,52,0,1,2022
2022-01-09,Minnesota,136449092,136647628.0,144134749.0,117915848.0,141682799.5,6669272.1725072,140607535.75,6,1,1,0,1,2022
2022-01-16,Minnesota,138917297,136449092.0,135947926.0,114274509.0,138772934.5,3080541.025303654,140615036.25,6,1,2,0,1,2022
2022-01-23,Minnesota,137356428,138917297.0,136907438.0,111124011.0,137342611.25,1119703.0085003749,140399292.25,6,1,3,0,1,2022
2022-01-30,Minnesota,137044187,137356428.0,143149995.0,122951160.0,137441751.0,1053240.2443288395,140200760.41666666,6,1,4,0,1,2022
2022-02-06,Minnesota,136857025,137044187.0,150556757.0,106159315.0,137543734.25,938593.8611373872,139753853.58333334,6,2,5,0,1,2022
2022-02-13,Minnesota,137682763,136857025.0,143077721.0,111405611.0,137235100.75,362634.4000709101,139216188.08333334,6,2,6,0,1,2022
2022-02-20,Minnesota,137238387,137682763.0,136647628.0,111300951.0,137205590.5,354174.2522029787,139323726.5,6,2,7,0,1,2022
2022-02-27,Minnesota,137778767,137238387.0,136449092.0,110440238.0,137389235.5,425791.9949970185,139396337.25,6,2,8,0,1,2022
2022-03-06,Minnesota,143332612,137778767.0,138917297.0,107412088.0,139008132.25,2892580.5044867448,139411555.33333334,6,3,9,0,1,2022
2022-03-13,Minnesota,139805622,143332612.0,137356428.0,108478416.0,139538847.0,2760061.568990181,138515627.41666666,6,3,10,0,1,2022
2022-03-20,Minnesota,143171252,139805622.0,137044187.0,109695212.0,141022063.25,2705324.85351996,138523421.66666666,6,3,11,0,1,2022
2022-03-27,Minnesota,140142116,143171252.0,136857025.0,106212318.0,141612900.5,1898712.6922195316,138814629.0,6,3,12,0,1,2022
2022-04-03,Minnesota,146116218,140142116.0,137682763.0,106419904.0,142308802.0,2955259.432184796,139620222.83333334,6,4,13,0,2,2022
2022-04-10,Minnesota,143712011,146116218.0,137238387.0,98946363.0,143285399.25,2455523.811396279,140019782.33333334,6,4,14,0,2,2022
2022-04-17,Minnesota,154502102,143712011.0,137778767.0,101096975.0,146118111.75,6104455.80761988,141448588.5,6,4,15,0,2,2022
2022-04-24,Minnesota,143095708,154502102.0,143332612.0,101130925.0,146856509.75,5261007.980730569,141952881.91666666,6,4,16,0,2,2022
2022-05-01,Minnesota,149729277,143095708.0,139805622.0,142310494.0,147759774.5,5399871.167695161,143025569.58333334,6,5,17,0,2,2022
2022-05-08,Minnesota,156582183,149729277.0,143171252.0,142365708.0,150977317.5,5986540.359970314,144600521.25,6,5,18,0,2,2022
2022-05-15,Minnesota,161717721,156582183.0,140142116.0,141654269.0,152781222.25,8112374.67551358,146640465.75,6,5,19,0,2,2022
2022-05-22,Minnesota,163927826,161717721.0,146116218.0,138827291.0,157989251.75,6308068.177839715,148819554.0,6,5,20,0,2,2022
2022-05-29,Minnesota,164135791,163927826.0,143712011.0,139945356.0,161590880.25,3513830.9047688628,150553152.25,6,5,21,0,2,2022
2022-06-05,Minnesota,168279111,164135791.0,154502102.0,139426569.0,164515112.25,2737509.460910184,152925943.0,6,6,22,0,2,2022
2022-06-12,Minnesota,173059131,168279111.0,143095708.0,142219907.0,167350464.75,4301156.338453971,155416599.58333334,6,6,23,0,2,2022
2022-06-19,Minnesota,169844069,173059131.0,149729277.0,144134749.0,168829525.5,3708232.322698714,157891762.33333334,6,6,24,0,2,2022
2022-06-26,Minnesota,170761157,169844069.0,156582183.0,135947926.0,170485867.0,1998261.6540496352,159945507.25,6,6,25,0,2,2022
2022-07-03,Minnesota,177884742,170761157.0,161717721.0,136907438.0,172887274.75,3595631.2106584865,162793234.83333334,6,7,26,0,3,2022
2022-07-10,Minnesota,160262968,177884742.0,163927826.0,143149995.0,169688234.0,7238642.388274511,163273307.0,6,7,27,1,3,2022
2022-07-17,Minnesota,168999832,160262968.0,164135791.0,150556757.0,169477174.75,7244889.224235024,165431984.0,6,7,28,0,3,2022
2022-07-24,Minnesota,167503484,168999832.0,168279111.0,143077721.0,168662756.5,7235537.207167102,166913167.91666666,6,7,29,0,3,2022
2022-07-31,Minnesota,165469005,167503484.0,173059131.0,136647628.0,165558822.25,3815599.419800616,167653736.41666666,6,7,30,0,3,2022
2022-08-07,Minnesota,164476856,165469005.0,169844069.0,136449092.0,166612294.25,2029923.0286645833,167883664.33333334,6,8,31,0,3,2022
2022-08-14,Minnesota,162917111,164476856.0,170761157.0,138917297.0,165091614.0,1920584.2478573786,167799438.08333334,6,8,32,0,3,2022
2022-08-21,Minnesota,161040274,162917111.0,177884742.0,137356428.0,163475811.5,1933813.1228248442,167541478.33333334,6,8,33,0,3,2022
2022-08-28,Minnesota,157247429,161040274.0,160262968.0,137044187.0,161420417.5,3116635.4636021983,166622171.5,6,8,34,0,3,2022
2022-09-04,Minnesota,158827611,157247429.0,168999832.0,136857025.0,160008106.25,2486134.0010548085,165436211.5,6,9,35,0,3,2022
2022-09-11,Minnesota,152012109,158827611.0,167503484.0,137682763.0,157281855.75,3842155.777038301,163950214.83333334,6,9,36,0,3,2022
2022-09-18,Minnesota,155422657,152012109.0,165469005.0,137238387.0,155877451.5,2928480.271715609,162672006.5,6,9,37,0,3,2022
2022-09-25,Minnesota,150349561,155422657.0,164476856.0,137778767.0,154152984.5,3764464.521398789,160377408.08333334,6,9,38,0,3,2022
2022-10-02,Minnesota,147925689,150349561.0,162917111.0,143332612.0,151427504.0,3147892.4115936975,159349301.5,6,10,39,1,4,2022
2022-10-09,Minnesota,149476006,147925689.0,161040274.0,139805622.0,150793478.25,3244806.452175244,157722316.0,6,10,40,1,4,2022
2022-10-16,Minnesota,148281618,149476006.0,157247429.0,143171252.0,149008218.5,1113230.0230159806,156120493.83333334,6,10,41,0,4,2022
2022-10-23,Minnesota,146004889,148281618.0,158827611.0,140142116.0,147922050.5,1439859.7083050043,154498484.16666666,6,10,42,0,4,2022
2022-10-30,Minnesota,145187253,146004889.0,152012109.0,146116218.0,147237441.5,1985273.628042282,152891017.25,6,10,43,0,4,2022
2022-11-06,Minnesota,147112423,145187253.0,155422657.0,143712011.0,146646545.75,1345580.6169098234,151573959.91666666,6,11,44,0,4,2022
2022-11-13,Minnesota,145251407,147112423.0,150349561.0,154502102.0,145888993.0,896133.8781513046,150258221.0,6,11,45,0,4,2022
2022-11-20,Minnesota,148888193,145251407.0,147925689.0,143095708.0,146609819.0,1761871.736798822,149561618.0,6,11,46,0,4,2022
2022-11-27,Minnesota,149075120,148888193.0,149476006.0,149729277.0,147581785.75,1787709.2972679003,148748910.41666666,6,11,47,0,4,2022
2022-12-04,Minnesota,141815147,149075120.0,148281618.0,156582183.0,146257466.75,3445105.2921250598,147899163.58333334,6,12,48,0,4,2022
2022-12-11,Minnesota,147925775,141815147.0,146004889.0,161717721.0,146926058.75,3444284.4718013774,147274423.41666666,6,12,49,0,4,2022
2022-12-18,Minnesota,155565500,147925775.0,145187253.0,163927826.0,148595385.5,5634200.732200694,147709085.0,6,12,50,0,4,2022
2022-12-25,Minnesota,158967123,155565500.0,147112423.0,164135791.0,151068386.25,7705247.48494181,148629204.5,6,12,51,1,4,2022
2023-01-01,Minnesota,142235161,158967123.0,145251407.0,168279111.0,151173389.75,7538166.1158855315,148025800.75,6,1,52,0,1,2023
2023-01-08,Minnesota,139611641,142235161.0,148888193.0,173059131.0,149094856.25,9597181.386971112,147303302.66666666,6,1,1,0,1,2023
2023-01-15,Minnesota,146028384,139611641.0,149075120.0,169844069.0,146710577.25,8585114.012920199,147305260.58333334,6,1,2,0,1,2023
2023-01-22,Minnesota,142633406,146028384.0,141815147.0,170761157.0,142627148.0,2634095.7819510875,147092440.0,6,1,3,0,1,2023
2023-01-29,Minnesota,143647987,142633406.0,147925775.0,177884742.0,142980354.5,2658622.5064031766,146803737.0,6,1,4,0,1,2023
2023-02-05,Minnesota,142903528,143647987.0,155565500.0,160262968.0,143803326.25,1544167.7969582055,146608080.41666666,6,2,5,0,1,2023
2023-02-12,Minnesota,149857578,142903528.0,158967123.0,168999832.0,144760624.75,3424945.8946880824,146688862.5,6,2,6,0,1,2023
2023-02-19,Minnesota,144808511,149857578.0,142235161.0,167503484.0,145304401.0,3135029.3027313957,146333311.75,6,2,7,0,1,2023
2023-02-26,Minnesota,145381583,144808511.0,139611641.0,165469005.0,145737800.0,2943701.5890359036,146630514.75,6,2,8,0,1,2023
2023-03-05,Minnesota,150408045,145381583.0,146028384.0,164476856.0,147613929.25,2926589.817238726,146837370.58333334,6,3,9,0,1,2023
2023-03-12,Minnesota,159753821,150408045.0,142633406.0,162917111.0,150087990.0,6917463.154574211,147186397.33333334,6,3,10,0,1,2023
2023-03-19,Minnesota,160661473,159753821.0,143647987.0,161040274.0,154051230.5,7408338.380526865,147327593.16666666,6,3,11,0,1,2023
2023-03-26,Minnesota,148335593,160661473.0,142903528.0,157247429.0,154789733.0,6323886.283193462,147835962.5,6,3,12,0,1,2023
2023-04-02,Minnesota,145671349,148335593.0,149857578.0,158827611.0,153605559.0,7709545.554295991,148340938.16666666,6,4,13,0,2,2023
2023-04-09,Minnesota,158004187,145671349.0,144808511.0,152012109.0,153168150.5,7282233.536481012,149338921.75,6,4,14,0,2,2023
2023-04-16,Minnesota,156591378,158004187.0,145381583.0,155422657.0,152150626.75,6069595.317098716,150502086.08333334,6,4,15,0,2,2023
2023-04-23,Minnesota,153923321,156591378.0,150408045.0,150349561.0,153547558.75,5516709.414131098,151358363.91666666,6,4,16,0,2,2023
2023-04-30,Minnesota,160640376,153923321.0,159753821.0,147925689.0,157289815.5,2802242.106130274,152836434.58333334,6,4,17,0,2,2023
2023-05-07,Minnesota,168499755,160640376.0,160661473.0,149476006.0,159913707.5,6355335.357191373,154389949.33333334,6,5,18,0,2,2023
2020-05-03,Mississippi,80084004,74321524.0,80995359.0,44056171.0,75742905.25,2909219.931581353,75463461.66666667,6,5,18,0,2,2020
2020-05-10,Mississippi,80520035,80084004.0,83519431.0,41552217.0,77392782.75,3366610.4439356932,76428166.66666667,6,5,19,0,2,2020
2020-05-17,Mississippi,81316607,80520035.0,72978267.0,38851699.0,79060542.5,3200297.6513152076,77596243.16666667,6,5,20,0,2,2020
2020-05-24,Mississippi,85387819,81316607.0,77455655.0,36538417.0,81827116.25,2428039.365303804,78508889.91666667,6,5,21,0,2,2020
2020-05-31,Mississippi,83005768,85387819.0,73920525.0,36599073.0,82557557.25,2152729.1896682135,79012546.83333333,6,5,22,0,2,2020
2020-06-07,Mississippi,85302924,83005768.0,74645568.0,38349706.0,83753279.5,1963777.2929,79371510.58333333,6,6,23,0,2,2020
2020-06-14,Mississippi,84243209,85302924.0,74321524.0,36392273.0,84484930.0,1115149.0176118386,79431825.41666667,6,6,24,0,2,2020
2020-06-21,Mississippi,85725635,84243209.0,80084004.0,38443750.0,84569384.0,1214671.7571264463,80494106.08333333,6,6,25,0,2,2020
2020-06-28,Mississippi,83644914,85725635.0,80520035.0,37637324.0,84729170.5,954621.2714644043,81009877.66666667,6,6,26,0,2,2020
2020-07-05,Mississippi,88490037,83644914.0,81316607.0,36069396.0,85525948.75,2160972.5240552155,82224003.66666667,6,7,27,0,3,2020
2020-07-12,Mississippi,84387136,88490037.0,85387819.0,35860883.0,85561930.5,2133518.3162376774,83035801.0,6,7,28,0,3,2020
2020-07-19,Mississippi,84440406,84387136.0,83005768.0,37353845.0,85240623.25,2196494.621158503,83879041.16666667,6,7,29,0,3,2020
2020-07-26,Mississippi,83261697,84440406.0,85302924.0,35853471.0,85144819.0,2295423.9359695595,84143848.91666667,6,7,30,0,3,2020
2020-08-02,Mississippi,84643249,83261697.0,84243209.0,68052452.0,84183122.0,624114.7478912135,84487450.08333333,6,8,31,0,3,2020
2020-08-09,Mississippi,88015157,84643249.0,85725635.0,70894239.0,85090127.25,2042938.5771909298,85045662.58333333,6,8,32,0,3,2020
2020-08-16,Mississippi,87084174,88015157.0,83644914.0,70297795.0,85751069.25,2185368.1245618328,85187025.5,6,8,33,0,3,2020
2020-08-23,Mississippi,85014743,87084174.0,88490037.0,68431296.0,86189330.75,1623207.8422466116,85354440.08333333,6,8,34,0,3,2020
2020-08-30,Mississippi,82928450,85014743.0,84387136.0,70528160.0,85760631.0,2266587.1321460335,85156567.25,6,8,35,1,3,2020
2020-09-06,Mississippi,88797296,82928450.0,84440406.0,71994582.0,85956165.75,2542817.542710494,85536074.5,6,9,36,0,3,2020
2020-09-13,Mississippi,86952829,88797296.0,83261697.0,68943575.0,85923329.5,2524175.463468216,85638340.66666667,6,9,37,0,3,2020
2020-09-20,Mississippi,85302068,86952829.0,84643249.0,67299689.0,85995160.75,2493604.0062941494,85776436.83333333,6,9,38,0,3,2020
2020-09-27,Mississippi,80731913,85302068.0,88015157.0,74436058.0,85446026.5,3451813.5898027555,85129926.5,6,9,39,0,3,2020
2020-10-04,Mississippi,84063070,80731913.0,87084174.0,76961885.0,84262470.0,2634602.350813368,85102921.0,6,10,40,0,4,2020
2020-10-11,Mississippi,82272528,84063070.0,85014743.0,80995359.0,83092394.75,2005735.267723264,84922264.5,6,10,41,0,4,2020
2020-10-18,Mississippi,78326190,82272528.0,82928450.0,83519431.0,81348425.25,2431546.5087061184,84510972.25,6,10,42,0,4,2020
2020-10-25,Mississippi,76949399,78326190.0,88797296.0,72978267.0,80402796.75,3323238.7227794677,83869818.08333333,6,10,43,1,4,2020
2020-11-01,Mississippi,75112491,76949399.0,86952829.0,77455655.0,78165152.0,3038270.6364394207,82794595.91666667,6,11,44,0,4,2020
2020-11-08,Mississippi,78938981,75112491.0,85302068.0,73920525.0,77331765.25,1697390.6637652954,82115829.83333333,6,11,45,0,4,2020
2020-11-15,Mississippi,76427039,78938981.0,80731913.0,74645568.0,76856977.5,1588643.0866349447,81400187.83333333,6,11,46,0,4,2020
2020-11-22,Mississippi,78777516,76427039.0,84063070.0,74321524.0,77314006.75,1863311.0337100432,81054276.66666667,6,11,47,0,4,2020
2020-11-29,Mississippi,74642425,78777516.0,82272528.0,80084004.0,77196490.25,2053551.4735357675,79874704.08333333,6,11,48,0,4,2020
2020-12-06,Mississippi,72702237,74642425.0,78326190.0,80520035.0,75637304.25,2587728.430773392,78687154.75,6,12,49,0,4,2020
2020-12-13,Mississippi,73894361,72702237.0,76949399.0,81316607.0,75004134.75,2639417.2986185644,77736512.5,6,12,50,0,4,2020
2020-12-20,Mississippi,75204508,73894361.0,75112491.0,85387819.0,74110882.75,1081621.9099403077,77275895.41666667,6,12,51,0,4,2020
2020-12-27,Mississippi,74054031,75204508.0,78938981.0,83005768.0,73963784.25,1023696.0732761064,76441808.83333333,6,12,52,0,4,2020
2021-01-03,Mississippi,72374353,74054031.0,76427039.0,85302924.0,73881813.25,1162149.47496048,75616960.91666667,6,1,53,0,1,2021
2021-01-10,Mississippi,74935324,72374353.0,78777516.0,84243209.0,74142054.0,1276792.9444440086,75334388.75,6,1,1,0,1,2021
2021-01-17,Mississippi,73378114,74935324.0,74642425.0,85725635.0,73685455.5,1081891.5117547617,75036781.66666667,6,1,2,0,1,2021
2021-01-24,Mississippi,71537284,73378114.0,72702237.0,83644914.0,73056268.75,1461364.2893235942,74738847.75,6,1,3,0,1,2021
2021-01-31,Mississippi,71007272,71537284.0,73894361.0,88490037.0,72714498.5,1795634.3108219458,74077872.0,6,1,4,0,1,2021
2021-02-07,Mississippi,73886810,71007272.0,75204508.0,84387136.0,72452370.0,1395267.0812591172,73866186.25,6,2,5,0,1,2021
2021-02-14,Mississippi,72133584,73886810.0,74054031.0,84440406.0,72141237.5,1251361.860024378,73312525.25,6,2,6,0,1,2021
2021-02-21,Mississippi,65114278,72133584.0,72374353.0,83261697.0,70535486.0,3803391.818699023,72518513.0,6,2,7,0,1,2021
2021-02-28,Mississippi,77157319,65114278.0,74935324.0,84643249.0,72072997.75,5084869.342935658,72889769.83333333,6,2,8,0,1,2021
2021-03-07,Mississippi,77050481,77157319.0,73378114.0,88015157.0,72863915.5,5673062.364687494,73152779.83333333,6,3,9,0,1,2021
2021-03-14,Mississippi,84884720,77050481.0,71537284.0,87084174.0,76051699.5,8162299.495967318,73959464.16666667,6,3,10,0,1,2021
2021-03-21,Mississippi,84883463,84884720.0,71007272.0,85014743.0,80993995.75,4492107.439566226,74861916.83333333,6,3,11,0,1,2021
2021-03-28,Mississippi,73043661,84883463.0,73886810.0,82928450.0,79965581.25,5910281.334636129,74917692.5,6,3,12,0,1,2021
2021-04-04,Mississippi,78613964,73043661.0,72133584.0,88797296.0,80356452.0,5701234.261507764,75224245.83333333,6,4,13,0,2,2021
2021-04-11,Mississippi,75948633,78613964.0,65114278.0,86952829.0,78122430.25,5048843.460068014,75438455.75,6,4,14,0,2,2021
2021-04-18,Mississippi,75186879,75948633.0,77157319.0,85302068.0,75698284.25,2300175.5607166677,75742588.66666667,6,4,15,0,2,2021
2021-04-25,Mississippi,76356586,75186879.0,77050481.0,80731913.0,76526515.5,1473645.3000480304,76188364.83333333,6,4,16,1,2,2021
2021-05-02,Mississippi,80162039,76356586.0,84884720.0,84063070.0,76913534.25,2219260.179921431,76711300.58333333,6,5,17,0,2,2021
2021-05-09,Mississippi,83166644,80162039.0,84883463.0,82272528.0,78718037.0,3647865.753323805,77630722.25,6,5,18,0,2,2021
2021-05-16,Mississippi,80190784,83166644.0,73043661.0,78326190.0,79969013.25,2790514.5436882353,78887097.75,6,5,19,0,2,2021
2021-05-23,Mississippi,83026106,80190784.0,78613964.0,76949399.0,81636393.25,1686858.5638761239,79376163.33333333,6,5,20,0,2,2021
2021-05-30,Mississippi,83526280,83026106.0,75948633.0,75112491.0,82477453.5,1538927.9320768397,79915813.25,6,5,21,0,2,2021
2021-06-06,Mississippi,84919031,83526280.0,75186879.0,78938981.0,82915550.25,1985237.1507498922,79918672.5,6,6,22,0,2,2021
2021-06-13,Mississippi,83357018,84919031.0,76356586.0,76427039.0,83707108.75,834222.7631383678,79791468.75,6,6,23,0,2,2021
2021-06-20,Mississippi,88850382,83357018.0,80162039.0,78777516.0,85163177.75,2555825.3789613396,81108695.5,6,6,24,0,2,2021
2021-06-27,Mississippi,83858614,88850382.0,83166644.0,74642425.0,85246261.25,2489415.658690383,81545749.66666667,6,6,25,0,2,2021
2021-07-04,Mississippi,89465561,83858614.0,80190784.0,72702237.0,86382893.75,3220727.0374253816,82672160.33333333,6,7,26,0,3,2021
2021-07-11,Mississippi,83019370,89465561.0,83026106.0,73894361.0,86298481.75,3329069.6582383006,83324867.91666667,6,7,27,0,3,2021
2021-07-18,Mississippi,87160318,83019370.0,83526280.0,75204508.0,85875965.75,2986893.7110342924,84225178.91666667,6,7,28,0,3,2021
2021-07-25,Mississippi,85932976,87160318.0,84919031.0,74054031.0,86394556.25,2684672.530102733,84706090.33333333,6,7,29,0,3,2021
2021-08-01,Mississippi,87989100,85932976.0,83357018.0,72374353.0,86025441.0,2174773.1764236838,85107961.66666667,6,8,30,0,3,2021
2021-08-08,Mississippi,90401766,87989100.0,88850382.0,74935324.0,87871040.0,1886772.3833799572,85958876.83333333,6,8,31,0,3,2021
2021-08-15,Mississippi,89407334,90401766.0,83858614.0,73378114.0,88432794.0,1938430.0646952987,86490645.83333333,6,8,32,1,3,2021
2021-08-22,Mississippi,88266535,89407334.0,89465561.0,71537284.0,89016183.75,1109010.2144826562,86885667.08333333,6,8,33,0,3,2021
2021-08-29,Mississippi,88796969,88266535.0,83019370.0,71007272.0,89218151.0,916460.940119445,87208828.58333333,6,8,34,0,3,2021
2021-09-05,Mississippi,90661871,88796969.0,87160318.0,73886810.0,89283177.25,1030561.5429969236,87817566.33333333,6,9,35,0,3,2021
2021-09-12,Mississippi,87545104,90661871.0,85932976.0,72133584.0,88817619.75,1332251.21033067,87708793.16666667,6,9,36,0,3,2021
2021-09-19,Mississippi,83689759,87545104.0,87989100.0,65114278.0,87673425.75,2948401.922705848,87694721.91666667,6,9,37,0,3,2021
2021-09-26,Mississippi,79384217,83689759.0,90401766.0,77157319.0,85320237.75,4877768.578169277,86854609.91666667,6,9,38,0,3,2021
2021-10-03,Mississippi,81310913,79384217.0,89407334.0,77050481.0,82982498.25,3514703.126417297,86712238.5,6,10,39,0,4,2021
2021-10-10,Mississippi,84218998,81310913.0,88266535.0,84884720.0,82150971.75,2236457.714150555,86467128.5,6,10,40,0,4,2021
2021-10-17,Mississippi,83952608,84218998.0,88796969.0,84883463.0,82216684.0,2299708.9597672876,86302097.83333333,6,10,41,0,4,2021
2021-10-24,Mississippi,82838945,83952608.0,90661871.0,73043661.0,83080366.0,1322439.2810809638,85872918.25,6,10,42,0,4,2021
2021-10-31,Mississippi,78428832,82838945.0,87545104.0,78613964.0,82359845.75,2687982.1345974114,84875173.75,6,10,43,0,4,2021
2021-11-07,Mississippi,81938578,78428832.0,83689759.0,75948633.0,81789740.75,2387235.81101341,84252777.41666667,6,11,44,0,4,2021
2021-11-14,Mississippi,81282714,81938578.0,79384217.0,75186879.0,81122267.25,1905577.982611274,83670792.33333333,6,11,45,0,4,2021
2021-11-21,Mississippi,81753713,81282714.0,81310913.0,76356586.0,80850959.25,1638189.189097783,83083854.33333333,6,11,46,0,4,2021
2021-11-28,Mississippi,77581365,81753713.0,84218998.0,80162039.0,80639092.5,2057100.5098802543,81993812.16666667,6,11,47,0,4,2021
2021-12-05,Mississippi,76082822,77581365.0,83952608.0,83166644.0,79175153.5,2780494.934648915,81038622.0,6,12,48,0,4,2021
2021-12-12,Mississippi,77581164,76082822.0,82838945.0,80190784.0,78249766.0,2440428.8836971405,80529572.41666667,6,12,49,0,4,2021
2021-12-19,Mississippi,79507132,77581164.0,78428832.0,83026106.0,77688120.75,1403403.308735182,80539815.33333333,6,12,50,0,4,2021
2021-12-26,Mississippi,80883670,79507132.0,81938578.0,83526280.0,78513697.0,2112065.0385872605,80504211.75,6,12,51,0,4,2021
2022-01-02,Mississippi,110968258,80883670.0,81282714.0,84919031.0,87235056.0,15880002.32358547,82733316.75,6,1,52,0,1,2022
2022-01-09,Mississippi,112145741,110968258.0,81753713.0,83357018.0,95876200.25,18121722.894687917,85082744.5,6,1,1,0,1,2022
2022-01-16,Mississippi,113551277,112145741.0,77581365.0,88850382.0,104387236.5,15704580.144717282,87642105.5,6,1,2,0,1,2022
2022-01-23,Mississippi,109174948,113551277.0,76082822.0,83858614.0,111460056.0,1853550.9195895428,90204281.83333333,6,1,3,0,1,2022
2022-01-30,Mississippi,109188689,109174948.0,77581164.0,89465561.0,111015163.75,2193359.626537828,92475124.41666667,6,1,4,0,1,2022
2022-02-06,Mississippi,113290910,109188689.0,79507132.0,83019370.0,111301456.0,2449860.0246075094,95142474.08333333,6,2,5,0,1,2022
2022-02-13,Mississippi,113033145,113290910.0,80883670.0,87160318.0,111171923.0,2300389.785002658,97749093.41666667,6,2,6,0,1,2022
2022-02-20,Mississippi,106562405,113033145.0,110968258.0,85932976.0,110518787.25,3236705.1816531196,100164180.08333333,6,2,7,0,1,2022
2022-02-27,Mississippi,120831667,106562405.0,112145741.0,87989100.0,113429531.75,5834534.386021634,103893250.5,6,2,8,0,1,2022
2022-03-06,Mississippi,123696413,120831667.0,113551277.0,90401766.0,116030907.5,7755565.441373542,107736187.91666667,6,3,9,0,1,2022
2022-03-13,Mississippi,121263063,123696413.0,109174948.0,89407334.0,118088387.0,7786791.584565402,111215848.83333333,6,3,10,0,1,2022
2022-03-20,Mississippi,122723018,121263063.0,109188689.0,88266535.0,122128540.25,1321937.9526879555,114702461.16666667,6,3,11,0,1,2022
2022-03-27,Mississippi,119940036,122723018.0,113290910.0,88796969.0,121905632.5,1648380.9246179229,115450109.33333333,6,3,12,0,1,2022
2022-04-03,Mississippi,122095739,119940036.0,113033145.0,90661871.0,121505464.0,1202800.2586361712,116279275.83333333,6,4,13,0,2,2022
2022-04-10,Mississippi,125207942,122095739.0,106562405.0,87545104.0,122491683.75,2167890.9029321936,117250664.58333333,6,4,14,0,2,2022
2022-04-17,Mississippi,122894624,125207942.0,120831667.0,83689759.0,122534585.25,2175678.902173334,118393970.91666667,6,4,15,0,2,2022
2022-04-24,Mississippi,119312727,122894624.0,123696413.0,79384217.0,122377758.0,2432491.2937928294,119237640.75,6,4,16,0,2,2022
2022-05-01,Mississippi,126600178,119312727.0,121263063.0,81310913.0,123503867.75,3184747.239943986,120346746.41666667,6,5,17,0,2,2022
2022-05-08,Mississippi,128793331,126600178.0,122723018.0,84218998.0,124400215.0,4174871.0079973233,121660095.25,6,5,18,0,2,2022
2022-05-15,Mississippi,127925111,128793331.0,119940036.0,83952608.0,125657836.75,4325131.269202222,123440320.75,6,5,19,0,2,2022
2022-05-22,Mississippi,132576708,127925111.0,122095739.0,82838945.0,128973832.0,2565628.26158518,124419074.16666667,6,5,20,0,2,2022
2022-05-29,Mississippi,129924948,132576708.0,125207942.0,78428832.0,129805024.5,2021073.1122721895,124938118.75,6,5,21,0,2,2022
2022-06-05,Mississippi,128096228,129924948.0,122894624.0,81938578.0,129630748.75,2162497.2576295934,125507549.16666667,6,6,22,0,2,2022
2022-06-12,Mississippi,129274780,128096228.0,119312727.0,81282714.0,129968166.0,1896601.8016554222,126053529.33333333,6,6,23,0,2,2022
2022-06-19,Mississippi,135929880,129274780.0,126600178.0,81753713.0,130806459.0,3498470.9526098105,127386016.33333333,6,6,24,0,2,2022
2022-06-26,Mississippi,131695553,135929880.0,128793331.0,77581365.0,131249110.25,3461577.8194330465,128186000.83333333,6,6,25,0,2,2022
2022-07-03,Mississippi,136207450,131695553.0,127925111.0,76082822.0,133276915.75,3373625.597223089,129102626.5,6,7,26,0,3,2022
2022-07-10,Mississippi,130807997,136207450.0,132576708.0,77581164.0,133660220.0,2806826.7759825494,129762074.25,6,7,27,1,3,2022
2022-07-17,Mississippi,128249542,130807997.0,129924948.0,79507132.0,131740135.5,3317228.3413838535,130506808.83333333,6,7,28,0,3,2022
2022-07-24,Mississippi,130097352,128249542.0,128096228.0,80883670.0,131340585.25,3419073.9499707893,130798240.0,6,7,29,0,3,2022
2022-07-31,Mississippi,135051986,130097352.0,129274780.0,110968258.0,131051719.25,2876603.830595526,131319794.58333333,6,7,30,0,3,2022
2022-08-07,Mississippi,137049614,135051986.0,135929880.0,112145741.0,132612123.5,4123123.573127975,132080169.83333333,6,8,31,0,3,2022
2022-08-14,Mississippi,136515381,137049614.0,131695553.0,113551277.0,134678583.25,3168739.0852690176,132408392.58333333,6,8,32,0,3,2022
2022-08-21,Mississippi,132428742,136515381.0,136207450.0,109174948.0,135261430.75,2068653.6058295323,132617042.08333333,6,8,33,0,3,2022
2022-08-28,Mississippi,131486639,132428742.0,130807997.0,109188689.0,134370094.0,2820475.3776445673,132899576.33333333,6,8,34,0,3,2022
2022-09-04,Mississippi,138658756,131486639.0,128249542.0,113290910.0,134772379.5,3387757.561844353,133681574.33333333,6,9,35,0,3,2022
2022-09-11,Mississippi,133104584,138658756.0,130097352.0,113033145.0,133919680.25,3228302.3118721154,133446133.0,6,9,36,0,3,2022
2022-09-18,Mississippi,129734298,133104584.0,135051986.0,106562405.0,133246069.25,3862008.460483332,133282695.08333333,6,9,37,0,3,2022
2022-09-25,Mississippi,130304299,129734298.0,137049614.0,120831667.0,132950484.25,4080615.2917096755,132790765.83333333,6,9,38,0,3,2022
2022-10-02,Mississippi,129796112,130304299.0,136515381.0,123696413.0,130734823.25,1600348.5796165904,132706442.08333333,6,10,39,1,4,2022
2022-10-09,Mississippi,130359054,129796112.0,132428742.0,121263063.0,130048440.75,328785.39131299395,132882234.75,6,10,40,1,4,2022
2022-10-16,Mississippi,128427931,130359054.0,131486639.0,122723018.0,129721849.0,899076.7483772386,132743116.33333333,6,10,41,0,4,2022
2022-10-23,Mississippi,122593677,128427931.0,138658756.0,119940036.0,127794193.5,3560579.64151816,131704923.91666667,6,10,42,0,4,2022
2022-10-30,Mississippi,119071387,122593677.0,133104584.0,122095739.0,125113012.25,5207620.253857945,130206738.33333333,6,10,43,0,4,2022
2022-11-06,Mississippi,124153469,119071387.0,129734298.0,125207942.0,123561616.0,3878589.6935611246,129176579.0,6,11,44,0,4,2022
2022-11-13,Mississippi,122102914,124153469.0,130304299.0,122894624.0,121980361.75,2127259.8858627575,128316093.33333333,6,11,45,0,4,2022
2022-11-20,Mississippi,122286981,122102914.0,129796112.0,119312727.0,121903687.75,2103176.0130404755,127549455.16666667,6,11,46,0,4,2022
2022-11-27,Mississippi,121026307,122286981.0,130359054.0,126600178.0,122392417.75,1299036.747736118,126080084.41666667,6,11,47,0,4,2022
2022-12-04,Mississippi,115121332,121026307.0,128427931.0,128793331.0,120134383.5,3387968.9686664673,124581480.08333333,6,12,48,0,4,2022
2022-12-11,Mississippi,117254143,115121332.0,122593677.0,127925111.0,118922190.75,3315520.5299590863,123541467.16666667,6,12,49,0,4,2022
2022-12-18,Mississippi,120542508,117254143.0,119071387.0,132576708.0,118486072.5,2800050.4284721254,122727984.58333333,6,12,50,0,4,2022
2022-12-25,Mississippi,124193300,120542508.0,124153469.0,129924948.0,119277820.75,3963712.084322579,122261083.58333333,6,12,51,1,4,2022
2023-01-01,Mississippi,112027974,124193300.0,122102914.0,128096228.0,118504481.25,5164775.041980129,120733493.58333333,6,1,52,0,1,2023
2023-01-08,Mississippi,112685742,112027974.0,122286981.0,129274780.0,117362381.0,5974989.888378049,119421644.5,6,1,1,0,1,2023
2023-01-15,Mississippi,113277510,112685742.0,121026307.0,135929880.0,115546131.5,5787326.004992024,118645297.25,6,1,2,0,1,2023
2023-01-22,Mississippi,111098227,113277510.0,115121332.0,131695553.0,112272363.25,934438.1590143848,117980867.25,6,1,3,0,1,2023
2023-01-29,Mississippi,110578234,111098227.0,117254143.0,136207450.0,111909928.25,1278597.5796885914,116849597.66666667,6,1,4,0,1,2023
2023-02-05,Mississippi,114310973,110578234.0,120542508.0,130807997.0,112316236.0,1770802.1043517555,116200269.25,6,2,5,0,1,2023
2023-02-12,Mississippi,116622414,114310973.0,124193300.0,128249542.0,113152462.0,2841903.461334429,115728222.0,6,2,6,0,1,2023
2023-02-19,Mississippi,114050480,116622414.0,112027974.0,130097352.0,113890525.25,2492445.3387340032,115146903.08333333,6,2,7,0,1,2023
2023-02-26,Mississippi,119099292,114050480.0,112685742.0,135051986.0,116020789.75,2355470.347295745,115478399.75,6,2,8,0,1,2023
2023-03-05,Mississippi,125689687,119099292.0,113277510.0,137049614.0,118865468.25,4994665.130917072,116181361.75,6,3,9,0,1,2023
2023-03-12,Mississippi,129739899,125689687.0,111098227.0,136515381.0,122144839.5,6953293.893227698,116947811.0,6,3,10,0,1,2023
2023-03-19,Mississippi,127423751,129739899.0,110578234.0,132428742.0,125488157.25,4570997.137624883,117217015.25,6,3,11,0,1,2023
2023-03-26,Mississippi,119034341,127423751.0,114310973.0,131486639.0,125471919.5,4601272.825517263,117800879.16666667,6,3,12,0,1,2023
2023-04-02,Mississippi,126251456,119034341.0,116622414.0,138658756.0,125612361.75,4618675.611506203,118931355.33333333,6,4,13,0,2,2023
2023-04-09,Mississippi,122958103,126251456.0,114050480.0,133104584.0,123916912.75,3764165.676852203,119738071.41666667,6,4,14,0,2,2023
2023-04-16,Mississippi,120893701,122958103.0,119099292.0,129734298.0,122284400.25,3092374.2901653326,120554360.91666667,6,4,15,0,2,2023
2023-04-23,Mississippi,122557413,120893701.0,125689687.0,130304299.0,123165168.25,2243284.64572842,121552625.83333333,6,4,16,0,2,2023
2023-04-30,Mississippi,126906993,122557413.0,129739899.0,129796112.0,123329052.5,2547261.6800270635,122602294.16666667,6,4,17,0,2,2023
2023-05-07,Mississippi,132113210,126906993.0,127423751.0,130359054.0,125617829.25,5017816.57720755,123893193.83333333,6,5,18,0,2,2023
2020-05-03,Missouri,118208045,113425514.0,119199349.0,111888230.0,114951085.0,2430612.016022705,110844256.83333333,6,5,18,0,2,2020
2020-05-10,Missouri,116614554,118208045.0,121451834.0,105383406.0,115904001.0,2020215.8350874193,112305460.25,6,5,19,0,2,2020
2020-05-17,Missouri,119008041,116614554.0,104915820.0,105172325.0,116814038.5,2468386.3450230593,113930051.75,6,5,20,0,2,2020
2020-05-24,Missouri,124723233,119008041.0,112583580.0,103986310.0,119638468.25,3532819.4191928636,115472583.75,6,5,21,0,2,2020
2020-05-31,Missouri,119399493,124723233.0,112802890.0,102216389.0,119936330.25,3420455.649845237,116475020.33333333,6,5,22,0,2,2020
2020-06-07,Missouri,127937538,119399493.0,115367891.0,102978285.0,122767076.25,4321696.69208775,117203202.75,6,6,23,0,2,2020
2020-06-14,Missouri,125420452,127937538.0,113425514.0,104244425.0,124370179.0,3589869.5448405854,117533920.91666667,6,6,24,0,2,2020
2020-06-21,Missouri,125519533,125420452.0,118208045.0,106955334.0,124569254.0,3637734.3734263065,119250897.0,6,6,25,0,2,2020
2020-06-28,Missouri,128509528,125519533.0,116614554.0,101366118.0,126846762.75,1607324.908812835,120578059.33333333,6,6,26,0,2,2020
2020-07-05,Missouri,133882926,128509528.0,119008041.0,101956161.0,128333109.75,3967844.6334028994,122334729.0,6,7,27,0,3,2020
2020-07-12,Missouri,126230431,133882926.0,124723233.0,104799080.0,128535604.5,3786160.736437762,123239940.66666667,6,7,28,0,3,2020
2020-07-19,Missouri,128088848,126230431.0,119399493.0,112573327.0,129177933.25,3289255.1614462584,124461885.16666667,6,7,29,0,3,2020
2020-07-26,Missouri,124167502,128088848.0,127937538.0,104085174.0,128092426.75,4179392.174223526,124958506.58333333,6,7,30,0,3,2020
2020-08-02,Missouri,120643198,124167502.0,125420452.0,100260344.0,124782494.75,3190636.5543029453,125294226.91666667,6,8,31,0,3,2020
2020-08-09,Missouri,122345675,120643198.0,125519533.0,101623052.0,123811305.75,3194225.189306712,125572363.08333333,6,8,32,0,3,2020
2020-08-16,Missouri,123662078,122345675.0,128509528.0,99197303.0,122704613.25,1574277.7966011881,125483933.5,6,8,33,0,3,2020
2020-08-23,Missouri,121890879,123662078.0,133882926.0,94975743.0,122135457.5,1246517.6300837377,125691549.0,6,8,34,0,3,2020
2020-08-30,Missouri,121102970,121890879.0,126230431.0,102451507.0,122250400.5,1072032.8128760387,125122001.66666667,6,8,35,1,3,2020
2020-09-06,Missouri,122107584,121102970.0,128088848.0,97937045.0,122190877.75,1071589.247628724,124845929.33333333,6,9,36,0,3,2020
2020-09-13,Missouri,118947582,122107584.0,124167502.0,99080113.0,121012253.75,1442547.4642410097,124298266.75,6,9,37,0,3,2020
2020-09-20,Missouri,118825054,118947582.0,120643198.0,99512943.0,120245797.5,1623254.88279678,123491227.25,6,9,38,0,3,2020
2020-09-27,Missouri,115422362,118825054.0,122345675.0,106212849.0,118825645.5,2730587.7120172465,121952846.91666667,6,9,39,0,3,2020
2020-10-04,Missouri,115285442,115422362.0,123662078.0,107370254.0,117120110.0,2040820.3330726055,121040764.5,6,10,40,0,4,2020
2020-10-11,Missouri,115422860,115285442.0,121890879.0,119199349.0,116238929.5,1725295.1682772771,119985265.5,6,10,41,0,4,2020
2020-10-18,Missouri,114326214,115422860.0,121102970.0,121451834.0,115114219.5,529301.6062330802,119165158.16666667,6,10,42,0,4,2020
2020-10-25,Missouri,110115923,114326214.0,122107584.0,104915820.0,113787609.75,2495924.8758398485,118287885.25,6,10,43,1,4,2020
2020-11-01,Missouri,108363219,110115923.0,118947582.0,112583580.0,112057054.0,3361058.5486134035,117122680.58333333,6,11,44,0,4,2020
2020-11-08,Missouri,112621860,108363219.0,118825054.0,112802890.0,111356804.0,2640650.124471985,116202662.41666667,6,11,45,0,4,2020
2020-11-15,Missouri,112293116,112621860.0,115422362.0,115367891.0,110848529.5,1995412.3870739713,115402848.83333333,6,11,46,0,4,2020
2020-11-22,Missouri,115585928,112293116.0,115285442.0,113425514.0,112216030.75,2964849.9328194484,114943095.33333333,6,11,47,0,4,2020
2020-11-29,Missouri,109778471,115585928.0,115422860.0,118208045.0,112569843.75,2378221.322082568,113915669.25,6,11,48,0,4,2020
2020-12-06,Missouri,108184374,109778471.0,114326214.0,116614554.0,111460472.25,3228757.6923783175,113018735.25,6,12,49,0,4,2020
2020-12-13,Missouri,111915490,108184374.0,110115923.0,119008041.0,111366065.75,3201703.916027031,112442938.25,6,12,50,0,4,2020
2020-12-20,Missouri,116101349,111915490.0,108363219.0,124723233.0,111494921.0,3430353.686558366,112499520.5,6,12,51,0,4,2020
2020-12-27,Missouri,113912367,116101349.0,112621860.0,119399493.0,112528395.0,3362912.912459758,112385097.58333333,6,12,52,0,4,2020
2021-01-03,Missouri,108200137,113912367.0,112293116.0,127937538.0,112532335.75,3356128.0527043096,111783204.0,6,1,53,0,1,2021
2021-01-10,Missouri,108211246,108200137.0,115585928.0,125420452.0,111606274.75,4027064.628395579,111273623.33333333,6,1,1,0,1,2021
2021-01-17,Missouri,107281946,108211246.0,109778471.0,125519533.0,109401424.0,3038662.41789518,111037458.58333333,6,1,2,0,1,2021
2021-01-24,Missouri,106374644,107281946.0,108184374.0,128509528.0,107516993.25,877283.9302366655,110871744.0,6,1,3,0,1,2021
2021-01-31,Missouri,107265091,106374644.0,111915490.0,133882926.0,107283231.75,749905.0801304735,110425346.58333333,6,1,4,0,1,2021
2021-02-07,Missouri,109879804,107265091.0,116101349.0,126230431.0,107700371.25,1513497.983595449,110224237.25,6,2,5,0,1,2021
2021-02-14,Missouri,105721019,109879804.0,113912367.0,128088848.0,107310139.5,1826258.543575974,109402161.5,6,2,6,0,1,2021
2021-02-21,Missouri,104928173,105721019.0,108200137.0,124167502.0,106948521.75,2181834.38052284,108997970.0,6,2,7,0,1,2021
2021-02-28,Missouri,113346368,104928173.0,108211246.0,120643198.0,108468841.0,3910155.233619491,109428136.16666667,6,2,8,0,1,2021
2021-03-07,Missouri,118309710,113346368.0,107281946.0,122345675.0,110576317.5,6401926.771126244,109960987.83333333,6,3,9,0,1,2021
2021-03-14,Missouri,127423363,118309710.0,106374644.0,123662078.0,116001903.5,9406648.073392434,110904489.0,6,3,10,0,1,2021
2021-03-21,Missouri,130041835,127423363.0,107265091.0,121890879.0,122280319.0,7794725.748980818,112248611.33333333,6,3,11,0,1,2021
2021-03-28,Missouri,115232280,130041835.0,109879804.0,121102970.0,122751797.0,7100315.855947484,112834623.25,6,3,12,0,1,2021
2021-04-04,Missouri,124240001,115232280.0,105721019.0,122107584.0,124234369.75,6453267.445166427,114170352.83333333,6,4,13,0,2,2021
2021-04-11,Missouri,121180874,124240001.0,104928173.0,118947582.0,122673747.5,6173760.962721635,115328596.83333333,6,4,14,0,2,2021
2021-04-18,Missouri,122020893,121180874.0,113346368.0,118825054.0,120668512.0,3847059.536111084,116632450.91666667,6,4,15,0,2,2021
2021-04-25,Missouri,123558039,122020893.0,118309710.0,115422362.0,122749951.75,1398425.7121890637,117990196.58333333,6,4,16,1,2,2021
2021-05-02,Missouri,130134582,123558039.0,127423363.0,115285442.0,124223597.0,4061722.922108043,119678094.75,6,5,17,0,2,2021
2021-05-09,Missouri,127252315,130134582.0,130041835.0,115422860.0,125741457.25,3660243.607676428,121472369.41666667,6,5,18,0,2,2021
2021-05-16,Missouri,124654431,127252315.0,115232280.0,114326214.0,126399841.75,2932422.0326696075,123116224.25,6,5,19,0,2,2021
2021-05-23,Missouri,130997443,124654431.0,124240001.0,110115923.0,128259692.75,2888090.9697323414,124587147.16666667,6,5,20,0,2,2021
2021-05-30,Missouri,131211942,130997443.0,121180874.0,108363219.0,128529032.75,3158776.0361838723,125662333.16666667,6,5,21,0,2,2021
2021-06-06,Missouri,135533682,131211942.0,122020893.0,112621860.0,130599374.5,4480455.37847426,126338193.08333333,6,6,22,0,2,2021
2021-06-13,Missouri,140536017,135533682.0,123558039.0,112293116.0,134569771.0,4493022.690100056,127212708.25,6,6,23,0,2,2021
2021-06-20,Missouri,143891480,140536017.0,130134582.0,115585928.0,137793280.25,5571667.688194638,129600974.91666667,6,6,24,0,2,2021
2021-06-27,Missouri,134304238,143891480.0,127252315.0,109778471.0,138566354.25,4457176.666399354,130439661.33333333,6,6,25,0,2,2021
2021-07-04,Missouri,141538918,134304238.0,124654431.0,108184374.0,140067663.25,4091560.049844663,132136165.0,6,7,26,0,3,2021
2021-07-11,Missouri,136230611,141538918.0,130997443.0,111915490.0,138991311.75,4475566.08904902,133320308.16666667,6,7,27,0,3,2021
2021-07-18,Missouri,137132760,136230611.0,131211942.0,116101349.0,137301631.75,3061294.234571203,134451534.91666666,6,7,28,0,3,2021
2021-07-25,Missouri,138734411,137132760.0,135533682.0,113912367.0,138409175.0,2329266.4121325067,135168187.33333334,6,7,29,0,3,2021
2021-08-01,Missouri,132578371,138734411.0,140536017.0,108200137.0,136169038.25,2608101.446239565,135612025.33333334,6,8,30,0,3,2021
2021-08-08,Missouri,132526729,132578371.0,143891480.0,108211246.0,135243067.75,3174876.347368652,136268050.16666666,6,8,31,0,3,2021
2021-08-15,Missouri,136489651,132526729.0,134304238.0,107281946.0,135082290.5,3061544.0094960253,136725734.16666666,6,8,32,1,3,2021
2021-08-22,Missouri,136950984,136489651.0,141538918.0,106374644.0,134636433.75,2413713.1457972066,137203987.66666666,6,8,33,0,3,2021
2021-08-29,Missouri,136263421,136950984.0,136230611.0,107265091.0,135557696.25,2040800.521338197,137264799.25,6,8,34,0,3,2021
2021-09-05,Missouri,135476496,136263421.0,137132760.0,109879804.0,136295138.0,616211.5370384973,136843172.5,6,9,35,0,3,2021
2021-09-12,Missouri,129961771,135476496.0,138734411.0,105721019.0,134663168.0,3191632.1791552617,135682363.41666666,6,9,36,0,3,2021
2021-09-19,Missouri,131425380,129961771.0,132578371.0,104928173.0,133281767.0,3064617.5450857435,135442458.58333334,6,9,37,0,3,2021
2021-09-26,Missouri,127916878,131425380.0,132526729.0,113346368.0,131195131.25,3196415.726342806,134307288.58333334,6,9,38,0,3,2021
2021-10-03,Missouri,182835643,127916878.0,136489651.0,118309710.0,143034918.0,26572801.81579327,138191041.25,6,10,39,0,4,2021
2021-10-10,Missouri,180974727,182835643.0,136950984.0,127423363.0,155788157.0,30200899.012737278,141844538.5,6,10,40,0,4,2021
2021-10-17,Missouri,178740957,180974727.0,136263421.0,130041835.0,167617051.25,26519666.108444914,145178417.33333334,6,10,41,0,4,2021
2021-10-24,Missouri,175697601,178740957.0,135476496.0,115232280.0,179562232.0,3072470.6177999824,148771686.5,6,10,42,0,4,2021
2021-10-31,Missouri,170593466,175697601.0,129961771.0,124240001.0,176501687.75,4493552.664827514,151943914.58333334,6,10,43,0,4,2021
2021-11-07,Missouri,173301229,170593466.0,131425380.0,121180874.0,174583313.25,3468441.5253417646,155011546.08333334,6,11,44,0,4,2021
2021-11-14,Missouri,176262581,173301229.0,127916878.0,122020893.0,173963719.25,2587702.428093135,158287512.5,6,11,45,0,4,2021
2021-11-21,Missouri,179524372,176262581.0,182835643.0,123558039.0,174920412.0,3844566.7541161943,161892591.75,6,11,46,0,4,2021
2021-11-28,Missouri,168366341,179524372.0,180974727.0,130134582.0,174363630.75,4737631.058003755,164633412.16666666,6,11,47,0,4,2021
2021-12-05,Missouri,169212857,168366341.0,178740957.0,127252315.0,173341537.75,5433185.697420846,167904336.0,6,12,48,0,4,2021
2021-12-12,Missouri,172977942,169212857.0,175697601.0,124654431.0,172520378.0,5081371.7087988015,171367049.5,6,12,49,0,4,2021
2021-12-19,Missouri,183283805,172977942.0,170593466.0,130997443.0,173460236.25,6848919.86717281,175980960.08333334,6,12,50,0,4,2021
2021-12-26,Missouri,180054178,183283805.0,173301229.0,131211942.0,176382195.5,6431796.679794366,175749171.33333334,6,12,51,0,4,2021
2022-01-02,Missouri,167821565,180054178.0,176262581.0,135533682.0,176034372.5,6964315.7659426825,174653074.5,6,1,52,0,1,2022
2022-01-09,Missouri,165807188,167821565.0,179524372.0,140536017.0,174241684.0,8715956.429194568,173575260.41666666,6,1,1,0,1,2022
2022-01-16,Missouri,172225850,165807188.0,168366341.0,143891480.0,171477195.25,6315001.498238488,173285947.83333334,6,1,2,0,1,2022
2022-01-23,Missouri,162857014,172225850.0,169212857.0,134304238.0,167177904.25,3934675.3803667654,172641243.5,6,1,3,0,1,2022
2022-01-30,Missouri,167447990,162857014.0,172977942.0,141538918.0,167084510.5,3918705.9355395753,172153473.58333334,6,1,4,0,1,2022
2022-02-06,Missouri,166723310,167447990.0,183283805.0,136230611.0,167313541.0,3845250.827543517,171358534.33333334,6,2,5,0,1,2022
2022-02-13,Missouri,167496591,166723310.0,180054178.0,137132760.0,166131226.25,2211267.863988216,170356219.25,6,2,6,0,1,2022
2022-02-20,Missouri,162813988,167496591.0,167821565.0,138734411.0,166120469.75,2232506.635971102,169893523.16666666,6,2,7,0,1,2022
2022-02-27,Missouri,173793170,162813988.0,165807188.0,132578371.0,167706764.75,4545875.39948963,170275215.91666666,6,2,8,0,1,2022
2022-03-06,Missouri,178493196,173793170.0,172225850.0,132526729.0,170649236.25,6897881.587740906,170734820.41666666,6,3,9,0,1,2022
2022-03-13,Missouri,177612595,178493196.0,162857014.0,136489651.0,173178237.25,7204353.312924416,170262219.58333334,6,3,10,0,1,2022
2022-03-20,Missouri,183364030,177612595.0,167447990.0,136950984.0,178315747.75,3935512.4550567744,170538040.58333334,6,3,11,0,1,2022
2022-03-27,Missouri,179106584,183364030.0,166723310.0,136263421.0,179644101.25,2554629.4732890353,171478458.83333334,6,3,12,0,1,2022
2022-04-03,Missouri,185211544,179106584.0,167496591.0,135476496.0,181323688.25,3557442.0189777273,173095488.5,6,4,13,0,2,2022
2022-04-10,Missouri,186091612,185211544.0,162813988.0,129961771.0,183443442.5,3106639.8036684357,174250968.66666666,6,4,14,0,2,2022
2022-04-17,Missouri,189193622,186091612.0,173793170.0,131425380.0,184900840.5,4223578.846770399,176445686.0,6,4,15,0,2,2022
2022-04-24,Missouri,183150735,189193622.0,178493196.0,127916878.0,185911878.25,2511077.2170721767,177754248.08333334,6,4,16,0,2,2022
2022-05-01,Missouri,188196566,183150735.0,177612595.0,182835643.0,186658133.75,2671969.7689440553,179543686.08333334,6,5,17,0,2,2022
2022-05-08,Missouri,185103534,188196566.0,183364030.0,180974727.0,186411114.25,2785080.8662352366,181010931.33333334,6,5,18,0,2,2022
2022-05-15,Missouri,197212779,185103534.0,179106584.0,178740957.0,188415903.5,6221653.54599909,183877497.25,6,5,19,0,2,2022
2022-05-22,Missouri,196122619,197212779.0,185211544.0,175697601.0,191658874.5,5936635.954716926,185738284.66666666,6,5,20,0,2,2022
2022-05-29,Missouri,195011378,196122619.0,186091612.0,170593466.0,193362577.5,5578895.449101527,187114799.83333334,6,5,21,0,2,2022
2022-06-05,Missouri,196704224,195011378.0,189193622.0,173301229.0,196262750.0,945696.0352146609,188705768.91666666,6,6,22,0,2,2022
2022-06-12,Missouri,201898217,196704224.0,183150735.0,176262581.0,197434109.5,3057810.974501706,190250284.5,6,6,23,0,2,2022
2022-06-19,Missouri,210417357,201898217.0,188196566.0,179524372.0,201007794.0,6923641.829746689,192859515.58333334,6,6,24,0,2,2022
2022-06-26,Missouri,204501850,210417357.0,185103534.0,168366341.0,203380412.0,5702181.054948424,194467041.08333334,6,6,25,0,2,2022
2022-07-03,Missouri,213912739,204501850.0,197212779.0,169212857.0,207682540.75,5473261.825989962,196785468.33333334,6,7,26,0,3,2022
2022-07-10,Missouri,204171407,213912739.0,196122619.0,172977942.0,208250838.25,4741574.837507996,198033617.08333334,6,7,27,1,3,2022
2022-07-17,Missouri,205623643,204171407.0,195011378.0,183283805.0,207052409.75,4615590.382177162,199906359.41666666,6,7,28,0,3,2022
2022-07-24,Missouri,207379215,205623643.0,196704224.0,180054178.0,207771751.0,4298940.296764625,201504913.5,6,7,29,0,3,2022
2022-07-31,Missouri,201243589,207379215.0,201898217.0,167821565.0,204604463.5,2596214.4285423975,202849918.08333334,6,7,30,0,3,2022
2022-08-07,Missouri,203997668,201243589.0,210417357.0,165807188.0,204561028.75,2607304.138601973,203415325.5,6,8,31,0,3,2022
2022-08-14,Missouri,204559437,203997668.0,204501850.0,172225850.0,204294977.25,2515407.488543949,204118393.66666666,6,8,32,0,3,2022
2022-08-21,Missouri,200875693,204559437.0,213912739.0,162857014.0,202669096.75,1878550.609993507,204607086.58333334,6,8,33,0,3,2022
2022-08-28,Missouri,201905038,200875693.0,204171407.0,167447990.0,202834459.0,1734857.5269228094,205040487.75,6,8,34,0,3,2022
2022-09-04,Missouri,202748924,201905038.0,205623643.0,166723310.0,202522273.0,1559231.92419881,205111380.0,6,9,35,0,3,2022
2022-09-11,Missouri,198281452,202748924.0,207379215.0,167496591.0,200952776.75,1938630.46645572,204100054.58333334,6,9,36,0,3,2022
2022-09-18,Missouri,201210603,198281452.0,201243589.0,162813988.0,201036504.25,1941421.7771228869,203825784.0,6,9,37,0,3,2022
2022-09-25,Missouri,195111725,201210603.0,203997668.0,173793170.0,199338176.0,3372374.9523350364,202259032.83333334,6,9,38,0,3,2022
2022-10-02,Missouri,194612892,195111725.0,204559437.0,178493196.0,197304168.0,3069478.307590516,201462489.91666666,6,10,39,1,4,2022
2022-10-09,Missouri,193244618,194612892.0,200875693.0,177612595.0,196044959.5,3533059.5448450046,200430904.5,6,10,40,1,4,2022
2022-10-16,Missouri,189430520,193244618.0,201905038.0,183364030.0,193099938.75,2570465.424821415,198935179.91666666,6,10,41,0,4,2022
2022-10-23,Missouri,187022860,189430520.0,202748924.0,179106584.0,191077722.5,3480806.6819614926,197750119.16666666,6,10,42,0,4,2022
2022-10-30,Missouri,181175335,187022860.0,198281452.0,185211544.0,187718333.25,5058521.382971081,195848258.08333334,6,10,43,0,4,2022
2022-11-06,Missouri,184611895,181175335.0,201210603.0,186091612.0,185560152.5,3523496.114667234,194185962.91666666,6,11,44,0,4,2022
2022-11-13,Missouri,187165803,184611895.0,195111725.0,189193622.0,184993973.25,2802451.7706701653,193043472.08333334,6,11,45,0,4,2022
2022-11-20,Missouri,188697809,187165803.0,194612892.0,183150735.0,185412710.5,3289471.186543479,191942869.66666666,6,11,46,0,4,2022
2022-11-27,Missouri,188064707,188697809.0,193244618.0,188196566.0,187135053.5,1795711.0690675618,190719184.91666666,6,11,47,0,4,2022
2022-12-04,Missouri,180518294,188064707.0,189430520.0,185103534.0,186111653.25,3781512.920716305,189238921.75,6,12,48,0,4,2022
2022-12-11,Missouri,185716437,180518294.0,187022860.0,197212779.0,185749311.75,3715701.7572720177,187947741.25,6,12,49,0,4,2022
2022-12-18,Missouri,193565613,185716437.0,181175335.0,196122619.0,186966262.75,5412835.636979722,187818898.58333334,6,12,50,0,4,2022
2022-12-25,Missouri,199608824,193565613.0,184611895.0,195011378.0,189852292.0,8430252.759379843,188235226.25,6,12,51,1,4,2022
2023-01-01,Missouri,178578679,199608824.0,187165803.0,196704224.0,189367388.25,9169474.532087488,187013064.66666666,6,1,52,0,1,2023
2023-01-08,Missouri,173449012,178578679.0,188697809.0,201898217.0,186300532.0,12310979.083157634,185681272.33333334,6,1,1,0,1,2023
2023-01-15,Missouri,177948396,173449012.0,188064707.0,210417357.0,182396227.75,11700185.540943317,184925067.0,6,1,2,0,1,2023
2023-01-22,Missouri,173196841,177948396.0,180518294.0,204501850.0,175793232.0,2865894.8858362027,184260192.5,6,1,3,0,1,2023
2023-01-29,Missouri,176567192,173196841.0,185716437.0,213912739.0,175290360.25,2342992.359781613,183589800.58333334,6,1,4,0,1,2023
2023-02-05,Missouri,176332684,176567192.0,193565613.0,204171407.0,176011278.25,2007139.2548537864,182687040.66666666,6,2,5,0,1,2023
2023-02-12,Missouri,184335242,176332684.0,199608824.0,205623643.0,177607989.75,4740739.071851737,182323493.41666666,6,2,6,0,1,2023
2023-02-19,Missouri,180401173,184335242.0,178578679.0,207379215.0,179409072.75,3776764.9438835457,181684865.58333334,6,2,7,0,1,2023
2023-02-26,Missouri,183563538,180401173.0,173449012.0,201243589.0,181158159.25,3639502.772923384,181938635.91666666,6,2,8,0,1,2023
2023-03-05,Missouri,193981128,183563538.0,177948396.0,203997668.0,185570270.25,5859873.820375913,182627360.16666666,6,3,9,0,1,2023
2023-03-12,Missouri,199928913,193981128.0,173196841.0,204559437.0,189468688.0,9071366.060337882,183157635.16666666,6,3,10,0,1,2023
2023-03-19,Missouri,203569236,199928913.0,176567192.0,200875693.0,195260703.75,8742327.806597754,183487669.5,6,3,11,0,1,2023
2023-03-26,Missouri,184675888,203569236.0,176332684.0,201905038.0,195538791.25,8250054.417636425,183995770.25,6,3,12,0,1,2023
2023-04-02,Missouri,193109594,184675888.0,184335242.0,202748924.0,195320907.75,8316148.653525558,185634152.08333334,6,4,13,0,2,2023
2023-04-09,Missouri,200406578,193109594.0,180401173.0,198281452.0,195440324.0,8407303.845015874,187505667.25,6,4,14,0,2,2023
2023-04-16,Missouri,200965982,200406578.0,183563538.0,201210603.0,194789510.5,7633429.2645212235,189819762.33333334,6,4,15,0,2,2023
2023-04-23,Missouri,200625507,200965982.0,193981128.0,195111725.0,198776915.25,3785218.422740527,191824621.91666666,6,4,16,0,2,2023
2023-04-30,Missouri,203869438,200625507.0,199928913.0,194612892.0,201466876.25,1618160.7466549547,194119351.41666666,6,4,17,0,2,2023
2023-05-07,Missouri,206321093,203869438.0,203569236.0,193244618.0,202945505.0,2680121.176474801,195951505.66666666,6,5,18,0,2,2023
2020-05-03,Nebraska,38932415,37244983.0,39516369.0,17239751.0,37560658.5,919989.0954286723,36184491.916666664,6,5,18,0,2,2020
2020-05-10,Nebraska,37490465,38932415.0,37334582.0,17030081.0,37677051.5,856900.0217409652,36574088.833333336,6,5,19,0,2,2020
2020-05-17,Nebraska,38077723,37490465.0,33896981.0,17071019.0,37936396.5,750318.5018419405,36997407.916666664,6,5,20,0,2,2020
2020-05-24,Nebraska,38957875,38077723.0,36555823.0,16701961.0,38364619.5,711992.3945480984,37379317.333333336,6,5,21,0,2,2020
2020-05-31,Nebraska,37065928,38957875.0,37024893.0,16788387.0,37897997.75,819362.3459216643,37428198.333333336,6,5,22,0,2,2020
2020-06-07,Nebraska,41905233,37065928.0,37040343.0,17193457.0,39001689.75,2084336.1249093805,37627270.333333336,6,6,23,0,2,2020
2020-06-14,Nebraska,39887322,41905233.0,37244983.0,17020702.0,39454089.5,2012075.1341787255,37839998.666666664,6,6,24,0,2,2020
2020-06-21,Nebraska,39112314,39887322.0,38932415.0,18010858.0,39492699.25,2000829.6485833705,38274609.75,6,6,25,0,2,2020
2020-06-28,Nebraska,41430551,39112314.0,37490465.0,16673878.0,40583855.0,1305568.2121934507,38680837.083333336,6,6,26,0,2,2020
2020-07-05,Nebraska,44288051,41430551.0,38077723.0,16976908.0,41179559.5,2285395.5056926883,39286100.25,6,7,27,0,3,2020
2020-07-12,Nebraska,39518175,44288051.0,38957875.0,16919654.0,41087272.75,2361168.579034032,39492586.25,6,7,28,0,3,2020
2020-07-19,Nebraska,40208538,39518175.0,37065928.0,18450498.0,41361328.75,2105282.016576779,39739549.166666664,6,7,29,0,3,2020
2020-07-26,Nebraska,38142813,40208538.0,41905233.0,33473866.0,40539394.25,2642497.791352389,39673749.0,6,7,30,0,3,2020
2020-08-02,Nebraska,38613430,38142813.0,39887322.0,32423172.0,39120739.0,922851.3281227928,39767329.416666664,6,8,31,0,3,2020
2020-08-09,Nebraska,39696525,38613430.0,39112314.0,32747886.0,39165326.5,952292.9669187956,39902229.583333336,6,8,32,0,3,2020
2020-08-16,Nebraska,38958331,39696525.0,41430551.0,31776464.0,38852774.75,654315.9792497708,39902267.583333336,6,8,33,0,3,2020
2020-08-23,Nebraska,38450857,38958331.0,44288051.0,31558750.0,38929785.75,553220.1541649159,40017678.333333336,6,8,34,0,3,2020
2020-08-30,Nebraska,38965935,38450857.0,39518175.0,33877399.0,39017912.0,512613.72100377583,39772736.833333336,6,8,35,1,3,2020
2020-09-06,Nebraska,39277235,38965935.0,40208538.0,32422202.0,38913089.5,342101.480762171,39721896.25,6,9,36,0,3,2020
2020-09-13,Nebraska,36429898,39277235.0,38142813.0,32815302.0,38280981.25,1280240.8813574577,39498361.583333336,6,9,37,0,3,2020
2020-09-20,Nebraska,36809613,36429898.0,38613430.0,32997894.0,37870670.25,1458274.8292283316,39113283.416666664,6,9,38,0,3,2020
2020-09-27,Nebraska,36614699,36809613.0,39696525.0,34374962.0,37282861.25,1338591.0078627153,38473837.416666664,6,9,39,0,3,2020
2020-10-04,Nebraska,36077435,36614699.0,38958331.0,36479356.0,36482911.25,311621.26504929014,38187109.083333336,6,10,40,0,4,2020
2020-10-11,Nebraska,36696010,36077435.0,38450857.0,39516369.0,36549439.25,324664.0376002857,37894398.416666664,6,10,41,0,4,2020
2020-10-18,Nebraska,35869570,36696010.0,38965935.0,37334582.0,36314428.5,404075.82554804714,37704961.5,6,10,42,0,4,2020
2020-10-25,Nebraska,34697054,35869570.0,39277235.0,33896981.0,35835017.25,835908.5141231588,37378596.833333336,6,10,43,1,4,2020
2020-11-01,Nebraska,34888718,34697054.0,36429898.0,36555823.0,35537838.0,927304.8780316741,36977946.25,6,11,44,0,4,2020
2020-11-08,Nebraska,36671455,34888718.0,36809613.0,37024893.0,35531699.25,917107.2991681987,36787373.25,6,11,45,0,4,2020
2020-11-15,Nebraska,35227912,36671455.0,36614699.0,37040343.0,35371284.75,894139.4739969752,36518794.5,6,11,46,0,4,2020
2020-11-22,Nebraska,37326193,35227912.0,36077435.0,37244983.0,36028569.5,1160092.2934866012,36382149.333333336,6,11,47,0,4,2020
2020-11-29,Nebraska,34296044,37326193.0,36696010.0,38932415.0,35880401.0,1372590.0015117417,35967050.083333336,6,11,48,0,4,2020
2020-12-06,Nebraska,34976906,34296044.0,35869570.0,37490465.0,35456763.75,1306990.5180105888,35845967.416666664,6,12,49,0,4,2020
2020-12-13,Nebraska,35539177,34976906.0,34697054.0,38077723.0,35534580.0,1298058.8055182004,35740097.75,6,12,50,0,4,2020
2020-12-20,Nebraska,37398970,35539177.0,34888718.0,38957875.0,35552774.25,1331617.9125596003,35805453.666666664,6,12,51,0,4,2020
2020-12-27,Nebraska,35679775,37398970.0,36671455.0,37065928.0,35898707.0,1045259.0100534905,35772315.333333336,6,12,52,0,4,2020
2021-01-03,Nebraska,34043332,35679775.0,35227912.0,41905233.0,35665313.5,1372650.525801452,35551258.833333336,6,1,53,0,1,2021
2021-01-10,Nebraska,34739030,34043332.0,37326193.0,39887322.0,35465276.75,1453104.7562933145,35457047.166666664,6,1,1,0,1,2021
2021-01-17,Nebraska,33822416,34739030.0,34296044.0,39112314.0,34571138.25,835948.0702278037,35384160.666666664,6,1,2,0,1,2021
2021-01-24,Nebraska,33565602,33822416.0,34976906.0,41430551.0,34042595.0,503661.05219152186,35273901.0,6,1,3,0,1,2021
2021-01-31,Nebraska,34362096,33565602.0,35539177.0,44288051.0,34122286.0,528425.6776476115,35081454.416666664,6,1,4,0,1,2021
2021-02-07,Nebraska,35814513,34362096.0,37398970.0,39518175.0,34391156.75,1005285.0719344512,35130337.833333336,6,2,5,0,1,2021
2021-02-14,Nebraska,33478486,35814513.0,35679775.0,40208538.0,34305174.25,1081931.0088190718,34809695.583333336,6,2,6,0,1,2021
2021-02-21,Nebraska,33873493,33478486.0,34043332.0,38142813.0,34382147.0,1021013.6295521905,34774483.0,6,2,7,0,1,2021
2021-02-28,Nebraska,36015324,33873493.0,34739030.0,38613430.0,34795454.0,1305243.3822760177,34861017.833333336,6,2,8,0,1,2021
2021-03-07,Nebraska,39001062,36015324.0,33822416.0,39696525.0,35592091.25,2531212.7944761165,35149508.25,6,3,9,0,1,2021
2021-03-14,Nebraska,41167687,39001062.0,33565602.0,38958331.0,37514391.5,3217664.9112230963,35463568.0,6,3,10,0,1,2021
2021-03-21,Nebraska,38636851,41167687.0,34362096.0,38450857.0,38705231.0,2112777.0844353964,35709991.0,6,3,11,0,1,2021
2021-03-28,Nebraska,35500363,38636851.0,35814513.0,38965935.0,38576490.75,2335291.848031044,35831410.25,6,3,12,0,1,2021
2021-04-04,Nebraska,39830294,35500363.0,33478486.0,39277235.0,38783798.75,2420786.336597315,36255682.25,6,4,13,0,2,2021
2021-04-11,Nebraska,39110189,39830294.0,33873493.0,36429898.0,38269424.25,1910139.8172363155,36696330.0,6,4,14,0,2,2021
2021-04-18,Nebraska,37204752,39110189.0,36015324.0,36809613.0,37911399.5,1952067.285471909,36999592.5,6,4,15,0,2,2021
2021-04-25,Nebraska,39276359,37204752.0,39001062.0,36614699.0,38855398.5,1142684.1274433623,37409114.416666664,6,4,16,1,2,2021
2021-05-02,Nebraska,41669746,39276359.0,41167687.0,36077435.0,39315261.5,1829518.6748698861,37897050.5,6,5,17,0,2,2021
2021-05-09,Nebraska,40469218,41669746.0,38636851.0,36696010.0,39655018.75,1903438.7007920465,38479611.5,6,5,18,0,2,2021
2021-05-16,Nebraska,39540825,40469218.0,35500363.0,35869570.0,40239037.0,1082306.2511861706,38951889.166666664,6,5,19,0,2,2021
2021-05-23,Nebraska,40873410,39540825.0,39830294.0,34697054.0,40638299.75,885474.9500248892,39356729.666666664,6,5,20,0,2,2021
2021-05-30,Nebraska,40807178,40873410.0,39110189.0,34888718.0,40422657.75,613957.1834671486,39507239.333333336,6,5,21,0,2,2021
2021-06-06,Nebraska,44229958,40807178.0,37204752.0,36671455.0,41362842.75,2007353.66998965,39762428.583333336,6,6,22,0,2,2021
2021-06-13,Nebraska,43312046,44229958.0,39276359.0,35227912.0,42305648.0,1733255.5053086276,40152028.166666664,6,6,23,0,2,2021
2021-06-20,Nebraska,43628649,43312046.0,41669746.0,37326193.0,42994457.75,1507062.7514721865,40829385.333333336,6,6,24,0,2,2021
2021-06-27,Nebraska,42034852,43628649.0,40469218.0,34296044.0,43301376.25,926205.3477727915,41013098.5,6,6,25,0,2,2021
2021-07-04,Nebraska,46436517,42034852.0,39540825.0,34976906.0,43853016.0,1855010.048444123,41623625.833333336,6,7,26,0,3,2021
2021-07-11,Nebraska,42179838,46436517.0,40873410.0,35539177.0,43569964.0,2042024.2554431136,42038216.333333336,6,7,27,0,3,2021
2021-07-18,Nebraska,41661965,42179838.0,40807178.0,37398970.0,43078293.0,2249417.9947463456,42237016.833333336,6,7,28,0,3,2021
2021-07-25,Nebraska,41901680,41661965.0,44229958.0,35679775.0,43045000.0,2270892.576437586,42256344.666666664,6,7,29,0,3,2021
2021-08-01,Nebraska,41127774,41901680.0,43312046.0,34043332.0,41717814.25,446668.85382528155,42311224.333333336,6,8,30,0,3,2021
2021-08-08,Nebraska,42169856,41127774.0,43628649.0,34739030.0,41715318.75,443241.8764176704,42530310.25,6,8,31,0,3,2021
2021-08-15,Nebraska,42930174,42169856.0,42034852.0,33822416.0,42032371.0,743937.3230597723,42701707.25,6,8,32,1,3,2021
2021-08-22,Nebraska,42263728,42930174.0,46436517.0,33565602.0,42122883.0,744760.4664848112,42823086.416666664,6,8,33,0,3,2021
2021-08-29,Nebraska,42011140,42263728.0,42179838.0,34362096.0,42343724.5,404625.4074223139,42638184.916666664,6,8,34,0,3,2021
2021-09-05,Nebraska,42567635,42011140.0,41661965.0,35814513.0,42443169.25,396448.30873762566,42576150.666666664,6,9,35,0,3,2021
2021-09-12,Nebraska,39638236,42567635.0,41901680.0,33478486.0,41620184.75,1340743.1702821606,42243616.25,6,9,36,0,3,2021
2021-09-19,Nebraska,39592255,39638236.0,41127774.0,33873493.0,40952316.5,1560655.4077114558,42040066.5,6,9,37,0,3,2021
2021-09-26,Nebraska,39895508,39592255.0,42169856.0,36015324.0,40423408.5,1435699.390137206,41494982.416666664,6,9,38,0,3,2021
2021-10-03,Nebraska,39563000,39895508.0,42930174.0,39001062.0,39672249.75,152026.1482824491,41276912.583333336,6,10,39,0,4,2021
2021-10-10,Nebraska,40690471,39563000.0,42263728.0,41167687.0,39935308.5,525405.8127584314,41195954.75,6,10,40,0,4,2021
2021-10-17,Nebraska,38787217,40690471.0,42011140.0,38636851.0,39734049.0,788788.2367678585,40936416.166666664,6,10,41,0,4,2021
2021-10-24,Nebraska,37588635,38787217.0,42567635.0,35500363.0,39157330.75,1305485.4921411162,40641487.916666664,6,10,42,0,4,2021
2021-10-31,Nebraska,37152745,37588635.0,39638236.0,39830294.0,38554767.0,1582649.8147120273,40223395.333333336,6,10,43,0,4,2021
2021-11-07,Nebraska,38952596,37152745.0,39592255.0,39110189.0,38120298.25,886251.5193673463,39891930.5,6,11,44,0,4,2021
2021-11-14,Nebraska,37862667,38952596.0,39895508.0,37204752.0,37889160.75,766859.4684366424,39525175.416666664,6,11,45,0,4,2021
2021-11-21,Nebraska,39394564,37862667.0,39563000.0,39276359.0,38340643.0,1020587.8475058773,39307127.416666664,6,11,46,0,4,2021
2021-11-28,Nebraska,36955690,39394564.0,40690471.0,41669746.0,38291379.25,1098799.9740593962,38839465.333333336,6,11,47,0,4,2021
2021-12-05,Nebraska,37286275,36955690.0,38787217.0,40469218.0,37874799.0,1080270.7520348832,38643468.583333336,6,12,48,0,4,2021
2021-12-12,Nebraska,38259833,37286275.0,37588635.0,39540825.0,37974090.5,1096908.3038171479,38532433.416666664,6,12,49,0,4,2021
2021-12-19,Nebraska,39207616,38259833.0,37152745.0,40873410.0,37927353.5,1017304.6556499249,38475109.083333336,6,12,50,0,4,2021
2021-12-26,Nebraska,55591360,39207616.0,38952596.0,40807178.0,42586271.0,8705470.940253722,39810805.75,6,12,51,0,4,2021
2022-01-02,Nebraska,52721053,55591360.0,37862667.0,44229958.0,46444965.5,8989279.327528486,40813354.25,6,1,52,0,1,2022
2022-01-09,Nebraska,52843541,52721053.0,39394564.0,43312046.0,50090892.5,7375537.677898947,41984714.583333336,6,1,1,0,1,2022
2022-01-16,Nebraska,53150979,52843541.0,36955690.0,43628649.0,53576733.25,1355205.6656843242,43281576.583333336,6,1,2,0,1,2022
2022-01-23,Nebraska,51763722,53150979.0,37286275.0,42034852.0,52619823.75,598702.1727477632,44499158.0,6,1,3,0,1,2022
2022-01-30,Nebraska,52701276,51763722.0,38259833.0,46436517.0,52614879.5,597668.302795937,45644881.333333336,6,1,4,0,1,2022
2022-02-06,Nebraska,54027199,52701276.0,39207616.0,42179838.0,52910794.0,942288.1589970108,46991925.666666664,6,2,5,0,1,2022
2022-02-13,Nebraska,53101321,54027199.0,55591360.0,41661965.0,52898379.5,938388.0057525828,48134155.416666664,6,2,6,0,1,2022
2022-02-20,Nebraska,52975864,53101321.0,52721053.0,41901680.0,53201415.0,575311.595692262,49469169.916666664,6,2,7,0,1,2022
2022-02-27,Nebraska,53752358,52975864.0,52843541.0,41127774.0,53464185.5,506674.1634294932,50841343.5,6,2,8,0,1,2022
2022-03-06,Nebraska,57269771,53752358.0,53150979.0,42169856.0,54274828.5,2025428.730457902,52425505.0,6,3,9,0,1,2022
2022-03-13,Nebraska,56276418,57269771.0,51763722.0,42930174.0,55068602.75,2034372.5536058762,53847905.166666664,6,3,10,0,1,2022
2022-03-20,Nebraska,56673575,56276418.0,52701276.0,42263728.0,55993030.5,1548561.5743040293,53938089.75,6,3,11,0,1,2022
2022-03-27,Nebraska,55527165,56673575.0,54027199.0,42011140.0,56436732.25,730995.0497449053,54171932.416666664,6,3,12,0,1,2022
2022-04-03,Nebraska,59837590,55527165.0,53101321.0,42567635.0,57078687.0,1899694.498316148,54754769.833333336,6,4,13,0,2,2022
2022-04-10,Nebraska,58445989,59837590.0,52975864.0,39638236.0,57621079.75,1903999.0538014695,55196020.666666664,6,4,14,0,2,2022
2022-04-17,Nebraska,60373972,58445989.0,53752358.0,39592255.0,58546179.0,2170487.901376549,55913541.5,6,4,15,0,2,2022
2022-04-24,Nebraska,57413627,60373972.0,57269771.0,39895508.0,59017794.5,1343080.659182827,56306237.416666664,6,4,16,0,2,2022
2022-05-01,Nebraska,60761867,57413627.0,56276418.0,39563000.0,59248863.75,1588264.1679379283,56867459.75,6,5,17,0,2,2022
2022-05-08,Nebraska,59652654,60761867.0,56673575.0,40690471.0,59550530.0,1496905.4521153446,57413404.166666664,6,5,18,0,2,2022
2022-05-15,Nebraska,62192915,59652654.0,55527165.0,38787217.0,60005265.75,2016530.1179060596,58181491.75,6,5,19,0,2,2022
2022-05-22,Nebraska,62018499,62192915.0,59837590.0,37588635.0,61156483.75,1188063.7361655126,58870336.833333336,6,5,20,0,2,2022
2022-05-29,Nebraska,61734864,62018499.0,58445989.0,37152745.0,61399733.0,1179916.2212182584,59242427.916666664,6,5,21,0,2,2022
2022-06-05,Nebraska,64149691,61734864.0,60373972.0,38952596.0,62523992.25,1100114.447373951,59898534.0,6,6,22,0,2,2022
2022-06-12,Nebraska,63555288,64149691.0,57413627.0,37862667.0,62864585.5,1171992.4804481368,60472010.083333336,6,6,23,0,2,2022
2022-06-19,Nebraska,64947062,63555288.0,60761867.0,39394564.0,63596726.25,1365945.9260903746,61257001.5,6,6,24,0,2,2022
2022-06-26,Nebraska,64803843,64947062.0,59652654.0,36955690.0,64363971.0,641188.1168460945,61670855.916666664,6,6,25,0,2,2022
2022-07-03,Nebraska,68693042,64803843.0,62192915.0,37286275.0,65499808.75,2218693.071073951,62524777.0,6,7,26,0,3,2022
2022-07-10,Nebraska,63630442,68693042.0,62018499.0,38259833.0,65518597.25,2196949.088986109,62796149.5,6,7,27,1,3,2022
2022-07-17,Nebraska,63405634,63630442.0,61734864.0,39207616.0,65133240.25,2451102.9478483545,63295483.416666664,6,7,28,0,3,2022
2022-07-24,Nebraska,62820540,63405634.0,64149691.0,55591360.0,64637414.5,2725217.0667944313,63467039.5,6,7,29,0,3,2022
2022-07-31,Nebraska,62361079,62820540.0,63555288.0,52721053.0,63054423.75,574622.8371446984,63692741.583333336,6,7,30,0,3,2022
2022-08-07,Nebraska,64972563,62361079.0,64947062.0,52843541.0,63389954.0,1138377.9656894747,63924378.916666664,6,8,31,0,3,2022
2022-08-14,Nebraska,63717536,64972563.0,64803843.0,53150979.0,63467929.5,1150428.4083512714,64065965.333333336,6,8,32,0,3,2022
2022-08-21,Nebraska,62001822,63717536.0,68693042.0,51763722.0,63263250.0,1358091.7757635673,64088211.833333336,6,8,33,0,3,2022
2022-08-28,Nebraska,62691105,62001822.0,63630442.0,52701276.0,63345756.5,1293502.7266824658,63966663.0,6,8,34,0,3,2022
2022-09-04,Nebraska,63642685,62691105.0,63405634.0,54027199.0,63013287.0,820359.917709684,63973946.083333336,6,9,35,0,3,2022
2022-09-11,Nebraska,62012249,63642685.0,62820540.0,53101321.0,62586965.25,774183.5848394685,63729378.333333336,6,9,36,0,3,2022
2022-09-18,Nebraska,61544262,62012249.0,62361079.0,52975864.0,62472575.25,911149.0593832002,63457746.583333336,6,9,37,0,3,2022
2022-09-25,Nebraska,59888531,61544262.0,64972563.0,53752358.0,61771931.75,1544506.6098055039,62724037.333333336,6,9,38,0,3,2022
2022-10-02,Nebraska,59902191,59888531.0,63717536.0,57269771.0,60836808.25,1103764.9073383152,62413349.75,6,10,39,1,4,2022
2022-10-09,Nebraska,60631555,59902191.0,62001822.0,56276418.0,60491634.75,782896.3046450609,62182176.5,6,10,40,1,4,2022
2022-10-16,Nebraska,58606007,60631555.0,62691105.0,56673575.0,59757071.0,842221.6937663397,61830965.416666664,6,10,41,0,4,2022
2022-10-23,Nebraska,58055609,58606007.0,63642685.0,55527165.0,59298840.5,1178389.0961357553,61472176.25,6,10,42,0,4,2022
2022-10-30,Nebraska,56993638,58055609.0,62012249.0,59837590.0,58571702.25,1527613.5186818547,60807265.833333336,6,10,43,0,4,2022
2022-11-06,Nebraska,58864878,56993638.0,61544262.0,58445989.0,58130033.0,829353.3526191589,60402877.666666664,6,11,44,0,4,2022
2022-11-13,Nebraska,57836379,58864878.0,59888531.0,60373972.0,57937626.0,769216.1722485033,60055757.416666664,6,11,45,0,4,2022
2022-11-20,Nebraska,59455635,57836379.0,59902191.0,57413627.0,58287632.5,1091710.2323982182,59786134.916666664,6,11,46,0,4,2022
2022-11-27,Nebraska,57463118,59455635.0,60631555.0,60761867.0,58405002.5,917568.0213929492,59271171.0,6,11,47,0,4,2022
2022-12-04,Nebraska,56644525,57463118.0,58606007.0,59652654.0,57849914.25,1180550.2831310858,58823860.666666664,6,12,48,0,4,2022
2022-12-11,Nebraska,58180609,56644525.0,58055609.0,62192915.0,57935971.75,1191728.3183766704,58543556.25,6,12,49,0,4,2022
2022-12-18,Nebraska,60849963,58180609.0,56993638.0,62018499.0,58284553.75,1821773.8721040234,58623675.583333336,6,12,50,0,4,2022
2022-12-25,Nebraska,61161806,60849963.0,58864878.0,61734864.0,59209225.75,2171046.6532419077,58728643.5,6,12,51,1,4,2022
2023-01-01,Nebraska,54783969,61161806.0,57836379.0,64149691.0,58744086.75,2959736.5266041653,58241344.666666664,6,1,52,0,1,2023
2023-01-08,Nebraska,55025910,54783969.0,59455635.0,63555288.0,57955412.0,3526065.8268146343,57943003.25,6,1,1,0,1,2023
2023-01-15,Nebraska,56199887,55025910.0,57463118.0,64947062.0,56792893.0,2977530.3792276075,57788359.75,6,1,2,0,1,2023
2023-01-22,Nebraska,54665878,56199887.0,56644525.0,64803843.0,55168911.0,703463.6548369994,57594379.75,6,1,3,0,1,2023
2023-01-29,Nebraska,56352510,54665878.0,58180609.0,68693042.0,55561046.25,841076.5667279519,57385015.75,6,1,4,0,1,2023
2023-02-05,Nebraska,57387680,56352510.0,60849963.0,63630442.0,56151488.75,1122194.2851168325,57347624.166666664,6,2,5,0,1,2023
2023-02-12,Nebraska,59413146,57387680.0,61161806.0,63405634.0,56954803.5,1986015.0483024113,57344083.416666664,6,2,6,0,1,2023
2023-02-19,Nebraska,56849362,59413146.0,54783969.0,62820540.0,57500674.5,1343230.5196873804,57292937.083333336,6,2,7,0,1,2023
2023-02-26,Nebraska,57354969,56849362.0,55025910.0,62361079.0,57751289.25,1134977.5400213345,57352140.75,6,2,8,0,1,2023
2023-03-05,Nebraska,62690153,57354969.0,56199887.0,64972563.0,59076907.5,2651768.625182376,57727936.083333336,6,3,9,0,1,2023
2023-03-12,Nebraska,63087624,62690153.0,54665878.0,63717536.0,59995527.0,3351267.118363534,57914407.833333336,6,3,10,0,1,2023
2023-03-19,Nebraska,61751231,63087624.0,56352510.0,62001822.0,61220994.25,2637551.6614829646,57963526.583333336,6,3,11,0,1,2023
2023-03-26,Nebraska,58216656,61751231.0,57387680.0,62691105.0,61436416.0,2218430.9219399407,58249583.833333336,6,3,12,0,1,2023
2023-04-02,Nebraska,61436801,58216656.0,59413146.0,63642685.0,61123078.0,2065569.182278651,58783824.75,6,4,13,0,2,2023
2023-04-09,Nebraska,65159258,61436801.0,56849362.0,62012249.0,61640986.5,2837729.097308438,59530439.0,6,4,14,0,2,2023
2023-04-16,Nebraska,63190843,65159258.0,57354969.0,61544262.0,62000889.5,2945612.5527247516,60240852.75,6,4,15,0,2,2023
2023-04-23,Nebraska,63119163,63190843.0,62690153.0,59888531.0,63226516.25,1522209.8682865251,60804740.5,6,4,16,0,2,2023
2023-04-30,Nebraska,64836582,63119163.0,63087624.0,59902191.0,64076461.5,1072531.581598244,61425482.333333336,6,4,17,0,2,2023
2023-05-07,Nebraska,66219089,64836582.0,61751231.0,60631555.0,64341419.25,1481954.3275441655,61992644.25,6,5,18,0,2,2023
2020-05-03,Nevada,64109292,59408863.0,66151206.0,59598259.0,59157060.5,3627576.195751144,58070921.833333336,6,5,18,0,2,2020
2020-05-10,Nevada,63097298,64109292.0,61176731.0,56865241.0,60997939.5,3147974.008004779,59040305.166666664,6,5,19,0,2,2020
2020-05-17,Nevada,61020764,63097298.0,53269143.0,55655905.0,61909054.25,2104992.89157634,59801700.416666664,6,5,20,0,2,2020
2020-05-24,Nevada,60459076,61020764.0,58613629.0,55435695.0,62171607.5,1719372.8530402216,60082589.5,6,5,21,0,2,2020
2020-05-31,Nevada,61455634,60459076.0,55733782.0,55645617.0,61508193.0,1135231.350758662,60155976.916666664,6,5,22,0,2,2020
2020-06-07,Nevada,65003756,61455634.0,57376305.0,56627804.0,61984807.5,2053558.7905502815,60060356.083333336,6,6,23,0,2,2020
2020-06-14,Nevada,63360793,65003756.0,59408863.0,55198522.0,62569814.75,2020423.5046846615,60242361.25,6,6,24,0,2,2020
2020-06-21,Nevada,63040337,63360793.0,64109292.0,53734862.0,63215130.0,1454507.8714477045,61056627.416666664,6,6,25,0,2,2020
2020-06-28,Nevada,64796347,63040337.0,63097298.0,51173890.0,64050308.25,993497.128714313,61571853.916666664,6,6,26,0,2,2020
2020-07-05,Nevada,68944055,64796347.0,61020764.0,51787525.0,65035383.0,2715346.21629827,62672710.0,6,7,27,0,3,2020
2020-07-12,Nevada,66813756,68944055.0,60459076.0,52516064.0,65898623.75,2549309.4301714175,63459164.25,6,7,28,0,3,2020
2020-07-19,Nevada,66949515,66813756.0,61455634.0,54479450.0,66875918.25,1694214.3535635974,64087551.916666664,6,7,29,0,3,2020
2020-07-26,Nevada,65194969,66949515.0,65003756.0,51213464.0,66975573.75,1535397.4241208422,64178025.0,6,7,30,0,3,2020
2020-08-02,Nevada,66665727,65194969.0,63360793.0,54213053.0,66405991.75,815624.0367511567,64475394.083333336,6,8,31,0,3,2020
2020-08-09,Nevada,67504943,66665727.0,63040337.0,52250331.0,66578788.5,986190.4831277112,65015742.333333336,6,8,32,0,3,2020
2020-08-16,Nevada,68326381,67504943.0,64796347.0,51146176.0,66923005.0,1336714.4322055734,65671351.083333336,6,8,33,0,3,2020
2020-08-23,Nevada,66356210,68326381.0,68944055.0,52519403.0,67213315.25,886649.9515044923,66079732.416666664,6,8,34,0,3,2020
2020-08-30,Nevada,66872973,66356210.0,66813756.0,53906524.0,67265126.75,849251.9529909356,66235500.5,6,8,35,1,3,2020
2020-09-06,Nevada,68051245,66872973.0,66949515.0,51924422.0,67401702.25,939777.4983818873,66626371.5,6,9,36,0,3,2020
2020-09-13,Nevada,63647744,68051245.0,65194969.0,51464698.0,66232043.0,1863178.8200987761,66676988.75,6,9,37,0,3,2020
2020-09-20,Nevada,62159597,63647744.0,66665727.0,51884021.0,65182889.75,2743526.6087087467,66457259.583333336,6,9,38,0,3,2020
2020-09-27,Nevada,61668977,62159597.0,67504943.0,57088407.0,63881890.75,2904113.323589878,65851003.083333336,6,9,39,0,3,2020
2020-10-04,Nevada,61749107,61668977.0,68326381.0,60574985.0,62306356.25,919717.0594385257,65428949.0,6,10,40,0,4,2020
2020-10-11,Nevada,62092755,61749107.0,66356210.0,66151206.0,61917609.0,244571.1272738438,65024219.0,6,10,41,0,4,2020
2020-10-18,Nevada,60246781,62092755.0,66872973.0,61176731.0,61439405.0,816054.9123402582,64611870.0,6,10,42,0,4,2020
2020-10-25,Nevada,58891009,60246781.0,68051245.0,53269143.0,60744913.0,1473112.2583654874,63963976.833333336,6,10,43,1,4,2020
2020-11-01,Nevada,57755197,58891009.0,63647744.0,58613629.0,59746435.5,1866578.5166300929,63151498.0,6,11,44,0,4,2020
2020-11-08,Nevada,60594594,57755197.0,62159597.0,55733782.0,59371895.25,1304528.2833009975,62507182.416666664,6,11,45,0,4,2020
2020-11-15,Nevada,58025126,60594594.0,61668977.0,57376305.0,58816481.5,1280599.6939237737,61812925.416666664,6,11,46,0,4,2020
2020-11-22,Nevada,58341572,58025126.0,61749107.0,59408863.0,58679122.25,1299271.7394659645,61101975.333333336,6,11,47,0,4,2020
2020-11-29,Nevada,53400289,58341572.0,62092755.0,64109292.0,57590395.25,3018579.0172710265,59881062.333333336,6,11,48,0,4,2020
2020-12-06,Nevada,53808329,53400289.0,60246781.0,63097298.0,55893829.0,2652101.347853433,59061111.083333336,6,12,49,0,4,2020
2020-12-13,Nevada,55848431,53808329.0,58891009.0,61020764.0,55349655.25,2263924.2090742,58535180.583333336,6,12,50,0,4,2020
2020-12-20,Nevada,55959938,55848431.0,57755197.0,60459076.0,54754246.75,1339016.124103157,58059427.333333336,6,12,51,0,4,2020
2020-12-27,Nevada,53278907,55959938.0,60594594.0,61455634.0,54723901.25,1380656.2369019457,57353577.333333336,6,12,52,0,4,2020
2021-01-03,Nevada,56399456,53278907.0,58025126.0,65003756.0,55371683.0,1415316.3752596066,56879135.75,6,1,53,0,1,2021
2021-01-10,Nevada,56092416,56399456.0,58341572.0,63360793.0,55432679.25,1447601.0682001591,56532938.666666664,6,1,1,0,1,2021
2021-01-17,Nevada,55590850,56092416.0,53400289.0,63040337.0,55340407.25,1414167.1597010405,56257925.416666664,6,1,2,0,1,2021
2021-01-24,Nevada,54377456,55590850.0,53808329.0,64796347.0,55615044.5,889830.6242401744,55976447.0,6,1,3,0,1,2021
2021-01-31,Nevada,54141629,54377456.0,55848431.0,68944055.0,55050587.75,941028.1191924652,55438699.916666664,6,1,4,0,1,2021
2021-02-07,Nevada,57507947,54141629.0,55959938.0,66813756.0,55404470.5,1539358.9727984155,55395601.666666664,6,2,5,0,1,2021
2021-02-14,Nevada,57221258,57507947.0,53278907.0,66949515.0,55812072.5,1799101.6352543824,55302242.166666664,6,2,6,0,1,2021
2021-02-21,Nevada,56002332,57221258.0,56399456.0,65194969.0,56218291.5,1530611.9422580607,55519079.083333336,6,2,7,0,1,2021
2021-02-28,Nevada,57822290,56002332.0,56092416.0,66665727.0,57138456.75,796196.4693078212,55853575.833333336,6,2,8,0,1,2021
2021-03-07,Nevada,63998928,57822290.0,55590850.0,67504943.0,58761202.0,3572959.5853137383,56532783.916666664,6,3,9,0,1,2021
2021-03-14,Nevada,69168470,63998928.0,54377456.0,68326381.0,61748005.0,6015367.864957998,57633494.916666664,6,3,10,0,1,2021
2021-03-21,Nevada,64935937,69168470.0,54141629.0,66356210.0,63981406.25,4681587.312439971,58604914.083333336,6,3,11,0,1,2021
2021-03-28,Nevada,55694462,64935937.0,57507947.0,66872973.0,63449449.25,5637925.1004305575,58546164.583333336,6,3,12,0,1,2021
2021-04-04,Nevada,62557191,55694462.0,57221258.0,68051245.0,63089015.0,5637172.601221703,59084895.833333336,6,4,13,0,2,2021
2021-04-11,Nevada,62246843,62557191.0,56002332.0,63647744.0,61358608.25,3962549.4868275034,59639561.916666664,6,4,14,0,2,2021
2021-04-18,Nevada,61428869,62246843.0,57822290.0,62159597.0,60481841.25,3226875.13470482,60227179.666666664,6,4,15,0,2,2021
2021-04-25,Nevada,63278448,61428869.0,63998928.0,61668977.0,62377837.75,766152.2311078762,60988581.25,6,4,16,1,2,2021
2021-05-02,Nevada,66299297,63278448.0,69168470.0,61749107.0,63313364.25,2129616.824377156,61721193.75,6,5,17,0,2,2021
2021-05-09,Nevada,68671167,66299297.0,64935937.0,62092755.0,64919445.25,3207096.374862715,62675352.833333336,6,5,18,0,2,2021
2021-05-16,Nevada,66682846,68671167.0,55694462.0,60246781.0,66232939.5,2227165.0546436063,63565395.666666664,6,5,19,0,2,2021
2021-05-23,Nevada,66098473,66682846.0,62557191.0,58891009.0,66937945.75,1180638.0348171522,64255077.583333336,6,5,20,0,2,2021
2021-05-30,Nevada,68088692,66098473.0,62246843.0,57755197.0,67385294.5,1196882.0043870886,64595891.25,6,5,21,0,2,2021
2021-06-06,Nevada,70028862,68088692.0,61428869.0,60594594.0,67724718.25,1748497.136573836,64667590.583333336,6,6,22,0,2,2021
2021-06-13,Nevada,67859295,70028862.0,63278448.0,58025126.0,68018830.5,1608138.8584054718,64911203.75,6,6,23,0,2,2021
2021-06-20,Nevada,71300167,67859295.0,66299297.0,58341572.0,69319254.0,1640459.5844618198,66211679.166666664,6,6,24,0,2,2021
2021-06-27,Nevada,70658003,71300167.0,68671167.0,53400289.0,69961581.75,1494539.978302655,66886746.833333336,6,6,25,0,2,2021
2021-07-04,Nevada,73900787,70658003.0,66682846.0,53808329.0,70929563.0,2480981.6476827576,67857908.83333333,6,7,26,0,3,2021
2021-07-11,Nevada,73101283,73900787.0,66098473.0,55848431.0,72240060.0,1515038.220305122,68830610.0,6,7,27,0,3,2021
2021-07-18,Nevada,73060444,73101283.0,68088692.0,55959938.0,72680129.25,1402498.9249883792,69645776.33333333,6,7,28,0,3,2021
2021-07-25,Nevada,70156233,73060444.0,70028862.0,53278907.0,72554686.75,1645106.2914373928,69967187.66666667,6,7,29,0,3,2021
2021-08-01,Nevada,69338528,70156233.0,67859295.0,56399456.0,71414122.0,1953395.6380929716,70022801.08333333,6,8,30,0,3,2021
2021-08-08,Nevada,72793873,69338528.0,71300167.0,56092416.0,71337269.5,1869120.908503687,70532053.33333333,6,8,31,0,3,2021
2021-08-15,Nevada,73839067,72793873.0,70658003.0,55590850.0,71531925.25,2130644.334572736,71177102.83333333,6,8,32,1,3,2021
2021-08-22,Nevada,71018291,73839067.0,73900787.0,54377456.0,71747439.75,1983636.4601880976,71421236.08333333,6,8,33,0,3,2021
2021-08-29,Nevada,69929214,71018291.0,73101283.0,54141629.0,71895111.25,1753121.2536110843,71412932.08333333,6,8,34,0,3,2021
2021-09-05,Nevada,72111711,69929214.0,73060444.0,57507947.0,71724570.75,1667643.937762165,71767300.08333333,6,9,35,0,3,2021
2021-09-12,Nevada,70009887,72111711.0,70156233.0,57221258.0,70767275.75,1024125.6453864622,71659776.75,6,9,36,0,3,2021
2021-09-19,Nevada,69517287,70009887.0,69338528.0,56002332.0,70392024.75,1166577.612792324,71564717.08333333,6,9,37,0,3,2021
2021-09-26,Nevada,68281705,69517287.0,72793873.0,57822290.0,69980147.5,1596182.3371886394,71096460.25,6,9,38,0,3,2021
2021-10-03,Nevada,97454406,68281705.0,73839067.0,63998928.0,76315821.25,14111126.388600744,73125887.16666667,6,10,39,0,4,2021
2021-10-10,Nevada,94869756,97454406.0,71018291.0,69168470.0,82530788.5,15783452.095288886,74943329.83333333,6,10,40,0,4,2021
2021-10-17,Nevada,92490701,94869756.0,69929214.0,64935937.0,88274142.0,13481546.377006637,76804535.5,6,10,41,0,4,2021
2021-10-24,Nevada,92985096,92490701.0,72111711.0,55694462.0,94449989.75,2249996.060186849,78775082.83333333,6,10,42,0,4,2021
2021-10-31,Nevada,93071769,92985096.0,70009887.0,62557191.0,93354330.5,1042200.4728127397,80464907.5,6,10,43,0,4,2021
2021-11-07,Nevada,92345973,93071769.0,69517287.0,62246843.0,92723384.75,358908.40083836316,82007149.66666667,6,11,44,0,4,2021
2021-11-14,Nevada,92148151,92345973.0,68281705.0,61428869.0,92637747.25,459660.2856375034,83767971.33333333,6,11,45,0,4,2021
2021-11-21,Nevada,91842417,92148151.0,97454406.0,63278448.0,92352077.5,522600.21774306573,85594071.58333333,6,11,46,0,4,2021
2021-11-28,Nevada,84566191,91842417.0,94869756.0,66299297.0,90225683.0,3778676.6387164462,86631944.91666667,6,11,47,0,4,2021
2021-12-05,Nevada,85728485,84566191.0,92490701.0,68671167.0,88571311.0,3983991.496372798,87941828.08333333,6,12,48,0,4,2021
2021-12-12,Nevada,87269917,85728485.0,92985096.0,66682846.0,87351752.5,3192027.304992826,89421213.91666667,6,12,49,0,4,2021
2021-12-19,Nevada,87815423,87269917.0,93071769.0,66098473.0,86345004.0,1478948.66481343,91049023.75,6,12,50,0,4,2021
2021-12-26,Nevada,85598096,87815423.0,92345973.0,68088692.0,86602980.25,1108956.9196169628,90060997.91666667,6,12,51,0,4,2021
2022-01-02,Nevada,87627145,85598096.0,92148151.0,70028862.0,87077645.25,1011978.3253062655,89457447.0,6,1,52,0,1,2022
2022-01-09,Nevada,86588437,87627145.0,91842417.0,67859295.0,86907275.25,1026085.2679137706,88965591.66666667,6,1,1,0,1,2022
2022-01-16,Nevada,87498306,86588437.0,84566191.0,71300167.0,86827996.0,941275.2245017168,88508359.16666667,6,1,2,0,1,2022
2022-01-23,Nevada,85908588,87498306.0,85728485.0,70658003.0,86905619.0,809640.4314530147,87911427.41666667,6,1,3,0,1,2022
2022-01-30,Nevada,84537714,85908588.0,87269917.0,73900787.0,86133261.25,1247234.43788501,87260739.16666667,6,1,4,0,1,2022
2022-02-06,Nevada,86356797,84537714.0,87815423.0,73101283.0,86075351.25,1224220.8712590782,86778126.33333333,6,2,5,0,1,2022
2022-02-13,Nevada,88624513,86356797.0,85598096.0,73060444.0,86356903.0,1698282.473587385,86509967.66666667,6,2,6,0,1,2022
2022-02-20,Nevada,86424096,88624513.0,87627145.0,70156233.0,86485780.0,1672282.0252367982,86664793.08333333,6,2,7,0,1,2022
2022-02-27,Nevada,89601702,86424096.0,86588437.0,69338528.0,87751777.0,1621994.3145689794,86987561.16666667,6,2,8,0,1,2022
2022-03-06,Nevada,92054046,89601702.0,87498306.0,72793873.0,89176089.25,2333915.4851481556,87386238.58333333,6,3,9,0,1,2022
2022-03-13,Nevada,91322776,92054046.0,85908588.0,73839067.0,89850655.0,2505018.716777202,87678518.0,6,3,10,0,1,2022
2022-03-20,Nevada,94353742,91322776.0,84537714.0,71018291.0,91833066.5,1969942.5407839806,88408155.16666667,6,3,11,0,1,2022
2022-03-27,Nevada,95719422,94353742.0,86356797.0,69929214.0,93362496.5,2033893.46516243,89082511.58333333,6,3,12,0,1,2022
2022-04-03,Nevada,100330711,95719422.0,88624513.0,72111711.0,95431662.75,3747369.860288459,90227701.08333333,6,4,13,0,2,2022
2022-04-10,Nevada,100096904,100330711.0,86424096.0,70009887.0,97625194.75,3042123.03420243,91277584.25,6,4,14,0,2,2022
2022-04-17,Nevada,99486368,100096904.0,89601702.0,69517287.0,98908351.25,2155546.181577421,92409065.91666667,6,4,15,0,2,2022
2022-04-24,Nevada,97881485,99486368.0,92054046.0,68281705.0,99448867.0,1103886.0829859572,93521046.83333333,6,4,16,0,2,2022
2022-05-01,Nevada,100373381,97881485.0,91322776.0,97454406.0,99459534.5,1115394.6336409724,94689095.5,6,5,17,0,2,2022
2022-05-08,Nevada,102374030,100373381.0,94353742.0,94869756.0,100028816.0,1872968.5885679128,95834888.58333333,6,5,18,0,2,2022
2022-05-15,Nevada,102195108,102374030.0,95719422.0,92490701.0,100706001.0,2088722.663970035,97149139.58333333,6,5,19,0,2,2022
2022-05-22,Nevada,102231901,102195108.0,100330711.0,92985096.0,101793605.0,949953.9345719622,98201656.16666667,6,5,20,0,2,2022
2022-05-29,Nevada,104453182,102231901.0,100096904.0,93071769.0,102813555.25,1095803.6612883722,99234917.5,6,5,21,0,2,2022
2022-06-05,Nevada,107451031,104453182.0,99486368.0,92345973.0,104082805.5,2481355.213737662,100578938.75,6,6,22,0,2,2022
2022-06-12,Nevada,108401002,107451031.0,97881485.0,92148151.0,105634279.0,2824093.3746677143,101749543.75,6,6,23,0,2,2022
2022-06-19,Nevada,107987659,108401002.0,100373381.0,91842417.0,107073218.5,1789463.9790918056,102771896.83333333,6,6,24,0,2,2022
2022-06-26,Nevada,104905199,107987659.0,102374030.0,84566191.0,107186222.75,1569626.4360644312,103153104.16666667,6,6,25,0,2,2022
2022-07-03,Nevada,113337636,104905199.0,102195108.0,85728485.0,108657874.0,3487975.2198507306,104256498.5,6,7,26,0,3,2022
2022-07-10,Nevada,110690505,113337636.0,102231901.0,87269917.0,109230249.75,3617230.2002085797,105190176.58333333,6,7,27,1,3,2022
2022-07-17,Nevada,111229610,110690505.0,104453182.0,87815423.0,110040737.5,3609197.0958278817,106302520.33333333,6,7,28,0,3,2022
2022-07-24,Nevada,107725767,111229610.0,107451031.0,85598096.0,110745879.5,2314832.088930659,106915219.16666667,6,7,29,0,3,2022
2022-07-31,Nevada,105182079,107725767.0,108401002.0,87627145.0,108706990.25,2809848.1307284813,107149223.25,6,7,30,0,3,2022
2022-08-07,Nevada,109684428,105182079.0,107987659.0,86588437.0,108455471.0,2611113.7861361178,107773333.25,6,8,31,0,3,2022
2022-08-14,Nevada,111445680,109684428.0,104905199.0,87498306.0,108509488.5,2688715.7233882295,108541148.16666667,6,8,32,0,3,2022
2022-08-21,Nevada,107279199,111445680.0,113337636.0,85908588.0,108397846.5,2740870.5334362458,108776649.58333333,6,8,33,0,3,2022
2022-08-28,Nevada,108306289,107279199.0,110690505.0,84537714.0,109178899.0,1804084.6223595198,108847921.08333333,6,8,34,0,3,2022
2022-09-04,Nevada,110622906,108306289.0,111229610.0,86356797.0,109413518.5,1947098.300975863,109033079.75,6,9,35,0,3,2022
2022-09-11,Nevada,107655422,110622906.0,107725767.0,88624513.0,108465954.0,1499253.6360445335,109005393.33333333,6,9,36,0,3,2022
2022-09-18,Nevada,102953859,107655422.0,105182079.0,86424096.0,107384619.0,3216672.5419123336,108842781.66666667,6,9,37,0,3,2022
2022-09-25,Nevada,100958965,102953859.0,109684428.0,89601702.0,105547788.0,4396388.9718059255,107811225.75,6,9,38,0,3,2022
2022-10-02,Nevada,100964519,100958965.0,111445680.0,92054046.0,103133191.25,3157695.896601668,107000726.91666667,6,10,39,1,4,2022
2022-10-09,Nevada,102194629,100964519.0,107279199.0,91322776.0,101767993.0,981222.5741241195,106247811.83333333,6,10,40,1,4,2022
2022-10-16,Nevada,100996830,102194629.0,108306289.0,94353742.0,101278735.75,610823.705012347,105687067.08333333,6,10,41,0,4,2022
2022-10-23,Nevada,99022283,100996830.0,110622906.0,95719422.0,100794565.25,1312879.5557807314,105173750.75,6,10,42,0,4,2022
2022-10-30,Nevada,95957195,99022283.0,107655422.0,100330711.0,99542734.25,2724818.1243380285,104029814.66666667,6,10,43,0,4,2022
2022-11-06,Nevada,97736557,95957195.0,102953859.0,100096904.0,98428216.25,2124070.8114535646,102887387.75,6,11,44,0,4,2022
2022-11-13,Nevada,97492295,97736557.0,100958965.0,99486368.0,97552082.5,1257346.5491745276,102071812.41666667,6,11,45,0,4,2022
2022-11-20,Nevada,96374656,97492295.0,100964519.0,97881485.0,96890175.75,859287.0114389486,101077509.66666667,6,11,46,0,4,2022
2022-11-27,Nevada,91839129,96374656.0,102194629.0,100373381.0,95860659.25,2745792.2839506646,99512194.91666667,6,11,47,0,4,2022
2022-12-04,Nevada,91020179,91839129.0,100996830.0,102374030.0,94181564.75,3227586.77251147,98125924.66666667,6,12,48,0,4,2022
2022-12-11,Nevada,93177556,91020179.0,99022283.0,102195108.0,93102880.0,2355476.2253490817,97311232.75,6,12,49,0,4,2022
2022-12-18,Nevada,93810022,93177556.0,95957195.0,102231901.0,92461721.5,1264383.8380878482,96715487.5,6,12,50,0,4,2022
2022-12-25,Nevada,94688707,93810022.0,97736557.0,104453182.0,93174116.0,1563949.9961834121,96192503.16666667,6,12,51,1,4,2022
2023-01-01,Nevada,90694672,94688707.0,97492295.0,107451031.0,93092739.25,1714596.941858449,95234173.41666667,6,1,52,0,1,2023
2023-01-08,Nevada,90884399,90694672.0,96374656.0,108401002.0,92519450.0,2030965.1680189138,94391470.83333333,6,1,1,0,1,2023
2023-01-15,Nevada,91963891,90884399.0,91839129.0,107987659.0,92057917.25,1840785.9136000422,93803271.5,6,1,2,0,1,2023
2023-01-22,Nevada,90952640,91963891.0,91020179.0,104905199.0,91123900.5,570529.6582022896,93386225.25,6,1,3,0,1,2023
2023-01-29,Nevada,90204647,90952640.0,93177556.0,113337636.0,91001394.25,725091.0378609976,92758566.08333333,6,1,4,0,1,2023
2023-02-05,Nevada,92129655,90204647.0,93810022.0,110690505.0,91312708.25,903491.3474300702,92311679.41666667,6,2,5,0,1,2023
2023-02-12,Nevada,96722302,92129655.0,94688707.0,111229610.0,92502311.0,2922780.4456005176,92340649.91666667,6,2,6,0,1,2023
2023-02-19,Nevada,94316073,96722302.0,90694672.0,107725767.0,93343169.25,2809983.309415736,92547061.91666667,6,2,7,0,1,2023
2023-02-26,Nevada,93720961,94316073.0,90884399.0,105182079.0,94222247.75,1905195.2877644016,92772127.08333333,6,2,8,0,1,2023
2023-03-05,Nevada,100941906,93720961.0,91963891.0,109684428.0,96425310.5,3278730.8475104235,93419156.25,6,3,9,0,1,2023
2023-03-12,Nevada,108721285,100941906.0,90952640.0,111445680.0,99425056.25,7008545.132104929,94661761.5,6,3,10,0,1,2023
2023-03-19,Nevada,103271404,108721285.0,90204647.0,107279199.0,101663889.0,6218314.547675929,95376986.25,6,3,11,0,1,2023
2023-03-26,Nevada,93906382,103271404.0,92129655.0,108306289.0,101710244.25,6139558.123257434,95644628.75,6,3,12,0,1,2023
2023-04-02,Nevada,98266678,93906382.0,96722302.0,110622906.0,101041437.25,6391690.321172197,96259818.66666667,6,4,13,0,2,2023
2023-04-09,Nevada,102562118,98266678.0,94316073.0,107655422.0,99501645.5,4336269.111885134,97143004.25,6,4,14,0,2,2023
2023-04-16,Nevada,101828070,102562118.0,93720961.0,102953859.0,99140812.0,3961904.3392059277,98049290.08333333,6,4,15,0,2,2023
2023-04-23,Nevada,101025635,101828070.0,100941906.0,100958965.0,100920625.25,1877269.0693294369,98951039.08333333,6,4,16,0,2,2023
2023-04-30,Nevada,107343566,101025635.0,108721285.0,100964519.0,103189847.25,2839347.073247361,100218865.0,6,4,17,0,2,2023
2023-05-07,Nevada,109269132,107343566.0,103271404.0,102194629.0,104866600.75,4062155.6374378,101264434.16666667,6,5,18,0,2,2023
2020-05-03,New Hampshire,32853085,30844385.0,35697445.0,30388827.0,31822073.5,858373.888708761,31803191.916666668,6,5,18,0,2,2020
2020-05-10,New Hampshire,34666000,32853085.0,35486245.0,30666339.0,32616803.25,1597887.5282339437,32250148.5,6,5,19,0,2,2020
2020-05-17,New Hampshire,34103279,34666000.0,30528128.0,29490225.0,33116687.25,1693770.6397306523,32576795.416666668,6,5,20,0,2,2020
2020-05-24,New Hampshire,37866615,34103279.0,30876075.0,29239812.0,34872244.75,2135189.6490070648,33238838.166666668,6,5,21,0,2,2020
2020-05-31,New Hampshire,37102777,37866615.0,31487081.0,29026634.0,35934667.75,1831247.4810207693,33634571.5,6,5,22,0,2,2020
2020-06-07,New Hampshire,37226621,37102777.0,32103743.0,29727550.0,36574823.0,1681351.8741496864,33762002.833333336,6,6,23,0,2,2020
2020-06-14,New Hampshire,37318376,37226621.0,30844385.0,29354792.0,37378597.25,337125.8489747008,33914680.416666664,6,6,24,0,2,2020
2020-06-21,New Hampshire,38284287,37318376.0,32853085.0,30142040.0,37483015.25,541436.8655669034,34561027.0,6,6,25,0,2,2020
2020-06-28,New Hampshire,38520872,38284287.0,34666000.0,30014723.0,37837539.0,660625.6599330633,35198093.416666664,6,6,26,0,2,2020
2020-07-05,New Hampshire,41509380,38520872.0,34103279.0,29272283.0,38908228.75,1810429.79714972,36033285.0,6,7,27,0,3,2020
2020-07-12,New Hampshire,38339929,41509380.0,37866615.0,30115314.0,39163617.0,1567100.1199070401,36552967.166666664,6,7,28,0,3,2020
2020-07-19,New Hampshire,38178048,38339929.0,37102777.0,32255625.0,39137057.25,1587735.4608601867,37164105.75,6,7,29,0,3,2020
2020-07-26,New Hampshire,37873622,38178048.0,37226621.0,30736142.0,38975244.75,1700447.285179082,37582483.833333336,6,7,30,0,3,2020
2020-08-02,New Hampshire,39238217,37873622.0,37318376.0,30026949.0,38407454.0,586609.0421095298,37963501.916666664,6,8,31,0,3,2020
2020-08-09,New Hampshire,38399975,39238217.0,38284287.0,28974786.0,38422465.5,585071.3444076658,38321559.916666664,6,8,32,0,3,2020
2020-08-16,New Hampshire,37820712,38399975.0,38520872.0,31135066.0,38333131.5,657614.5123026053,38317734.666666664,6,8,33,0,3,2020
2020-08-23,New Hampshire,36552859,37820712.0,41509380.0,27847797.0,38002940.75,1128345.1021291804,38271908.166666664,6,8,34,0,3,2020
2020-08-30,New Hampshire,35836629,36552859.0,38339929.0,29896449.0,37152543.75,1168159.0876866519,38156075.5,6,8,35,1,3,2020
2020-09-06,New Hampshire,34774832,35836629.0,38178048.0,29766584.0,36246258.0,1278775.451025184,37944113.5,6,9,36,0,3,2020
2020-09-13,New Hampshire,33724398,34774832.0,37873622.0,29302521.0,35222179.5,1237164.1399142083,37564122.75,6,9,37,0,3,2020
2020-09-20,New Hampshire,33158475,33724398.0,39238217.0,30183516.0,34373583.5,1183136.083185275,37117256.333333336,6,9,38,0,3,2020
2020-09-27,New Hampshire,33508107,33158475.0,38399975.0,29922102.0,33791453.0,695815.2855621907,36450483.583333336,6,9,39,0,3,2020
2020-10-04,New Hampshire,32924901,33508107.0,37820712.0,32353977.0,33328970.25,356274.084443765,35999231.25,6,10,40,0,4,2020
2020-10-11,New Hampshire,33001664,32924901.0,36552859.0,35697445.0,33148286.75,258826.73539695045,35567865.916666664,6,10,41,0,4,2020
2020-10-18,New Hampshire,32058522,33001664.0,35836629.0,35486245.0,32873298.5,601659.6757362033,35083274.25,6,10,42,0,4,2020
2020-10-25,New Hampshire,31626288,32058522.0,34774832.0,30528128.0,32402843.75,671497.273379605,34448946.833333336,6,10,43,1,4,2020
2020-11-01,New Hampshire,31051552,31626288.0,33724398.0,30876075.0,31934506.5,822356.8298613816,33836578.25,6,11,44,0,4,2020
2020-11-08,New Hampshire,32060542,31051552.0,33158475.0,31487081.0,31699226.0,477648.5561553887,33356564.083333332,6,11,45,0,4,2020
2020-11-15,New Hampshire,32130985,32060542.0,33508107.0,32103743.0,31717341.75,496807.7852532549,32988074.583333332,6,11,46,0,4,2020
2020-11-22,New Hampshire,32459420,32130985.0,32924901.0,30844385.0,31925624.75,608088.819675419,32706640.5,6,11,47,0,4,2020
2020-11-29,New Hampshire,32125005,32459420.0,33001664.0,32853085.0,32193988.0,179805.46324475575,32485821.583333332,6,11,48,0,4,2020
2020-12-06,New Hampshire,30924507,32125005.0,32058522.0,34666000.0,31909979.25,675307.413448802,32252497.333333332,6,12,49,0,4,2020
2020-12-13,New Hampshire,31861670,30924507.0,31626288.0,34103279.0,31842650.5,659160.55398084,32144430.25,6,12,50,0,4,2020
2020-12-20,New Hampshire,32669917,31861670.0,31051552.0,37866615.0,31895274.75,729466.9073857369,32074581.083333332,6,12,51,0,4,2020
2020-12-27,New Hampshire,33244408,32669917.0,32060542.0,37102777.0,32175125.5,1008379.0088224077,32101206.666666668,6,12,52,0,4,2020
2021-01-03,New Hampshire,31933909,33244408.0,32130985.0,37226621.0,32427476.0,655718.5230035788,32012227.083333332,6,1,53,0,1,2021
2021-01-10,New Hampshire,31496746,31933909.0,32459420.0,37318376.0,32336245.0,775183.8203613353,31965412.416666668,6,1,1,0,1,2021
2021-01-17,New Hampshire,32167010,31496746.0,32125005.0,38284287.0,32210518.25,743147.4696695434,32010472.583333332,6,1,2,0,1,2021
2021-01-24,New Hampshire,31240085,32167010.0,30924507.0,38520872.0,31709437.5,418445.33314678946,32026183.666666668,6,1,3,0,1,2021
2021-01-31,New Hampshire,31471486,31240085.0,31861670.0,41509380.0,31593831.75,399192.599632781,31977095.666666668,6,1,4,0,1,2021
2021-02-07,New Hampshire,32211005,31471486.0,32669917.0,38339929.0,31772396.5,490577.8540649733,31983764.0,6,2,5,0,1,2021
2021-02-14,New Hampshire,31543625,32211005.0,33244408.0,38178048.0,31616550.25,416918.9621380208,31907447.75,6,2,6,0,1,2021
2021-02-21,New Hampshire,31847487,31543625.0,31933909.0,37873622.0,31768400.75,337063.6258496471,31884321.25,6,2,7,0,1,2021
2021-02-28,New Hampshire,32073495,31847487.0,31496746.0,39238217.0,31918903.0,291636.81020976714,31980070.25,6,2,8,0,1,2021
2021-03-07,New Hampshire,34198378,32073495.0,32167010.0,38399975.0,32415746.25,1208087.458774782,32174795.916666668,6,3,9,0,1,2021
2021-03-14,New Hampshire,38286894,34198378.0,31240085.0,37820712.0,34101563.5,2984419.9408586915,32642877.333333332,6,3,10,0,1,2021
2021-03-21,New Hampshire,38079480,38286894.0,31471486.0,36552859.0,35659561.75,3041590.1419757796,33045800.0,6,3,11,0,1,2021
2021-03-28,New Hampshire,33192866,38079480.0,32211005.0,35836629.0,35939404.5,2624581.05253613,33150713.083333332,6,3,12,0,1,2021
2021-04-04,New Hampshire,33779494,33192866.0,31543625.0,34774832.0,35834683.5,2723689.3635250805,33340942.083333332,6,4,13,0,2,2021
2021-04-11,New Hampshire,33666213,33779494.0,31847487.0,33724398.0,34679513.25,2280840.926358721,33465875.666666668,6,4,14,0,2,2021
2021-04-18,New Hampshire,33368292,33666213.0,32073495.0,33158475.0,33501716.25,269202.62911589263,33643226.25,6,4,15,0,2,2021
2021-04-25,New Hampshire,34360725,33368292.0,34198378.0,33508107.0,33793681.0,415910.27127253235,33883996.166666664,6,4,16,1,2,2021
2021-05-02,New Hampshire,35119245,34360725.0,38286894.0,32924901.0,34128618.75,780412.1823064024,34126349.5,6,5,17,0,2,2021
2021-05-09,New Hampshire,36528984,35119245.0,38079480.0,33001664.0,34844311.5,1332441.2843900444,34541796.083333336,6,5,18,0,2,2021
2021-05-16,New Hampshire,36880947,36528984.0,33192866.0,32058522.0,35722475.25,1184731.1421112563,34961251.083333336,6,5,19,0,2,2021
2021-05-23,New Hampshire,40747388,36880947.0,33779494.0,31626288.0,37319141.0,2408926.5915278513,35684075.5,6,5,20,0,2,2021
2021-05-30,New Hampshire,40502697,40747388.0,33666213.0,31051552.0,38665004.0,2270013.179503149,36209435.416666664,6,5,21,0,2,2021
2021-06-06,New Hampshire,39191943,40502697.0,33368292.0,32060542.0,39330743.75,1770228.3389207863,36284856.166666664,6,6,22,0,2,2021
2021-06-13,New Hampshire,40628716,39191943.0,34360725.0,32130985.0,40267686.0,724087.8956484945,36497292.5,6,6,23,0,2,2021
2021-06-20,New Hampshire,41412909,40628716.0,35119245.0,32459420.0,40434066.25,920797.1188846369,37182296.083333336,6,6,24,0,2,2021
2021-06-27,New Hampshire,40777134,41412909.0,36528984.0,32125005.0,40502675.5,937684.8061299692,37765432.75,6,6,25,0,2,2021
2021-07-04,New Hampshire,42298976,40777134.0,36880947.0,30924507.0,41279433.75,760048.3912034237,38484829.666666664,6,7,26,0,3,2021
2021-07-11,New Hampshire,39438284,42298976.0,40747388.0,31861670.0,40981825.75,1203486.240887522,38990662.333333336,6,7,27,0,3,2021
2021-07-18,New Hampshire,38963245,39438284.0,40502697.0,32669917.0,40369409.75,1498194.407014962,39374205.666666664,6,7,28,0,3,2021
2021-07-25,New Hampshire,39836006,38963245.0,39191943.0,33244408.0,40134127.75,1486675.201247484,39767269.083333336,6,7,29,0,3,2021
2021-08-01,New Hampshire,40501186,39836006.0,40628716.0,31933909.0,39684680.25,650835.630645387,40098285.916666664,6,8,30,0,3,2021
2021-08-08,New Hampshire,40625628,40501186.0,41412909.0,31496746.0,39981516.25,762230.535333577,40410342.666666664,6,8,31,0,3,2021
2021-08-15,New Hampshire,41839783,40625628.0,40777134.0,32167010.0,40700650.75,834794.8702531127,40501375.583333336,6,8,32,1,3,2021
2021-08-22,New Hampshire,39861527,41839783.0,42298976.0,31240085.0,40707031.0,826035.2534756984,40447944.75,6,8,33,0,3,2021
2021-08-29,New Hampshire,38398796,39861527.0,39438284.0,31471486.0,40181433.5,1440783.1716499403,40381849.166666664,6,8,34,0,3,2021
2021-09-05,New Hampshire,38045854,38398796.0,38963245.0,32211005.0,39536490.0,1725026.6681368512,40166610.666666664,6,9,35,0,3,2021
2021-09-12,New Hampshire,37586040,38045854.0,39836006.0,31543625.0,38473054.25,983643.7699507413,39847704.916666664,6,9,36,0,3,2021
2021-09-19,New Hampshire,36264701,37586040.0,40501186.0,31847487.0,37573847.75,934049.1384669796,39471668.833333336,6,9,37,0,3,2021
2021-09-26,New Hampshire,36027614,36264701.0,40625628.0,32073495.0,36981052.25,986917.1789623012,38949055.333333336,6,9,38,0,3,2021
2021-10-03,New Hampshire,50608160,36027614.0,41839783.0,34198378.0,40121628.75,7024561.585567474,39879878.333333336,6,10,39,0,4,2021
2021-10-10,New Hampshire,51298673,50608160.0,39861527.0,38286894.0,43549787.0,8554169.126171751,40907830.666666664,6,10,40,0,4,2021
2021-10-17,New Hampshire,50137669,51298673.0,38398796.0,38079480.0,47018029.0,7342441.221049984,41766302.583333336,6,10,41,0,4,2021
2021-10-24,New Hampshire,49095898,50137669.0,38045854.0,33192866.0,50285100.0,925136.9784152606,42482528.583333336,6,10,42,0,4,2021
2021-10-31,New Hampshire,47991923,49095898.0,37586040.0,33779494.0,49631040.75,1415480.3973893705,43096386.5,6,10,43,0,4,2021
2021-11-07,New Hampshire,49261485,47991923.0,36264701.0,33666213.0,49121743.75,881058.9576304781,43714861.666666664,6,11,44,0,4,2021
2021-11-14,New Hampshire,50090022,49261485.0,36027614.0,33368292.0,49109832.0,862880.0142827823,44567236.25,6,11,45,0,4,2021
2021-11-21,New Hampshire,50209311,50090022.0,50608160.0,34360725.0,49388185.25,1021832.2669089279,45551445.833333336,6,11,46,0,4,2021
2021-11-28,New Hampshire,47449321,50209311.0,51298673.0,35119245.0,49252534.75,1273900.2605699704,46335068.083333336,6,11,47,0,4,2021
2021-12-05,New Hampshire,48428547,47449321.0,50137669.0,36528984.0,49044300.25,1338393.9254263819,47238610.333333336,6,12,48,0,4,2021
2021-12-12,New Hampshire,49313003,48428547.0,49095898.0,36880947.0,48850045.5,1183444.472250243,48325968.833333336,6,12,49,0,4,2021
2021-12-19,New Hampshire,52082493,49313003.0,47991923.0,40747388.0,49318341.0,1993784.8342774243,49663875.416666664,6,12,50,0,4,2021
2021-12-26,New Hampshire,50332518,52082493.0,49261485.0,40502697.0,50039140.25,1568719.9546031922,49640905.25,6,12,51,0,4,2021
2022-01-02,New Hampshire,48781954,50332518.0,50090022.0,39191943.0,50127492.0,1453493.4251934744,49431178.666666664,6,1,52,0,1,2022
2022-01-09,New Hampshire,48107986,48781954.0,50209311.0,40628716.0,49826237.75,1769173.542607275,49262038.416666664,6,1,1,0,1,2022
2022-01-16,New Hampshire,50778008,48107986.0,47449321.0,41412909.0,49500116.5,1262231.3111326538,49402214.25,6,1,2,0,1,2022
2022-01-23,New Hampshire,47083638,50778008.0,48428547.0,40777134.0,48687896.5,1558562.8442650812,49326523.833333336,6,1,3,0,1,2022
2022-01-30,New Hampshire,49473197,47083638.0,49313003.0,42298976.0,48860707.25,1609943.0900193057,49344166.5,6,1,4,0,1,2022
2022-02-06,New Hampshire,48683932,49473197.0,52082493.0,39438284.0,49004693.75,1544612.3590710096,49226992.333333336,6,2,5,0,1,2022
2022-02-13,New Hampshire,49266745,48683932.0,50332518.0,38963245.0,48626878.0,1081747.1183177056,49148445.166666664,6,2,6,0,1,2022
2022-02-20,New Hampshire,48294873,49266745.0,48781954.0,39836006.0,48929686.75,539257.3751882388,49218907.833333336,6,2,7,0,1,2022
2022-02-27,New Hampshire,48623462,48294873.0,48107986.0,40501186.0,48717253.0,404249.66014662094,49235150.75,6,2,8,0,1,2022
2022-03-06,New Hampshire,49865291,48623462.0,50778008.0,40625628.0,49012592.75,697192.4774572002,49281174.75,6,3,9,0,1,2022
2022-03-13,New Hampshire,50181120,49865291.0,47083638.0,41839783.0,49241186.5,921967.8608868774,49122727.0,6,3,10,0,1,2022
2022-03-20,New Hampshire,50241876,50181120.0,49473197.0,39861527.0,49727937.25,754594.6536940037,49115173.5,6,3,11,0,1,2022
2022-03-27,New Hampshire,50208272,50241876.0,48683932.0,38398796.0,50124139.75,174345.90552569428,49234033.333333336,6,3,12,0,1,2022
2022-04-03,New Hampshire,51722980,50208272.0,49266745.0,38045854.0,50588562.0,756686.8239864223,49535282.833333336,6,4,13,0,2,2022
2022-04-10,New Hampshire,51170028,51722980.0,48294873.0,37586040.0,50835789.0,740570.4595017674,49567951.166666664,6,4,14,0,2,2022
2022-04-17,New Hampshire,54171549,51170028.0,48623462.0,36264701.0,51818207.25,1689113.5220147013,50158610.416666664,6,4,15,0,2,2022
2022-04-24,New Hampshire,50093975,54171549.0,49865291.0,36027614.0,51789633.0,1725990.813267747,50210341.916666664,6,4,16,0,2,2022
2022-05-01,New Hampshire,52010264,50093975.0,50181120.0,50608160.0,51861454.0,1728268.4257219206,50487536.25,6,5,17,0,2,2022
2022-05-08,New Hampshire,55148843,52010264.0,50241876.0,51298673.0,52856157.75,2260667.274414844,50977711.083333336,6,5,18,0,2,2022
2022-05-15,New Hampshire,56179144,55148843.0,50208272.0,50137669.0,53358056.5,2806909.5480579687,51634733.666666664,6,5,19,0,2,2022
2022-05-22,New Hampshire,60562858,56179144.0,51722980.0,49095898.0,55975277.25,3535146.504827145,52629683.333333336,6,5,20,0,2,2022
2022-05-29,New Hampshire,59898217,60562858.0,51170028.0,47991923.0,57947265.5,2683589.512119726,53465760.5,6,5,21,0,2,2022
2022-06-05,New Hampshire,58539377,59898217.0,54171549.0,49261485.0,58794899.0,1936530.862764131,54162281.916666664,6,6,22,0,2,2022
2022-06-12,New Hampshire,61071034,58539377.0,50093975.0,50090022.0,60017871.5,1096422.1696787176,55064711.75,6,6,23,0,2,2022
2022-06-19,New Hampshire,60192376,61071034.0,52010264.0,50209311.0,59925251.0,1049690.7528324649,55896720.416666664,6,6,24,0,2,2022
2022-06-26,New Hampshire,60473076,60192376.0,55148843.0,47449321.0,60068965.75,1083561.674255279,56625895.083333336,6,6,25,0,2,2022
2022-07-03,New Hampshire,66414080,60473076.0,56179144.0,48428547.0,62037641.5,2940544.9592787484,57896232.75,6,7,26,0,3,2022
2022-07-10,New Hampshire,60496429,66414080.0,60562858.0,49313003.0,61893990.25,3016558.5887018517,58423306.083333336,6,7,27,1,3,2022
2022-07-17,New Hampshire,61159798,60496429.0,59898217.0,52082493.0,62135845.75,2869869.22058879,59345458.0,6,7,28,0,3,2022
2022-07-24,New Hampshire,61319367,61159798.0,58539377.0,50332518.0,62347418.5,2734424.389359058,60121216.583333336,6,7,29,0,3,2022
2022-07-31,New Hampshire,61426229,61319367.0,61071034.0,48781954.0,61100455.75,417300.9158639654,60644332.083333336,6,7,30,0,3,2022
2022-08-07,New Hampshire,62601373,61426229.0,60192376.0,48107986.0,61626691.75,658945.4021365535,61179517.833333336,6,8,31,0,3,2022
2022-08-14,New Hampshire,61682529,62601373.0,60473076.0,50778008.0,61757374.5,582936.0253918557,61272823.75,6,8,32,0,3,2022
2022-08-21,New Hampshire,60013247,61682529.0,66414080.0,47083638.0,61430844.5,1071305.4391253944,61282409.583333336,6,8,33,0,3,2022
2022-08-28,New Hampshire,58858242,60013247.0,60496429.0,49473197.0,60788847.75,1674585.425692253,61308981.666666664,6,8,34,0,3,2022
2022-09-04,New Hampshire,57734114,58858242.0,61159798.0,48683932.0,59572033.0,1686841.921269245,61030905.0,6,9,35,0,3,2022
2022-09-11,New Hampshire,55077631,57734114.0,61319367.0,49266745.0,57920808.5,2111523.429188901,60604676.25,6,9,36,0,3,2022
2022-09-18,New Hampshire,54738525,55077631.0,61426229.0,48294873.0,56602128.0,2013996.8495349379,60126797.0,6,9,37,0,3,2022
2022-09-25,New Hampshire,53724331,54738525.0,62601373.0,48623462.0,55318650.25,1709868.8627145956,59069317.916666664,6,9,38,0,3,2022
2022-10-02,New Hampshire,53158297,53724331.0,61682529.0,49865291.0,54174696.0,888648.8462626763,58457806.916666664,6,10,39,1,4,2022
2022-10-09,New Hampshire,54403686,53158297.0,60013247.0,50181120.0,54006209.75,705380.430692239,57894797.583333336,6,10,40,1,4,2022
2022-10-16,New Hampshire,53561160,54403686.0,58858242.0,50241876.0,53711868.5,518948.0464673876,57248280.333333336,6,10,41,0,4,2022
2022-10-23,New Hampshire,52365557,53561160.0,57734114.0,50208272.0,53372175.0,848283.3390941096,56493224.333333336,6,10,42,0,4,2022
2022-10-30,New Hampshire,51488264,52365557.0,55077631.0,51722980.0,52954666.75,1286452.2496538952,55567131.916666664,6,10,43,0,4,2022
2022-11-06,New Hampshire,52322433,51488264.0,54738525.0,51170028.0,52434353.5,852845.7045259236,54787123.916666664,6,11,44,0,4,2022
2022-11-13,New Hampshire,52772276,52322433.0,53724331.0,54171549.0,52237132.5,538810.9202633018,54183709.666666664,6,11,45,0,4,2022
2022-11-20,New Hampshire,52552324,52772276.0,53158297.0,50093975.0,52283824.25,561273.5443568516,53658216.5,6,11,46,0,4,2022
2022-11-27,New Hampshire,52622465,52552324.0,54403686.0,52010264.0,52567374.5,187298.73096647696,53232245.75,6,11,47,0,4,2022
2022-12-04,New Hampshire,49931625,52622465.0,53561160.0,55148843.0,51969672.5,1361791.8109335403,52803411.916666664,6,12,48,0,4,2022
2022-12-11,New Hampshire,52725450,49931625.0,52365557.0,56179144.0,51957966.0,1352763.824139547,52635655.666666664,6,12,49,0,4,2022
2022-12-18,New Hampshire,54150225,52725450.0,51488264.0,60562858.0,52357441.25,1761091.1467201905,52671146.833333336,6,12,50,0,4,2022
2022-12-25,New Hampshire,57231236,54150225.0,52322433.0,59898217.0,53509634.0,3037420.5737556308,53010558.416666664,6,12,51,1,4,2022
2023-01-01,New Hampshire,50635755,57231236.0,52772276.0,58539377.0,53685666.5,2769527.851695842,52696564.166666664,6,1,52,0,1,2023
2023-01-08,New Hampshire,50573660,50635755.0,52552324.0,61071034.0,53147719.0,3194572.075782188,52447605.833333336,6,1,1,0,1,2023
2023-01-15,New Hampshire,51751831,50573660.0,52622465.0,60192376.0,52548120.5,3168663.43146975,52396462.0,6,1,2,0,1,2023
2023-01-22,New Hampshire,50802224,51751831.0,49931625.0,60473076.0,50940867.5,549186.9153991675,52339292.0,6,1,3,0,1,2023
2023-01-29,New Hampshire,51809478,50802224.0,52725450.0,66414080.0,51234298.25,638175.2494439933,52296545.75,6,1,4,0,1,2023
2023-02-05,New Hampshire,50355820,51809478.0,54150225.0,60496429.0,51179838.25,717686.2171749595,52095174.416666664,6,2,5,0,1,2023
2023-02-12,New Hampshire,53417136,50355820.0,57231236.0,61159798.0,51596164.5,1357723.0755097496,52167242.083333336,6,2,6,0,1,2023
2023-02-19,New Hampshire,51575358,53417136.0,50635755.0,61319367.0,51789448.0,1258424.0404474107,52079983.166666664,6,2,7,0,1,2023
2023-02-26,New Hampshire,51669988,51575358.0,50573660.0,61426229.0,51754575.5,1259616.12173484,52224846.75,6,2,8,0,1,2023
2023-03-05,New Hampshire,53338540,51669988.0,51751831.0,62601373.0,52500255.5,1014588.6294919325,52275937.583333336,6,3,9,0,1,2023
2023-03-12,New Hampshire,58632571,53338540.0,50802224.0,61682529.0,53804114.25,3319267.150127003,52649466.416666664,6,3,10,0,1,2023
2023-03-19,New Hampshire,57543103,58632571.0,51809478.0,60013247.0,55296050.5,3324745.132898308,52675455.333333336,6,3,11,0,1,2023
2023-03-26,New Hampshire,52159634,57543103.0,50355820.0,58858242.0,55418462.0,3151223.651347201,52802445.25,6,3,12,0,1,2023
2023-04-02,New Hampshire,52166467,52159634.0,53417136.0,57734114.0,55125443.75,3449472.8426741143,52935179.166666664,6,4,13,0,2,2023
2023-04-09,New Hampshire,56189608,52166467.0,51575358.0,55077631.0,54514703.0,2771105.4127358613,53304993.916666664,6,4,14,0,2,2023
2023-04-16,New Hampshire,55834718,56189608.0,51669988.0,54738525.0,54087606.75,2227005.750527729,53724368.416666664,6,4,15,0,2,2023
2023-04-23,New Hampshire,54460243,55834718.0,53338540.0,53724331.0,54662759.0,1823663.1858251644,53945265.5,6,4,16,0,2,2023
2023-04-30,New Hampshire,55296067,54460243.0,58632571.0,53158297.0,55445159.0,752384.7596369734,54356952.75,6,4,17,0,2,2023
2023-05-07,New Hampshire,59336660,55296067.0,57543103.0,54403686.0,56231922.0,2145680.942911904,54850246.416666664,6,5,18,0,2,2023
2020-05-03,New Mexico,43768993,40566802.0,46004343.0,40091431.0,41683700.0,1431967.0625967607,40390646.25,6,5,18,0,2,2020
2020-05-10,New Mexico,44112633,43768993.0,42466993.0,38656091.0,42464060.25,1745077.7169313247,41071337.333333336,6,5,19,0,2,2020
2020-05-17,New Mexico,43271032,44112633.0,38029662.0,37190917.0,42929865.0,1612817.1632339468,41692320.083333336,6,5,20,0,2,2020
2020-05-24,New Mexico,44427198,43271032.0,39913693.0,35596520.0,43894964.0,495248.3073442368,42168501.333333336,6,5,21,0,2,2020
2020-05-31,New Mexico,42166291,44427198.0,40991192.0,35945861.0,43494288.5,1010955.1392402793,42260553.75,6,5,22,0,2,2020
2020-06-07,New Mexico,45905227,42166291.0,41407813.0,37278450.0,43942437.0,1601355.373692548,42252294.083333336,6,6,23,0,2,2020
2020-06-14,New Mexico,45999645,45905227.0,40566802.0,37154366.0,44624590.25,1790065.6369584843,42546681.75,6,6,24,0,2,2020
2020-06-21,New Mexico,45995632,45999645.0,43768993.0,37217286.0,45016698.75,1900771.8108400735,43210512.583333336,6,6,25,0,2,2020
2020-06-28,New Mexico,45735527,45995632.0,44112633.0,34731555.0,45909007.75,123597.10954921848,43695665.416666664,6,6,26,0,2,2020
2020-07-05,New Mexico,49250336,45735527.0,43271032.0,35952023.0,46745285.0,1674599.490542342,44383927.416666664,6,7,27,0,3,2020
2020-07-12,New Mexico,46679633,49250336.0,44427198.0,36401029.0,46915282.0,1606817.3113997763,44823245.75,6,7,28,0,3,2020
2020-07-19,New Mexico,47877363,46679633.0,42166291.0,39343627.0,47385714.75,1520986.6814683997,45432459.166666664,6,7,29,0,3,2020
2020-07-26,New Mexico,44376192,47877363.0,45905227.0,35439725.0,47045881.0,2066588.26068265,45483059.083333336,6,7,30,0,3,2020
2020-08-02,New Mexico,45176656,44376192.0,45999645.0,35901902.0,46027461.0,1559703.4104356733,45571727.666666664,6,8,31,0,3,2020
2020-08-09,New Mexico,46628932,45176656.0,45995632.0,36227966.0,46014785.75,1552827.591200513,45851552.666666664,6,8,32,0,3,2020
2020-08-16,New Mexico,47534421,46628932.0,45735527.0,36269989.0,45929050.25,1419450.0767274583,46110487.916666664,6,8,33,0,3,2020
2020-08-23,New Mexico,46196595,47534421.0,49250336.0,36273269.0,46384151.0,979159.5442047932,46446346.583333336,6,8,34,0,3,2020
2020-08-30,New Mexico,45094274,46196595.0,46679633.0,37201589.0,46363555.5,1013295.2910586685,46378767.166666664,6,8,35,1,3,2020
2020-09-06,New Mexico,45977001,45094274.0,47877363.0,36835606.0,46200572.75,1008802.6282302474,46376880.166666664,6,9,36,0,3,2020
2020-09-13,New Mexico,42603289,45977001.0,44376192.0,35944340.0,44967789.75,1646747.4762697888,46094184.916666664,6,9,37,0,3,2020
2020-09-20,New Mexico,43001755,42603289.0,45176656.0,35819239.0,44169079.75,1626746.3837552916,45866370.583333336,6,9,38,0,3,2020
2020-09-27,New Mexico,41678895,43001755.0,46628932.0,38713023.0,43315235.0,1859009.023796639,45235417.166666664,6,9,39,0,3,2020
2020-10-04,New Mexico,42431055,41678895.0,47534421.0,41061662.0,42428748.5,554101.8036988605,44881369.0,6,10,40,0,4,2020
2020-10-11,New Mexico,43505034,42431055.0,46196595.0,46004343.0,42654184.75,784373.7431226561,44517008.25,6,10,41,0,4,2020
2020-10-18,New Mexico,42993936,43505034.0,45094274.0,42466993.0,42652230.0,783227.7352303074,44401820.25,6,10,42,0,4,2020
2020-10-25,New Mexico,40888289,42993936.0,45977001.0,38029662.0,42454578.5,1132575.1517594745,44044456.333333336,6,10,43,1,4,2020
2020-11-01,New Mexico,39125374,40888289.0,42603289.0,39913693.0,41628158.25,2016543.821532007,43419159.833333336,6,11,44,0,4,2020
2020-11-08,New Mexico,40897367,39125374.0,43001755.0,40991192.0,40976241.5,1582272.4614609398,42866072.0,6,11,45,0,4,2020
2020-11-15,New Mexico,41802323,40897367.0,41678895.0,41407813.0,40678338.25,1120579.1048624117,42499882.666666664,6,11,46,0,4,2020
2020-11-22,New Mexico,41377705,41802323.0,42431055.0,40566802.0,40800692.25,1176470.0193203301,42190168.583333336,6,11,47,0,4,2020
2020-11-29,New Mexico,36433805,41377705.0,43505034.0,43768993.0,40127800.0,2490255.824479885,41394902.25,6,11,48,0,4,2020
2020-12-06,New Mexico,37379119,36433805.0,42993936.0,44112633.0,39248238.0,2736945.9158560885,40959554.75,6,12,49,0,4,2020
2020-12-13,New Mexico,39015532,37379119.0,40888289.0,43271032.0,38551540.25,2165014.989536618,40627369.5,6,12,50,0,4,2020
2020-12-20,New Mexico,41418275,39015532.0,39125374.0,44427198.0,38561682.75,2182690.935996568,40605651.166666664,6,12,51,0,4,2020
2020-12-27,New Mexico,38397644,41418275.0,40897367.0,42166291.0,39052642.5,1715352.0779829202,40269533.583333336,6,12,52,0,4,2020
2021-01-03,New Mexico,38562490,38397644.0,41802323.0,45905227.0,39348485.25,1404371.1631444066,39857654.916666664,6,1,53,0,1,2021
2021-01-10,New Mexico,39597266,38562490.0,41377705.0,45999645.0,39493918.75,1388429.0252909008,39574599.083333336,6,1,1,0,1,2021
2021-01-17,New Mexico,40053652,39597266.0,36433805.0,45995632.0,39152763.0,801625.6038034984,39505046.0,6,1,2,0,1,2021
2021-01-24,New Mexico,38188273,40053652.0,37379119.0,45735527.0,39100420.25,871184.6394515001,39426954.25,6,1,3,0,1,2021
2021-01-31,New Mexico,37947499,38188273.0,39015532.0,49250336.0,38946672.5,1036370.7509646297,39181131.916666664,6,1,4,0,1,2021
2021-02-07,New Mexico,40691767,37947499.0,41418275.0,46679633.0,39220297.75,1359508.8331578579,39088585.583333336,6,2,5,0,1,2021
2021-02-14,New Mexico,40163112,40691767.0,38397644.0,47877363.0,39247662.75,1382777.0166604016,38987369.5,6,2,6,0,1,2021
2021-02-21,New Mexico,38223578,40163112.0,38562490.0,44376192.0,39256489.0,1373844.7456480144,39136517.25,6,2,7,0,1,2021
2021-02-28,New Mexico,39600957,38223578.0,39597266.0,45176656.0,39669853.5,1062084.5382104276,39321670.416666664,6,2,8,0,1,2021
2021-03-07,New Mexico,43224896,39600957.0,40053652.0,46628932.0,40303135.75,2111390.1456608097,39672450.75,6,3,9,0,1,2021
2021-03-14,New Mexico,49556841,43224896.0,38188273.0,47534421.0,42651568.0,5063754.3092562575,40350664.583333336,6,3,10,0,1,2021
2021-03-21,New Mexico,46714557,49556841.0,37947499.0,46196595.0,44774312.75,4312826.845312508,41043740.666666664,6,3,11,0,1,2021
2021-03-28,New Mexico,40996188,46714557.0,40691767.0,45094274.0,45123120.5,3778243.671231779,41246548.833333336,6,3,12,0,1,2021
2021-04-04,New Mexico,43942929,40996188.0,40163112.0,45977001.0,45302628.75,3673603.0721263615,41608687.416666664,6,4,13,0,2,2021
2021-04-11,New Mexico,44895903,43942929.0,38223578.0,42603289.0,44137394.25,2389009.334592529,42012208.333333336,6,4,14,0,2,2021
2021-04-18,New Mexico,44962387,44895903.0,39600957.0,43001755.0,43699351.75,1861309.3127017443,42576717.833333336,6,4,15,0,2,2021
2021-04-25,New Mexico,44677646,44962387.0,43224896.0,41678895.0,44619716.25,467296.9082851972,43137563.416666664,6,4,16,1,2,2021
2021-05-02,New Mexico,46213010,44677646.0,49556841.0,42431055.0,45187236.5,694580.5105397458,43597667.0,6,5,17,0,2,2021
2021-05-09,New Mexico,48904959,46213010.0,46714557.0,43505034.0,46189500.5,1929229.477698715,44326154.25,6,5,18,0,2,2021
2021-05-16,New Mexico,48205001,48904959.0,40996188.0,42993936.0,47000154.0,1922981.839768121,45157939.5,6,5,19,0,2,2021
2021-05-23,New Mexico,48657045,48205001.0,43942929.0,40888289.0,47995003.75,1222827.017440966,45912613.5,6,5,20,0,2,2021
2021-05-30,New Mexico,47681199,48657045.0,44895903.0,39125374.0,48362051.0,538514.8419198734,46283972.083333336,6,5,21,0,2,2021
2021-06-06,New Mexico,48442417,47681199.0,44962387.0,40897367.0,48246415.5,419610.147221981,46191103.416666664,6,6,22,0,2,2021
2021-06-13,New Mexico,50541679,48442417.0,44677646.0,41802323.0,48830585.0,1215143.5281008238,46510030.25,6,6,23,0,2,2021
2021-06-20,New Mexico,51622626,50541679.0,46213010.0,41377705.0,49571980.25,1825415.9826230211,47395566.75,6,6,24,0,2,2021
2021-06-27,New Mexico,49736722,51622626.0,48904959.0,36433805.0,50085861.0,1340674.3249581486,47878382.833333336,6,6,25,0,2,2021
2021-07-04,New Mexico,50052131,49736722.0,48205001.0,37379119.0,50488289.5,825561.965798846,48308068.5,6,7,26,0,3,2021
2021-07-11,New Mexico,50161187,50052131.0,48657045.0,39015532.0,50393166.5,839168.1882278755,48741301.833333336,6,7,27,0,3,2021
2021-07-18,New Mexico,51469305,50161187.0,47681199.0,41418275.0,50354836.25,764468.5127988626,49307273.416666664,6,7,28,0,3,2021
2021-07-25,New Mexico,48189475,51469305.0,48442417.0,38397644.0,49968024.5,1349254.9942318746,49471978.833333336,6,7,29,0,3,2021
2021-08-01,New Mexico,47483782,48189475.0,50541679.0,38562490.0,49325937.25,1823618.1862250953,49353547.416666664,6,8,30,0,3,2021
2021-08-08,New Mexico,50324064,47483782.0,51622626.0,39597266.0,49366656.5,1850111.0329113556,49530136.0,6,8,31,0,3,2021
2021-08-15,New Mexico,52731698,50324064.0,49736722.0,40053652.0,49682254.75,2364508.198537892,49869690.416666664,6,8,32,1,3,2021
2021-08-22,New Mexico,50253945,52731698.0,50052131.0,38188273.0,50198372.25,2145198.2291906984,50084085.916666664,6,8,33,0,3,2021
2021-08-29,New Mexico,48371189,50253945.0,50161187.0,37947499.0,50420224.0,1786836.3043231813,50078150.25,6,8,34,0,3,2021
2021-09-05,New Mexico,49506690,48371189.0,51469305.0,40691767.0,50215880.5,1847216.3286892865,49991901.166666664,6,9,35,0,3,2021
2021-09-12,New Mexico,47013547,49506690.0,48189475.0,40163112.0,48786342.75,1412788.4876070109,49607811.25,6,9,36,0,3,2021
2021-09-19,New Mexico,48316330,47013547.0,47483782.0,38223578.0,48301939.0,1019212.3725449252,49489445.25,6,9,37,0,3,2021
2021-09-26,New Mexico,47411061,48316330.0,50324064.0,39600957.0,48061907.0,1106765.284561872,49269356.083333336,6,9,38,0,3,2021
2021-10-03,New Mexico,65423332,47411061.0,52731698.0,43224896.0,52041067.5,8938150.352278877,50541201.5,6,10,39,0,4,2021
2021-10-10,New Mexico,66629753,65423332.0,50253945.0,49556841.0,56945119.0,10504387.860020055,51804572.166666664,6,10,40,0,4,2021
2021-10-17,New Mexico,65600559,66629753.0,48371189.0,46714557.0,61266176.25,9252044.673065135,53255495.833333336,6,10,41,0,4,2021
2021-10-24,New Mexico,63451798,65600559.0,49506690.0,40996188.0,65276360.5,1327579.8613362918,54586163.833333336,6,10,42,0,4,2021
2021-10-31,New Mexico,61159836,63451798.0,47013547.0,43942929.0,64210486.5,2426741.894424227,55489144.833333336,6,10,43,0,4,2021
2021-11-07,New Mexico,62953004,61159836.0,48316330.0,44895903.0,63291299.25,1827203.6653490325,56340920.333333336,6,11,44,0,4,2021
2021-11-14,New Mexico,65506575,62953004.0,47411061.0,44962387.0,63267803.25,1787789.8377138572,57611972.833333336,6,11,45,0,4,2021
2021-11-21,New Mexico,64818507,65506575.0,65423332.0,44677646.0,63609480.5,1957245.700047652,58982582.666666664,6,11,46,0,4,2021
2021-11-28,New Mexico,57153027,64818507.0,66629753.0,46213010.0,62607778.25,3793144.5275974222,59619777.416666664,6,11,47,0,4,2021
2021-12-05,New Mexico,59227225,57153027.0,65600559.0,48904959.0,61676333.5,4123204.190518949,60637583.916666664,6,12,48,0,4,2021
2021-12-12,New Mexico,61694362,59227225.0,63451798.0,48205001.0,60723280.25,3301452.7852288918,61752419.916666664,6,12,49,0,4,2021
2021-12-19,New Mexico,64698894,61694362.0,61159836.0,48657045.0,60693377.0,3252169.389659671,63193072.666666664,6,12,50,0,4,2021
2021-12-26,New Mexico,61161254,64698894.0,62953004.0,47681199.0,61695433.75,2265551.9607713576,62837899.5,6,12,51,0,4,2021
2022-01-02,New Mexico,58452376,61161254.0,65506575.0,48442417.0,61501721.5,2560823.3346538553,62156451.416666664,6,1,52,0,1,2022
2022-01-09,New Mexico,60024763,58452376.0,64818507.0,50541679.0,61084321.75,2653353.4943039427,61691801.75,6,1,1,0,1,2022
2022-01-16,New Mexico,61749483,60024763.0,57153027.0,51622626.0,60346969.0,1451827.0011157303,61549942.166666664,6,1,2,0,1,2022
2022-01-23,New Mexico,60744230,61749483.0,59227225.0,49736722.0,60242713.0,1387405.7217529034,61515308.333333336,6,1,3,0,1,2022
2022-01-30,New Mexico,60361173,60744230.0,61694362.0,50052131.0,60719912.25,746666.7287544991,61299322.416666664,6,1,4,0,1,2022
2022-02-06,New Mexico,61032853,60361173.0,64698894.0,50161187.0,60971934.75,586847.98789716,60926512.25,6,2,5,0,1,2022
2022-02-13,New Mexico,62378977,61032853.0,61161254.0,51469305.0,61129308.25,877362.0729008892,60723218.083333336,6,2,6,0,1,2022
2022-02-20,New Mexico,60394925,62378977.0,58452376.0,48189475.0,61041982.0,943366.7763911845,60993376.25,6,2,7,0,1,2022
2022-02-27,New Mexico,62810971,60394925.0,60024763.0,47483782.0,61654431.5,1130673.287888693,61292021.75,6,2,8,0,1,2022
2022-03-06,New Mexico,66017498,62810971.0,61749483.0,50324064.0,62900592.75,2329061.632187866,61652283.083333336,6,3,9,0,1,2022
2022-03-13,New Mexico,64699095,66017498.0,60744230.0,52731698.0,63480622.25,2442019.296177846,61652299.833333336,6,3,10,0,1,2022
2022-03-20,New Mexico,66565669,64699095.0,60361173.0,50253945.0,65023308.25,1670014.0000769284,62102667.75,6,3,11,0,1,2022
2022-03-27,New Mexico,65262782,66565669.0,61032853.0,48371189.0,65636261.0,821970.7122986151,62670201.583333336,6,3,12,0,1,2022
2022-04-03,New Mexico,68359811,65262782.0,62378977.0,49506690.0,66221839.25,1625595.5791102974,63364788.916666664,6,4,13,0,2,2022
2022-04-10,New Mexico,69547316,68359811.0,60394925.0,47013547.0,67433894.5,1896612.4896897175,64014608.333333336,6,4,14,0,2,2022
2022-04-17,New Mexico,70598094,69547316.0,62810971.0,48316330.0,68442000.75,2308292.79771399,64835763.666666664,6,4,15,0,2,2022
2022-04-24,New Mexico,67452372,70598094.0,66017498.0,47411061.0,68989398.25,1373317.6411382817,65426696.916666664,6,4,16,0,2,2022
2022-05-01,New Mexico,68515536,67452372.0,64699095.0,65423332.0,69028329.5,1351555.4974535936,66050253.833333336,6,5,17,0,2,2022
2022-05-08,New Mexico,71471274,68515536.0,66565669.0,66629753.0,69509319.0,1848723.3463977326,66807945.25,6,5,18,0,2,2022
2022-05-15,New Mexico,73606498,71471274.0,65262782.0,65600559.0,70261420.0,2804291.6595318737,67908909.66666667,6,5,19,0,2,2022
2022-05-22,New Mexico,72435035,73606498.0,68359811.0,63451798.0,71507085.75,2177098.5274127936,68710915.0,6,5,20,0,2,2022
2022-05-29,New Mexico,70972870,72435035.0,69547316.0,61159836.0,72121419.25,1161273.4329351352,69123862.66666667,6,5,21,0,2,2022
2022-06-05,New Mexico,72200112,70972870.0,70598094.0,62953004.0,72303628.75,1079563.2532598332,69748947.41666667,6,6,22,0,2,2022
2022-06-12,New Mexico,76599555,72200112.0,67452372.0,65506575.0,73051893.0,2450461.6547974595,70585104.58333333,6,6,23,0,2,2022
2022-06-19,New Mexico,77783194,76599555.0,68515536.0,64818507.0,74388932.75,3309999.0510076624,71628472.25,6,6,24,0,2,2022
2022-06-26,New Mexico,73187434,77783194.0,71471274.0,57153027.0,74942573.75,2671848.4400507505,72030774.16666667,6,6,25,0,2,2022
2022-07-03,New Mexico,75155138,73187434.0,73606498.0,59227225.0,75681330.25,1979677.1373804768,72498092.66666667,6,7,26,0,3,2022
2022-07-10,New Mexico,74360320,75155138.0,72435035.0,61694362.0,75121521.5,1949850.6564680897,72811611.5,6,7,27,1,3,2022
2022-07-17,New Mexico,77655782,74360320.0,70972870.0,64698894.0,75089668.5,1892059.731065162,73661895.66666667,6,7,28,0,3,2022
2022-07-24,New Mexico,74746797,77655782.0,72200112.0,61161254.0,75479509.25,1486700.1052481818,74181167.41666667,6,7,29,0,3,2022
2022-07-31,New Mexico,72120689,74746797.0,76599555.0,58452376.0,74720897.0,2273420.19795565,74235285.33333333,6,7,30,0,3,2022
2022-08-07,New Mexico,75824336,72120689.0,77783194.0,60024763.0,75086901.0,2313514.2338836044,74420105.16666667,6,8,31,0,3,2022
2022-08-14,New Mexico,77964361,75824336.0,73187434.0,61749483.0,75164045.75,2429942.766182973,74880882.33333333,6,8,32,0,3,2022
2022-08-21,New Mexico,74119632,77964361.0,75155138.0,60744230.0,75007254.5,2485439.9421618916,75143112.5,6,8,33,0,3,2022
2022-08-28,New Mexico,72488257,74119632.0,74360320.0,60361173.0,75099146.5,2346028.3160298187,75167124.58333333,6,8,34,0,3,2022
2022-09-04,New Mexico,74102330,72488257.0,77655782.0,61032853.0,74668645.0,2326511.2462364566,74959022.5,6,9,35,0,3,2022
2022-09-11,New Mexico,72981593,74102330.0,74746797.0,62378977.0,73422953.0,819627.964218346,74558889.08333333,6,9,36,0,3,2022
2022-09-18,New Mexico,72357988,72981593.0,72120689.0,60394925.0,72982542.0,793370.7468109592,74489768.58333333,6,9,37,0,3,2022
2022-09-25,New Mexico,71436619,72357988.0,75824336.0,62810971.0,72719632.5,1119134.496777032,74179892.0,6,9,38,0,3,2022
2022-10-02,New Mexico,70959076,71436619.0,77964361.0,66017498.0,71933819.0,908310.0519987893,73896455.0,6,10,39,1,4,2022
2022-10-09,New Mexico,70765027,70959076.0,74119632.0,64699095.0,71379677.5,710641.641472721,73322225.41666667,6,10,40,1,4,2022
2022-10-16,New Mexico,69638194,70765027.0,72488257.0,66565669.0,70699729.0,761881.0326068259,72896508.5,6,10,41,0,4,2022
2022-10-23,New Mexico,67549880,69638194.0,74102330.0,65262782.0,69728044.25,1564528.1461949777,72515607.75,6,10,42,0,4,2022
2022-10-30,New Mexico,66018212,67549880.0,72981593.0,68359811.0,68492828.25,2120347.9940579613,71698430.75,6,10,43,0,4,2022
2022-11-06,New Mexico,66563754,66018212.0,72357988.0,69547316.0,67442510.0,1595137.7626082047,70748380.16666667,6,11,44,0,4,2022
2022-11-13,New Mexico,67992393,66563754.0,71436619.0,70598094.0,67031059.75,901401.0017798002,70237776.91666667,6,11,45,0,4,2022
2022-11-20,New Mexico,70157412,67992393.0,70959076.0,67452372.0,67682942.75,1847761.6598236624,70043539.83333333,6,11,46,0,4,2022
2022-11-27,New Mexico,65043938,70157412.0,70765027.0,68515536.0,67439374.25,2175498.7626060136,69288673.83333333,6,11,47,0,4,2022
2022-12-04,New Mexico,64130870,65043938.0,69638194.0,71471274.0,66831153.25,2762736.7475623935,68551113.58333333,6,12,48,0,4,2022
2022-12-11,New Mexico,67537464,64130870.0,67549880.0,73606498.0,66717421.0,2707815.849771432,68149403.25,6,12,49,0,4,2022
2022-12-18,New Mexico,70135624,67537464.0,66018212.0,72435035.0,66711974.0,2698595.623573624,68040987.0,6,12,50,0,4,2022
2022-12-25,New Mexico,69624449,70135624.0,66563754.0,70972870.0,67857101.75,2726545.512289675,67929768.08333333,6,12,51,1,4,2022
2023-01-01,New Mexico,62124094,69624449.0,67992393.0,72200112.0,67355407.75,3664147.8600109695,67209690.33333333,6,1,52,0,1,2023
2023-01-08,New Mexico,63821678,62124094.0,70157412.0,76599555.0,66426461.25,4052993.695549455,66724980.666666664,6,1,1,0,1,2023
2023-01-15,New Mexico,65975308,63821678.0,65043938.0,77783194.0,65386382.25,3235164.4642647807,66593766.333333336,6,1,2,0,1,2023
2023-01-22,New Mexico,65131373,65975308.0,64130870.0,73187434.0,64263113.25,1678864.1286309108,66519863.083333336,6,1,3,0,1,2023
2023-01-29,New Mexico,64550348,65131373.0,67537464.0,75155138.0,64869676.75,911258.7665456478,66352079.25,6,1,4,0,1,2023
2023-02-05,New Mexico,65781090,64550348.0,70135624.0,74360320.0,65359529.75,649031.7158806366,66167804.0,6,2,5,0,1,2023
2023-02-12,New Mexico,67950100,65781090.0,69624449.0,77655782.0,65853227.75,1485557.9211026954,65983861.333333336,6,2,6,0,1,2023
2023-02-19,New Mexico,68032027,67950100.0,62124094.0,74746797.0,66578391.25,1707170.2215095488,66232868.75,6,2,7,0,1,2023
2023-02-26,New Mexico,66997849,68032027.0,63821678.0,72120689.0,67190266.5,1050192.1394902184,66471783.666666664,6,2,8,0,1,2023
2023-03-05,New Mexico,71026573,66997849.0,65975308.0,75824336.0,68501637.25,1747513.1632798342,66762542.75,6,3,9,0,1,2023
2023-03-12,New Mexico,77737212,71026573.0,65131373.0,77964361.0,70948415.25,4837567.021657094,67396008.41666667,6,3,10,0,1,2023
2023-03-19,New Mexico,74754103,77737212.0,64550348.0,74119632.0,72628934.25,4650717.738707681,67823479.58333333,6,3,11,0,1,2023
2023-03-26,New Mexico,66997769,74754103.0,65781090.0,72488257.0,72628914.25,4650750.026745896,68229619.16666667,6,3,12,0,1,2023
2023-04-02,New Mexico,69116707,66997769.0,67950100.0,74102330.0,72151447.75,4957977.836606468,68670871.58333333,6,4,13,0,2,2023
2023-04-09,New Mexico,73606502,69116707.0,68032027.0,72981593.0,71118770.25,3669485.0693561365,69306804.41666667,6,4,14,0,2,2023
2023-04-16,New Mexico,75076161,73606502.0,66997849.0,72357988.0,71199284.75,3777773.993098971,70135536.75,6,4,15,0,2,2023
2023-04-23,New Mexico,73888833,75076161.0,71026573.0,71436619.0,72922050.75,2615592.568766577,70913743.83333333,6,4,16,0,2,2023
2023-04-30,New Mexico,73958962,73888833.0,77737212.0,70959076.0,74132614.5,647214.27951312,71595233.16666667,6,4,17,0,2,2023
2023-05-07,New Mexico,79488160,73958962.0,74754103.0,70765027.0,75603029.0,2646586.292030426,72556738.16666667,6,5,18,0,2,2023
2020-05-03,New York,254010485,244370860.0,290204864.0,258592907.0,250816516.5,5193293.323100133,253931089.75,6,5,18,0,2,2020
2020-05-10,New York,266107943,254010485.0,288087083.0,252546939.0,253369122.75,9360534.88697829,256691928.58333334,6,5,19,0,2,2020
2020-05-17,New York,258711536,266107943.0,240171905.0,235475053.0,255800206.0,9102350.16677243,258660797.25,6,5,20,0,2,2020
2020-05-24,New York,290287214,258711536.0,252080000.0,235756720.0,267279294.5,16126626.174504545,262553889.41666666,6,5,21,0,2,2020
2020-05-31,New York,275277517,290287214.0,255897518.0,238220084.0,272596052.5,13601995.079235071,263682844.0,6,5,22,0,2,2020
2020-06-07,New York,287660278,275277517.0,248987203.0,245240120.0,277984136.25,14419342.905155893,263470795.16666666,6,6,23,0,2,2020
2020-06-14,New York,288739608,287660278.0,244370860.0,239914025.0,285491154.25,6893913.368783153,263525172.25,6,6,24,0,2,2020
2020-06-21,New York,283288685,288739608.0,254010485.0,249630625.0,283741522.0,6115062.121230565,267118237.25,6,6,25,0,2,2020
2020-06-28,New York,305546964,283288685.0,266107943.0,240815212.0,291308883.75,9780252.535822943,271573817.5833333,6,6,26,0,2,2020
2020-07-05,New York,322977709,305546964.0,258711536.0,240233769.0,300138241.5,17932577.010193646,277163833.5,6,7,27,0,3,2020
2020-07-12,New York,301481910,322977709.0,290287214.0,247147491.0,303323817.0,16289229.457787396,281538392.4166667,6,7,28,0,3,2020
2020-07-19,New York,301434293,301481910.0,275277517.0,255211106.0,307860219.0,10261010.399437316,286293678.5,6,7,29,0,3,2020
2020-07-26,New York,293590908,301434293.0,287660278.0,248394540.0,304871205.0,12627882.802262014,289592047.0833333,6,7,30,0,3,2020
2020-08-02,New York,303165565,293590908.0,288739608.0,245424005.0,299918169.0,4294326.894923679,292680182.25,6,8,31,0,3,2020
2020-08-09,New York,293584276,303165565.0,283288685.0,240445415.0,297943760.5,5079484.532977519,295586243.9166667,6,8,32,0,3,2020
2020-08-16,New York,291656929,293584276.0,305546964.0,247951897.0,295499419.5,5191169.131033511,295700386.8333333,6,8,33,0,3,2020
2020-08-23,New York,278739405,291656929.0,322977709.0,224104617.0,291786543.75,10049188.94564484,295988877.5,6,8,34,0,3,2020
2020-08-30,New York,276545914,278739405.0,301481910.0,240088803.0,285131631.0,8729295.716608433,295062680.5,6,8,35,1,3,2020
2020-09-06,New York,277206444,276545914.0,301434293.0,241490835.0,281037173.0,7139207.410674364,294101583.5,6,9,36,0,3,2020
2020-09-13,New York,268753109,277206444.0,293590908.0,232977877.0,275311218.0,4467572.628260338,292890285.5,6,9,37,0,3,2020
2020-09-20,New York,259300455,268753109.0,303165565.0,235085112.0,270451480.5,8366629.887553648,289036409.75,6,9,38,0,3,2020
2020-09-27,New York,262863201,259300455.0,293584276.0,243570108.0,267030802.25,7823835.256233002,284026867.4166667,6,9,39,0,3,2020
2020-10-04,New York,264421970,262863201.0,291656929.0,261730062.0,263834683.75,3917432.03175037,280938539.0833333,6,10,40,0,4,2020
2020-10-11,New York,260363051,264421970.0,278739405.0,290204864.0,261737169.25,2331085.5747444816,277515935.5833333,6,10,41,0,4,2020
2020-10-18,New York,246736838,260363051.0,276545914.0,288087083.0,258596265.0,8081112.198892072,273611429.75,6,10,42,0,4,2020
2020-10-25,New York,247228483,246736838.0,277206444.0,240171905.0,254687585.5,9052103.736145055,268950006.25,6,10,43,1,4,2020
2020-11-01,New York,242029203,247228483.0,268753109.0,252080000.0,249089393.75,7872719.7459155815,264653750.16666666,6,11,44,0,4,2020
2020-11-08,New York,256085339,242029203.0,259300455.0,255897518.0,248019965.75,5865502.1312464895,261689451.0,6,11,45,0,4,2020
2020-11-15,New York,252229856,256085339.0,262863201.0,248987203.0,249393220.25,6103162.927589686,259480321.91666666,6,11,46,0,4,2020
2020-11-22,New York,257463053,252229856.0,264421970.0,244370860.0,251951862.75,6976037.57258434,257890083.5,6,11,47,0,4,2020
2020-11-29,New York,260037359,257463053.0,260363051.0,254010485.0,256453901.75,3257706.4072102043,256459326.41666666,6,11,48,0,4,2020
2020-12-06,New York,237551612,260037359.0,246736838.0,266107943.0,251820470.0,10051930.382955812,253859201.66666666,6,12,49,0,4,2020
2020-12-13,New York,254187772,237551612.0,247228483.0,258711536.0,252309949.0,10125908.623720549,253433144.75,6,12,50,0,4,2020
2020-12-20,New York,254085289,254187772.0,242029203.0,290287214.0,251465508.0,9684129.718921132,252701652.08333334,6,12,51,0,4,2020
2020-12-27,New York,258533687,254085289.0,256085339.0,275277517.0,251089590.0,9260388.268994961,252210961.83333334,6,12,52,0,4,2020
2021-01-03,New York,248280769,258533687.0,252229856.0,287660278.0,253771879.25,4207069.339279351,251204105.0,6,1,53,0,1,2021
2021-01-10,New York,250105857,248280769.0,257463053.0,288739608.0,252751400.5,4553370.257940794,251484856.58333334,6,1,1,0,1,2021
2021-01-17,New York,250502308,250105857.0,260037359.0,283288685.0,251855655.25,4555921.51122153,251757675.33333334,6,1,2,0,1,2021
2021-01-24,New York,241055112,250502308.0,237551612.0,305546964.0,247486011.5,4395063.248793633,251676501.08333334,6,1,3,0,1,2021
2021-01-31,New York,245213129,241055112.0,254187772.0,322977709.0,246719101.5,4477033.782364143,250770483.58333334,6,1,4,0,1,2021
2021-02-07,New York,252825598,245213129.0,254085289.0,301481910.0,247399036.75,5294696.509283326,250820128.75,6,2,5,0,1,2021
2021-02-14,New York,245769666,252825598.0,258533687.0,301434293.0,246215876.25,4882844.624843497,249845679.83333334,6,2,6,0,1,2021
2021-02-21,New York,240380607,245769666.0,248280769.0,293590908.0,246047250.0,5126065.912511932,248207617.16666666,6,2,7,0,1,2021
2021-02-28,New York,248778098,240380607.0,250105857.0,303165565.0,246938492.25,5241315.902899864,249143157.66666666,6,2,8,0,1,2021
2021-03-07,New York,265880962,248778098.0,250502308.0,293584276.0,250202333.25,11014576.569359217,250117590.16666666,6,3,9,0,1,2021
2021-03-14,New York,302978825,265880962.0,241055112.0,291656929.0,264504623.0,27757583.138808552,254192051.5,6,3,10,0,1,2021
2021-03-21,New York,298280258,302978825.0,245213129.0,278739405.0,278979535.75,26026801.828936033,257504265.75,6,3,11,0,1,2021
2021-03-28,New York,252738722,298280258.0,252825598.0,276545914.0,279969691.75,24526958.42541321,257875761.83333334,6,3,12,0,1,2021
2021-04-04,New York,260397144,252738722.0,245769666.0,277206444.0,278598737.25,25702070.75509065,258733369.08333334,6,4,13,0,2,2021
2021-04-11,New York,263431940,260397144.0,240380607.0,268753109.0,268712016.0,20219160.50947021,259810838.41666666,6,4,14,0,2,2021
2021-04-18,New York,251939169,263431940.0,248778098.0,259300455.0,257126743.75,5674994.396811444,260717843.16666666,6,4,15,0,2,2021
2021-04-25,New York,259017716,251939169.0,265880962.0,262863201.0,258696492.25,4867623.786144253,261868225.41666666,6,4,16,1,2,2021
2021-05-02,New York,265315458,259017716.0,302978825.0,264421970.0,259926070.75,5942847.859529916,262909047.08333334,6,5,17,0,2,2021
2021-05-09,New York,274095648,265315458.0,298280258.0,260363051.0,262591997.75,9416465.281850085,265269545.58333334,6,5,18,0,2,2021
2021-05-16,New York,272939159,274095648.0,252738722.0,246736838.0,267841995.25,7055507.205238428,267982758.25,6,5,19,0,2,2021
2021-05-23,New York,305640440,272939159.0,260397144.0,247228483.0,279497676.25,17858475.753464997,272721286.75,6,5,20,0,2,2021
2021-05-30,New York,295447775,305640440.0,263431940.0,242029203.0,287030755.5,16156079.066492673,275185187.8333333,6,5,21,0,2,2021
2021-06-06,New York,287621787,295447775.0,251939169.0,256085339.0,290412290.25,13788278.543070488,273905434.6666667,6,6,22,0,2,2021
2021-06-13,New York,310781452,287621787.0,259017716.0,252229856.0,299872863.5,10359094.641704438,274947200.8333333,6,6,23,0,2,2021
2021-06-20,New York,299271437,310781452.0,265315458.0,257463053.0,298280612.75,9641719.257743344,278824927.0833333,6,6,24,0,2,2021
2021-06-27,New York,303611432,299271437.0,274095648.0,260037359.0,300321527.0,9706004.859370131,282426117.75,6,6,25,0,2,2021
2021-07-04,New York,324347057,303611432.0,272939159.0,237551612.0,309502844.5,10975365.180870965,287502377.5,6,7,26,0,3,2021
2021-07-11,New York,302761906,324347057.0,305640440.0,254187772.0,307497958.0,11388635.5309525,291737605.5833333,6,7,27,0,3,2021
2021-07-18,New York,300180175,302761906.0,295447775.0,254085289.0,307725142.5,11176924.246770043,295167810.5,6,7,28,0,3,2021
2021-07-25,New York,304886897,300180175.0,287621787.0,258533687.0,308044008.75,11037771.930255549,298465430.4166667,6,7,29,0,3,2021
2021-08-01,New York,301849752,304886897.0,310781452.0,248280769.0,302419682.5,1961672.6647046125,300778272.4166667,6,8,30,0,3,2021
2021-08-08,New York,303039915,301849752.0,299271437.0,250105857.0,302489184.75,1982652.1050881683,303286668.75,6,8,31,0,3,2021
2021-08-15,New York,313023910,303039915.0,303611432.0,250502308.0,305700118.5,5039882.802515276,303901957.9166667,6,8,32,1,3,2021
2021-08-22,New York,294983606,313023910.0,324347057.0,241055112.0,303224295.75,7435607.43508763,303863277.1666667,6,8,33,0,3,2021
2021-08-29,New York,295457102,294983606.0,302761906.0,245213129.0,301626133.25,8447646.782979295,304516220.0833333,6,8,34,0,3,2021
2021-09-05,New York,295669694,295457102.0,300180175.0,252825598.0,299783578.0,8831544.953839025,303256906.9166667,6,9,35,0,3,2021
2021-09-12,New York,286048551,295669694.0,304886897.0,245769666.0,293039738.25,4669605.11324114,302154999.75,6,9,36,0,3,2021
2021-09-19,New York,279297072,286048551.0,301849752.0,240380607.0,289118104.75,7936856.059694611,300128803.0833333,6,9,37,0,3,2021
2021-09-26,New York,277853468,279297072.0,303039915.0,248778098.0,284717196.25,8128514.107949198,296254337.3333333,6,9,38,0,3,2021
2021-10-03,New York,403887300,277853468.0,313023910.0,265880962.0,311771597.75,61514258.736053996,304681453.5,6,10,39,0,4,2021
2021-10-10,New York,403148965,403887300.0,294983606.0,302978825.0,341046701.25,72138832.4811596,313262186.0,6,10,40,0,4,2021
2021-10-17,New York,383288006,403148965.0,295457102.0,298280258.0,367044434.75,60221302.933862895,319795611.75,6,10,41,0,4,2021
2021-10-24,New York,380250399,383288006.0,295669694.0,252738722.0,392643667.5,12621437.498349585,326328999.0,6,10,42,0,4,2021
2021-10-31,New York,373302523,380250399.0,286048551.0,260397144.0,384997473.25,12802415.218935927,332184216.3333333,6,10,43,0,4,2021
2021-11-07,New York,387419582,373302523.0,279297072.0,263431940.0,381065127.5,5950968.8838726925,338383855.6666667,6,11,44,0,4,2021
2021-11-14,New York,391749072,387419582.0,277853468.0,251939169.0,383180394.0,8114804.654861632,346447644.5,6,11,45,0,4,2021
2021-11-21,New York,397448170,391749072.0,403887300.0,259017716.0,387479836.75,10305239.657632628,354946900.1666667,6,11,46,0,4,2021
2021-11-28,New York,379356773,397448170.0,403148965.0,265315458.0,388993399.25,7624922.883953925,361920823.4166667,6,11,47,0,4,2021
2021-12-05,New York,373755427,379356773.0,383288006.0,274095648.0,385577360.5,10915737.28687316,369229729.75,6,12,48,0,4,2021
2021-12-12,New York,389500262,373755427.0,380250399.0,272939159.0,385015158.0,10543478.367906611,378413328.9166667,6,12,49,0,4,2021
2021-12-19,New York,399508748,389500262.0,373302523.0,305640440.0,385530302.5,11371274.870713765,388551268.9166667,6,12,50,0,4,2021
2021-12-26,New York,394759409,399508748.0,387419582.0,295447775.0,389380961.5,11190342.829419583,387790611.3333333,6,12,51,0,4,2021
2022-01-02,New York,377001512,394759409.0,391749072.0,287621787.0,390192482.75,9697602.667246865,385611656.9166667,6,1,52,0,1,2022
2022-01-09,New York,379375721,377001512.0,397448170.0,310781452.0,387661347.5,11150890.473406788,385285633.1666667,6,1,1,0,1,2022
2022-01-16,New York,391697963,379375721.0,379356773.0,299271437.0,385708651.25,8826255.350904794,386239596.8333333,6,1,2,0,1,2022
2022-01-23,New York,363372584,391697963.0,373755427.0,303611432.0,377861945.0,11610467.102436889,385412101.9166667,6,1,3,0,1,2022
2022-01-30,New York,373188824,363372584.0,389500262.0,324347057.0,376908773.0,11858504.775014482,384226205.4166667,6,1,4,0,1,2022
2022-02-06,New York,378756475,373188824.0,399508748.0,302761906.0,376753961.5,11819541.874104016,383143489.0,6,2,5,0,1,2022
2022-02-13,New York,381278051,378756475.0,394759409.0,300180175.0,374148983.5,7939464.167292546,381795979.0833333,6,2,6,0,1,2022
2022-02-20,New York,368925238,381278051.0,377001512.0,304886897.0,375537147.0,5554398.048555993,380926684.5,6,2,7,0,1,2022
2022-02-27,New York,377390305,368925238.0,379375721.0,301849752.0,376587517.25,5356008.341345965,381229591.0,6,2,8,0,1,2022
2022-03-06,New York,390502426,377390305.0,391697963.0,303039915.0,379524005.0,8953378.182444956,381313104.6666667,6,3,9,0,1,2022
2022-03-13,New York,394353051,390502426.0,363372584.0,313023910.0,382792755.0,11755480.484773107,380883463.25,6,3,10,0,1,2022
2022-03-20,New York,393035586,394353051.0,373188824.0,294983606.0,388820342.0,7785762.7171361055,380739811.3333333,6,3,11,0,1,2022
2022-03-27,New York,394467219,393035586.0,378756475.0,295457102.0,393089570.5,1843052.6627989635,382195286.9166667,6,3,12,0,1,2022
2022-04-03,New York,402829224,394467219.0,381278051.0,295669694.0,396171270.0,4485925.239254144,384149745.5,6,4,13,0,2,2022
2022-04-10,New York,408505909,402829224.0,368925238.0,286048551.0,399709484.5,7283134.10771423,385550407.6666667,6,4,14,0,2,2022
2022-04-17,New York,415468707,408505909.0,377390305.0,279297072.0,405317764.75,8890689.333208742,389891751.25,6,4,15,0,2,2022
2022-04-24,New York,390688799,415468707.0,390502426.0,277853468.0,404373159.75,10485486.030328225,391350082.5,6,4,16,0,2,2022
2022-05-01,New York,409395897,390688799.0,394353051.0,403887300.0,406014828.0,10675518.803736618,393903367.6666667,6,5,17,0,2,2022
2022-05-08,New York,423986355,409395897.0,393035586.0,403148965.0,409884939.5,14127506.872059215,397462393.0,6,5,18,0,2,2022
2022-05-15,New York,432556480,423986355.0,394467219.0,383288006.0,414156882.75,18335590.563022893,402764996.5,6,5,19,0,2,2022
2022-05-22,New York,463629758,432556480.0,402829224.0,380250399.0,432392122.5,22915062.001003996,409951617.5833333,6,5,20,0,2,2022
2022-05-29,New York,449893992,463629758.0,408505909.0,373302523.0,442516646.25,17727241.970298104,414900914.75,6,5,21,0,2,2022
2022-06-05,New York,452815638,449893992.0,415468707.0,387419582.0,449723967.0,12879971.160730071,419772797.0,6,6,22,0,2,2022
2022-06-12,New York,463353692,452815638.0,390688799.0,391749072.0,457423270.0,7108930.96137843,425632639.1666667,6,6,23,0,2,2022
2022-06-19,New York,455675393,463353692.0,409395897.0,397448170.0,455434678.75,5782943.26203112,430733320.3333333,6,6,24,0,2,2022
2022-06-26,New York,471218054,455675393.0,423986355.0,379356773.0,460765694.25,8267690.485485042,436432389.5,6,6,25,0,2,2022
2022-07-03,New York,505790145,471218054.0,432556480.0,373755427.0,474009321.0,22117016.758438054,444539409.1666667,6,7,26,0,3,2022
2022-07-10,New York,469314536,505790145.0,463629758.0,389500262.0,475499532.0,21347154.005406193,449026561.5833333,6,7,27,1,3,2022
2022-07-17,New York,472504382,469314536.0,449893992.0,399508748.0,479706779.25,17438211.597258076,455844526.8333333,6,7,28,0,3,2022
2022-07-24,New York,470465101,472504382.0,452815638.0,394759409.0,479518541.0,17563998.188375007,460933627.1666667,6,7,29,0,3,2022
2022-07-31,New York,467768087,470465101.0,463353692.0,377001512.0,470013026.5,1994898.9881011627,464582104.8333333,6,7,30,0,3,2022
2022-08-07,New York,471705695,467768087.0,455675393.0,379375721.0,470610816.25,2072574.345241753,467844539.4166667,6,8,31,0,3,2022
2022-08-14,New York,471032964,471705695.0,471218054.0,391697963.0,470242961.75,1726078.695602537,468461473.25,6,8,32,0,3,2022
2022-08-21,New York,456045797,471032964.0,505790145.0,363372584.0,466638135.75,7267945.654754321,468974123.6666667,6,8,33,0,3,2022
2022-08-28,New York,451314586,456045797.0,469314536.0,373188824.0,462524760.5,10397500.748504978,468849036.0,6,8,34,0,3,2022
2022-09-04,New York,454228372,451314586.0,472504382.0,378756475.0,458155429.75,8803415.331251549,468088592.6666667,6,9,35,0,3,2022
2022-09-11,New York,436726667,454228372.0,470465101.0,381278051.0,449578855.5,8786938.140527224,466509532.1666667,6,9,36,0,3,2022
2022-09-18,New York,433258418,436726667.0,467768087.0,368925238.0,443882010.75,10429925.424164986,463346229.1666667,6,9,37,0,3,2022
2022-09-25,New York,426238755,433258418.0,471705695.0,377390305.0,437613053.0,11905069.040661981,456716946.6666667,6,9,38,0,3,2022
2022-10-02,New York,420702848,426238755.0,471032964.0,390502426.0,429231672.0,7166775.760186832,452665972.6666667,6,10,39,1,4,2022
2022-10-09,New York,423193051,420702848.0,456045797.0,394353051.0,425848268.0,5434099.968812881,448556695.0833333,6,10,40,1,4,2022
2022-10-16,New York,411644555,423193051.0,451314586.0,393035586.0,420444802.25,6288447.050778467,443654982.9166667,6,10,41,0,4,2022
2022-10-23,New York,407301140,411644555.0,454228372.0,394467219.0,415710398.5,7486907.51316634,438616070.6666667,6,10,42,0,4,2022
2022-10-30,New York,404190797,407301140.0,436726667.0,402829224.0,411582385.75,8322180.4431335125,432989829.1666667,6,10,43,0,4,2022
2022-11-06,New York,414658873,404190797.0,433258418.0,408505909.0,409448841.25,4626922.652698219,428291988.25,6,11,44,0,4,2022
2022-11-13,New York,415690861,414658873.0,426238755.0,415468707.0,410460417.75,5605763.204898975,424929076.9166667,6,11,45,0,4,2022
2022-11-20,New York,413445519,415690861.0,420702848.0,390688799.0,411996512.5,5284101.581643879,421773321.3333333,6,11,46,0,4,2022
2022-11-27,New York,426665132,413445519.0,423193051.0,409395897.0,417615096.25,6102744.156557154,419476384.6666667,6,11,47,0,4,2022
2022-12-04,New York,390891171,426665132.0,411644555.0,423986355.0,411673170.75,15010368.294334903,415656760.0,6,12,48,0,4,2022
2022-12-11,New York,417981285,390891171.0,407301140.0,432556480.0,412245776.75,15256391.326434173,414383665.5833333,6,12,49,0,4,2022
2022-12-18,New York,421615746,417981285.0,404190797.0,463629758.0,414288333.5,15999387.685028406,413998414.8333333,6,12,50,0,4,2022
2022-12-25,New York,442906401,421615746.0,414658873.0,449893992.0,418348650.75,21352635.750884708,415848710.9166667,6,12,51,1,4,2022
2023-01-01,New York,398803114,442906401.0,415690861.0,452815638.0,420326636.5,18076414.307461604,413816216.1666667,6,1,52,0,1,2023
2023-01-08,New York,401146602,398803114.0,413445519.0,463353692.0,416117965.75,20589574.015991874,412941386.75,6,1,1,0,1,2023
2023-01-15,New York,403348511,401146602.0,426665132.0,455675393.0,411551157.0,20985726.043978274,412612001.0,6,1,2,0,1,2023
2023-01-22,New York,393187483,403348511.0,390891171.0,471218054.0,399121427.5,4369690.587245404,411695058.1666667,6,1,3,0,1,2023
2023-01-29,New York,394145633,393187483.0,417981285.0,505790145.0,397957057.25,5050305.686800585,409985621.5,6,1,4,0,1,2023
2023-02-05,New York,398935375,394145633.0,421615746.0,469314536.0,397404250.5,4693196.895035809,408589331.0,6,2,5,0,1,2023
2023-02-12,New York,416142348,398935375.0,442906401.0,472504382.0,400602709.75,10660515.778934356,408814066.75,6,2,6,0,1,2023
2023-02-19,New York,397662728,416142348.0,398803114.0,470465101.0,401721521.0,9824980.754902888,406397199.75,6,2,7,0,1,2023
2023-02-26,New York,399007849,397662728.0,401146602.0,467768087.0,402937075.0,8825160.83196245,407073589.5833333,6,2,8,0,1,2023
2023-03-05,New York,426576706,399007849.0,403348511.0,471705695.0,409847407.75,13969707.073918708,407789874.6666667,6,3,9,0,1,2023
2023-03-12,New York,462900603,426576706.0,393187483.0,471032964.0,421536971.5,30626185.952631995,411230279.4166667,6,3,10,0,1,2023
2023-03-19,New York,457965797,462900603.0,394145633.0,456045797.0,436612738.75,29787327.226652652,412485229.0833333,6,3,11,0,1,2023
2023-03-26,New York,406905861,457965797.0,398935375.0,451314586.0,438587241.75,26549518.476981845,413160458.0,6,3,12,0,1,2023
2023-04-02,New York,413078348,406905861.0,416142348.0,454228372.0,435212652.25,29300341.68316996,414154770.1666667,6,4,13,0,2,2023
2023-04-09,New York,437785678,413078348.0,397662728.0,436726667.0,428933921.0,23507715.390117858,417024534.0833333,6,4,14,0,2,2023
2023-04-16,New York,438996451,437785678.0,399007849.0,433258418.0,424191584.5,16596020.733828004,420841948.0833333,6,4,15,0,2,2023
2023-04-23,New York,422336065,438996451.0,426576706.0,426238755.0,428049135.5,12535384.975061214,423191150.75,6,4,16,0,2,2023
2023-04-30,New York,427489275,422336065.0,462900603.0,420702848.0,431651867.25,8076259.253277328,425570642.4166667,6,4,17,0,2,2023
2023-05-07,New York,448720270,427489275.0,457965797.0,423193051.0,434385515.25,11825020.128893634,428285469.25,6,5,18,0,2,2023
2020-05-03,North Carolina,218258711,203758327.0,232460480.0,212919688.0,207825089.25,6977383.183680662,202252748.75,6,5,18,0,2,2020
2020-05-10,North Carolina,214465564,218258711.0,214675670.0,201468061.0,210171498.0,7316399.212149613,205065163.25,6,5,19,0,2,2020
2020-05-17,North Carolina,221743633,214465564.0,198659312.0,192796952.0,214556558.75,7788240.206200393,208582491.83333334,6,5,20,0,2,2020
2020-05-24,North Carolina,226324935,221743633.0,201730136.0,185626411.0,220198210.75,5051401.7198816165,211482998.5,6,5,21,0,2,2020
2020-05-31,North Carolina,220754539,226324935.0,205079929.0,188325661.0,220822167.75,4883322.997610367,213509552.16666666,6,5,22,0,2,2020
2020-06-07,North Carolina,227809117,220754539.0,204203390.0,188606221.0,224158056.0,3437003.414729185,213121938.58333334,6,6,23,0,2,2020
2020-06-14,North Carolina,225712158,227809117.0,203758327.0,187088913.0,225150187.25,3059818.859189163,214041645.91666666,6,6,24,0,2,2020
2020-06-21,North Carolina,221508793,225712158.0,218258711.0,188661091.0,223946151.75,3374827.80893638,215945769.33333334,6,6,25,0,2,2020
2020-06-28,North Carolina,234828043,221508793.0,214465564.0,182341458.0,227464527.75,5564221.261514531,218703928.25,6,6,26,0,2,2020
2020-07-05,North Carolina,241370137,234828043.0,221743633.0,190647025.0,230854782.75,8947133.353643524,221728112.25,6,7,27,0,3,2020
2020-07-12,North Carolina,227165539,241370137.0,226324935.0,180282479.0,231218128.0,8694623.564564722,223641624.66666666,6,7,28,0,3,2020
2020-07-19,North Carolina,239036602,227165539.0,220754539.0,202939686.0,235600080.25,6240746.863685018,226581480.91666666,6,7,29,0,3,2020
2020-07-26,North Carolina,230211946,239036602.0,227809117.0,179605854.0,234446056.0,6830071.389379627,227577583.83333334,6,7,30,0,3,2020
2020-08-02,North Carolina,234057033,230211946.0,225712158.0,178890818.0,232617780.0,5124701.429460076,229210206.25,6,8,31,0,3,2020
2020-08-09,North Carolina,229864947,234057033.0,221508793.0,183461142.0,233292632.0,4274620.877517384,229886982.41666666,6,8,32,0,3,2020
2020-08-16,North Carolina,228995927,229864947.0,234828043.0,182962942.0,230782463.25,2242160.0315871956,230109565.08333334,6,8,33,0,3,2020
2020-08-23,North Carolina,222834291,228995927.0,241370137.0,179715822.0,228938049.5,4630419.299952129,230282877.75,6,8,34,0,3,2020
2020-08-30,North Carolina,233981321,222834291.0,227165539.0,186628120.0,228919121.5,4602590.2472706055,230797228.08333334,6,8,35,1,3,2020
2020-09-06,North Carolina,236127507,233981321.0,239036602.0,184957410.0,230484761.5,5910804.574522024,231665173.83333334,6,9,36,0,3,2020
2020-09-13,North Carolina,218369410,236127507.0,230211946.0,180716590.0,227828132.25,8585787.28804977,231403558.58333334,6,9,37,0,3,2020
2020-09-20,North Carolina,213160625,218369410.0,234057033.0,179535690.0,225409715.75,11371742.685206214,229597940.41666666,6,9,38,0,3,2020
2020-09-27,North Carolina,213896722,213160625.0,229864947.0,191518855.0,220388566.0,10742104.455112359,227308489.16666666,6,9,39,0,3,2020
2020-10-04,North Carolina,219051176,213896722.0,228995927.0,196435895.0,216119483.25,3019519.9662012085,226632292.25,6,10,40,0,4,2020
2020-10-11,North Carolina,214391731,219051176.0,222834291.0,232460480.0,215125063.5,2665831.788836739,224578553.0,6,10,41,0,4,2020
2020-10-18,North Carolina,206647393,214391731.0,233981321.0,214675670.0,213496755.5,5122704.627243618,222614840.25,6,10,42,0,4,2020
2020-10-25,North Carolina,207366035,206647393.0,236127507.0,198659312.0,211864083.75,5929856.675304367,220390590.41666666,6,10,43,1,4,2020
2020-11-01,North Carolina,206272025,207366035.0,218369410.0,201730136.0,208669296.0,3841863.764381234,218424513.58333334,6,11,44,0,4,2020
2020-11-08,North Carolina,205375020,206272025.0,213160625.0,205079929.0,206415118.25,828748.9110636029,216456104.66666666,6,11,45,0,4,2020
2020-11-15,North Carolina,202009933,205375020.0,213896722.0,204203390.0,205255753.25,2311973.9752858635,214720741.5,6,11,46,0,4,2020
2020-11-22,North Carolina,210278428,202009933.0,219051176.0,203758327.0,205983851.5,3400447.7803415637,212745500.41666666,6,11,47,0,4,2020
2020-11-29,North Carolina,195949554,210278428.0,214391731.0,218258711.0,203403233.75,6018163.22439644,209397337.66666666,6,11,48,0,4,2020
2020-12-06,North Carolina,195796595,195949554.0,206647393.0,214465564.0,201008627.5,6823765.36997938,207516269.75,6,12,49,0,4,2020
2020-12-13,North Carolina,201006438,195796595.0,207366035.0,221743633.0,200757753.75,6793059.276678739,206503420.83333334,6,12,50,0,4,2020
2020-12-20,North Carolina,211981451,201006438.0,206272025.0,226324935.0,201183509.5,7594735.741723242,206343814.91666666,6,12,51,0,4,2020
2020-12-27,North Carolina,192971375,211981451.0,205375020.0,220754539.0,200438964.75,8383863.6338092005,204170498.16666666,6,12,52,0,4,2020
2021-01-03,North Carolina,197454738,192971375.0,202009933.0,227809117.0,200853500.5,8114475.976888741,202759082.08333334,6,1,53,0,1,2021
2021-01-10,North Carolina,198023453,197454738.0,210278428.0,225712158.0,200107754.25,8231957.852060615,202040420.41666666,6,1,1,0,1,2021
2021-01-17,North Carolina,198861442,198023453.0,195949554.0,221508793.0,196827752.0,2635042.751571379,201331704.33333334,6,1,2,0,1,2021
2021-01-24,North Carolina,194192190,198861442.0,195796595.0,234828043.0,197132955.75,2043876.7967994339,200325051.41666666,6,1,3,0,1,2021
2021-01-31,North Carolina,194920348,194192190.0,201006438.0,241370137.0,196499358.25,2289002.9235750474,199453828.75,6,1,4,0,1,2021
2021-02-07,North Carolina,197921622,194920348.0,211981451.0,227165539.0,196473900.5,2266861.2758504944,199113136.16666666,6,2,5,0,1,2021
2021-02-14,North Carolina,193478579,197921622.0,192971375.0,239036602.0,195128184.75,1953097.8032175263,197713148.75,6,2,6,0,1,2021
2021-02-21,North Carolina,197170475,193478579.0,197454738.0,230211946.0,195872756.0,2042962.7990340102,197814892.16666666,6,2,7,0,1,2021
2021-02-28,North Carolina,205260322,197170475.0,198023453.0,234057033.0,198457749.5,4933276.119727929,198603536.08333334,6,2,8,0,1,2021
2021-03-07,North Carolina,213801184,205260322.0,198861442.0,229864947.0,202427640.0,9038898.661747213,199669764.91666666,6,3,9,0,1,2021
2021-03-14,North Carolina,250149444,213801184.0,194192190.0,228995927.0,216595356.25,23377291.09144631,202850431.0,6,3,10,0,1,2021
2021-03-21,North Carolina,231871133,250149444.0,194920348.0,222834291.0,225270520.75,19953969.05925939,206092077.5,6,3,11,0,1,2021
2021-03-28,North Carolina,214576034,231871133.0,197921622.0,233981321.0,227599448.75,17192546.97020709,207518852.16666666,6,3,12,0,1,2021
2021-04-04,North Carolina,218644433,214576034.0,193478579.0,236127507.0,228810261.0,16027964.579872958,209237267.16666666,6,4,13,0,2,2021
2021-04-11,North Carolina,227854030,218644433.0,197170475.0,218369410.0,223236407.5,7999358.744737178,211653316.16666666,6,4,14,0,2,2021
2021-04-18,North Carolina,222625362,227854030.0,205260322.0,213160625.0,220924964.75,5669010.577329439,214022747.16666666,6,4,15,0,2,2021
2021-04-25,North Carolina,219968570,222625362.0,213801184.0,213896722.0,222273098.75,4072220.9705649638,216110099.0,6,4,16,1,2,2021
2021-05-02,North Carolina,234669454,219968570.0,250149444.0,219051176.0,226279354.0,6482053.037572186,219172418.33333334,6,5,17,0,2,2021
2021-05-09,North Carolina,232823526,234669454.0,231871133.0,214391731.0,227521728.0,7308069.621607803,222451163.91666666,6,5,18,0,2,2021
2021-05-16,North Carolina,230922247,232823526.0,214576034.0,206647393.0,229595949.25,6598060.297552082,225263811.58333334,6,5,19,0,2,2021
2021-05-23,North Carolina,237750009,230922247.0,218644433.0,207366035.0,234041309.0,2907494.0542191183,227971285.5,6,5,20,0,2,2021
2021-05-30,North Carolina,243956230,237750009.0,227854030.0,206272025.0,236363003.0,5822674.219595623,230484206.0,6,5,21,0,2,2021
2021-06-06,North Carolina,245680592,243956230.0,222625362.0,205375020.0,239577269.5,6700102.885029294,230111801.66666666,6,6,22,0,2,2021
2021-06-13,North Carolina,244831126,245680592.0,219968570.0,202009933.0,243054489.25,3605713.1008932367,231191801.08333334,6,6,23,0,2,2021
2021-06-20,North Carolina,240639006,244831126.0,234669454.0,210278428.0,243776738.5,2207107.729567332,233363715.41666666,6,6,24,0,2,2021
2021-06-27,North Carolina,246422545,240639006.0,232823526.0,195949554.0,244393317.25,2585947.344579374,235678558.08333334,6,6,25,0,2,2021
2021-07-04,North Carolina,262767858,246422545.0,230922247.0,195796595.0,248665133.75,9713124.757418789,238588043.75,6,7,26,0,3,2021
2021-07-11,North Carolina,243558258,262767858.0,237750009.0,201006438.0,248346916.75,9899661.508052813,240332451.75,6,7,27,0,3,2021
2021-07-18,North Carolina,255252519,243558258.0,243956230.0,211981451.0,252000295.0,8734923.347822705,243272780.83333334,6,7,28,0,3,2021
2021-07-25,North Carolina,250374722,255252519.0,245680592.0,192971375.0,252988339.25,8093679.106418196,244581553.16666666,6,7,29,0,3,2021
2021-08-01,North Carolina,259772020,250374722.0,244831126.0,197454738.0,252239379.75,6944026.224959343,246827261.0,6,8,30,0,3,2021
2021-08-08,North Carolina,250510025,259772020.0,240639006.0,198023453.0,253977321.5,4479788.966243149,248459575.83333334,6,8,31,0,3,2021
2021-08-15,North Carolina,252832998,250510025.0,246422545.0,198861442.0,253372441.25,4413062.228109762,249716491.58333334,6,8,32,1,3,2021
2021-08-22,North Carolina,247922537,252832998.0,262767858.0,194192190.0,252759395.0,5087146.793678441,250047017.16666666,6,8,33,0,3,2021
2021-08-29,North Carolina,254935960,247922537.0,243558258.0,194920348.0,251550380.0,3019428.435371976,250818297.83333334,6,8,34,0,3,2021
2021-09-05,North Carolina,255605154,254935960.0,255252519.0,197921622.0,252824162.25,3474651.685775584,251716133.5,6,9,35,0,3,2021
2021-09-12,North Carolina,237152612,255605154.0,250374722.0,193478579.0,248904065.75,8570266.349477075,251425600.66666666,6,9,36,0,3,2021
2021-09-19,North Carolina,236472548,237152612.0,259772020.0,197170475.0,246041568.5,10663834.031582255,250596434.25,6,9,37,0,3,2021
2021-09-26,North Carolina,229811509,236472548.0,250510025.0,205260322.0,239760455.75,11070188.051170187,247850071.83333334,6,9,38,0,3,2021
2021-10-03,North Carolina,339832033,229811509.0,252832998.0,213801184.0,260817175.5,52780588.33388723,255872886.41666666,6,10,39,0,4,2021
2021-10-10,North Carolina,329225663,339832033.0,247922537.0,250149444.0,283835438.25,58758600.59286014,262037315.08333334,6,10,40,0,4,2021
2021-10-17,North Carolina,326334722,329225663.0,254935960.0,231871133.0,306300981.75,51322063.47605837,268367315.08333334,6,10,41,0,4,2021
2021-10-24,North Carolina,321305791,326334722.0,255605154.0,214576034.0,329174552.25,7822330.166553192,273495129.3333333,6,10,42,0,4,2021
2021-10-31,North Carolina,318918242,321305791.0,237152612.0,218644433.0,323946104.5,4684367.2007155465,279195814.0833333,6,10,43,0,4,2021
2021-11-07,North Carolina,314989401,318918242.0,236472548.0,227854030.0,320387039.0,4743799.423536933,284375514.3333333,6,11,44,0,4,2021
2021-11-14,North Carolina,319937028,314989401.0,229811509.0,222625362.0,318787615.5,2714519.823373987,290376721.9166667,6,11,45,0,4,2021
2021-11-21,North Carolina,323170370,319937028.0,339832033.0,219968570.0,319253760.25,3371647.4242883474,296062922.75,6,11,46,0,4,2021
2021-11-28,North Carolina,301100478,323170370.0,329225663.0,234669454.0,314799319.25,9732504.380053625,299854199.75,6,11,47,0,4,2021
2021-12-05,North Carolina,316615927,301100478.0,326334722.0,232823526.0,315205950.75,9776970.56798606,306476142.6666667,6,12,48,0,4,2021
2021-12-12,North Carolina,304892072,316615927.0,321305791.0,230922247.0,311444711.75,10233487.319018658,312177769.6666667,6,12,49,0,4,2021
2021-12-19,North Carolina,324501073,304892072.0,318918242.0,237750009.0,311777387.5,10750311.673027644,320068566.6666667,6,12,50,0,4,2021
2021-12-26,North Carolina,311816528,324501073.0,314989401.0,243956230.0,314456400.0,8246298.296986117,317733941.25,6,12,51,0,4,2021
2022-01-02,North Carolina,307769919,311816528.0,319937028.0,245680592.0,312244898.0,8650372.125410646,315945962.5833333,6,1,52,0,1,2022
2022-01-09,North Carolina,307415597,307769919.0,323170370.0,244831126.0,312875779.25,8003184.097182057,314369368.8333333,6,1,1,0,1,2022
2022-01-16,North Carolina,317739309,307415597.0,301100478.0,240639006.0,311185338.25,4803782.219514994,314072162.0,6,1,2,0,1,2022
2022-01-23,North Carolina,303277162,317739309.0,316615927.0,246422545.0,309050496.75,6141108.179518725,312768738.6666667,6,1,3,0,1,2022
2022-01-30,North Carolina,305642940,303277162.0,304892072.0,262767858.0,308518752.0,6376524.202931683,311989866.9166667,6,1,4,0,1,2022
2022-02-06,North Carolina,307446659,305642940.0,324501073.0,243558258.0,308526517.5,6374751.602124943,310949002.8333333,6,2,5,0,1,2022
2022-02-13,North Carolina,305513058,307446659.0,311816528.0,255252519.0,305469954.75,1707579.3318126632,309477560.1666667,6,2,6,0,1,2022
2022-02-20,North Carolina,304085030,305513058.0,307769919.0,250374722.0,305671921.75,1377678.6472971279,309726272.8333333,6,2,7,0,1,2022
2022-02-27,North Carolina,320728629,304085030.0,307415597.0,259772020.0,309443344.0,7648596.504911752,310068998.0,6,2,8,0,1,2022
2022-03-06,North Carolina,327412713,320728629.0,317739309.0,250510025.0,314434857.5,11471032.047016686,311945718.0833333,6,3,9,0,1,2022
2022-03-13,North Carolina,327342070,327412713.0,303277162.0,252832998.0,319892110.5,10994315.434941385,312182467.8333333,6,3,10,0,1,2022
2022-03-20,North Carolina,324796946,327342070.0,305642940.0,247922537.0,325070089.5,3139674.447018752,313264169.3333333,6,3,11,0,1,2022
2022-03-27,North Carolina,331119762,324796946.0,307446659.0,254935960.0,327667872.75,2603140.0095564886,315209989.5833333,6,3,12,0,1,2022
2022-04-03,North Carolina,335983497,331119762.0,305513058.0,255605154.0,329810568.75,4866515.8413922535,317590647.9166667,6,4,13,0,2,2022
2022-04-10,North Carolina,345884805,335983497.0,304085030.0,237152612.0,334446252.5,8895284.49845893,319936105.9166667,6,4,14,0,2,2022
2022-04-17,North Carolina,346129560,345884805.0,320728629.0,236472548.0,339779406.0,7460980.9926026985,323507139.0833333,6,4,15,0,2,2022
2022-04-24,North Carolina,338935745,346129560.0,327412713.0,229811509.0,341733401.75,5080965.926148589,326281539.5,6,4,16,0,2,2022
2022-05-01,North Carolina,359106865,338935745.0,327342070.0,339832033.0,347514243.75,8417282.379668247,330586556.6666667,6,5,17,0,2,2022
2022-05-08,North Carolina,354025895,359106865.0,324796946.0,329225663.0,349549516.25,8864331.573631119,334629293.0833333,6,5,18,0,2,2022
2022-05-15,North Carolina,349324173,354025895.0,331119762.0,326334722.0,350348169.5,8593261.187606731,338399221.6666667,6,5,19,0,2,2022
2022-05-22,North Carolina,375923742,349324173.0,335983497.0,321305791.0,359595168.75,11595558.183083707,342998814.4166667,6,5,20,0,2,2022
2022-05-29,North Carolina,377415583,375923742.0,345884805.0,318918242.0,364172348.25,14570487.79234125,347165720.25,6,5,21,0,2,2022
2022-06-05,North Carolina,360594346,377415583.0,346129560.0,314989401.0,365814461.0,13366161.165819896,349936743.25,6,6,22,0,2,2022
2022-06-12,North Carolina,365018163,360594346.0,338935745.0,319937028.0,369737958.5,8227838.002453426,353288511.3333333,6,6,23,0,2,2022
2022-06-19,North Carolina,374160521,365018163.0,359106865.0,323170370.0,369297153.25,7823252.926749294,356875241.25,6,6,24,0,2,2022
2022-06-26,North Carolina,372911005,374160521.0,354025895.0,301100478.0,368171008.75,6472713.912866486,359952533.5833333,6,6,25,0,2,2022
2022-07-03,North Carolina,391066707,372911005.0,349324173.0,316615927.0,375789099.0,10959836.67598323,363717692.0833333,6,7,26,0,3,2022
2022-07-10,North Carolina,364210620,391066707.0,375923742.0,304892072.0,375587213.25,11228522.344247768,365224447.0833333,6,7,27,1,3,2022
2022-07-17,North Carolina,373161787,364210620.0,377415583.0,324501073.0,375337529.75,11281799.74447198,368076617.25,6,7,28,0,3,2022
2022-07-24,North Carolina,375550450,373161787.0,360594346.0,311816528.0,375997391.0,11169193.668547958,369446916.0,6,7,29,0,3,2022
2022-07-31,North Carolina,388253576,375550450.0,365018163.0,307769919.0,375294108.25,9923104.708325483,372299222.75,6,7,30,0,3,2022
2022-08-07,North Carolina,385628351,388253576.0,374160521.0,307415597.0,380648541.0,7408937.89707458,375324570.9166667,6,8,31,0,3,2022
2022-08-14,North Carolina,383416221,385628351.0,372911005.0,317739309.0,383212149.5,5477143.2714788625,375948944.1666667,6,8,32,0,3,2022
2022-08-21,North Carolina,374279033,383416221.0,391066707.0,303277162.0,382894295.25,6074320.294656247,375687565.0,6,8,33,0,3,2022
2022-08-28,North Carolina,390886096,374279033.0,364210620.0,305642940.0,383552425.25,6930765.946343841,378211877.5,6,8,34,0,3,2022
2022-09-04,North Carolina,387763951,390886096.0,373161787.0,307446659.0,384086325.25,7220199.313786251,380107359.8333333,6,9,35,0,3,2022
2022-09-11,North Carolina,359529906,387763951.0,375550450.0,305513058.0,378114746.5,14333219.108054481,378888141.9166667,6,9,36,0,3,2022
2022-09-18,North Carolina,362873266,359529906.0,388253576.0,304085030.0,375263304.75,16344118.815461013,378051663.6666667,6,9,37,0,3,2022
2022-09-25,North Carolina,364029672,362873266.0,385628351.0,320728629.0,368549198.75,12951147.701594798,375798577.4166667,6,9,38,0,3,2022
2022-10-02,North Carolina,366438629,364029672.0,383416221.0,327412713.0,363217868.25,2872405.5775247803,375984244.8333333,6,10,39,1,4,2022
2022-10-09,North Carolina,346157533,366438629.0,374279033.0,327342070.0,359874775.0,9264646.508413434,373733890.3333333,6,10,40,1,4,2022
2022-10-16,North Carolina,348578178,346157533.0,390886096.0,324796946.0,356301003.0,10408903.161059825,371486201.0,6,10,41,0,4,2022
2022-10-23,North Carolina,341495602,348578178.0,387763951.0,331119762.0,350667485.5,10917223.267494634,367589703.1666667,6,10,42,0,4,2022
2022-10-30,North Carolina,339188862,341495602.0,359529906.0,335983497.0,343855043.75,4279784.705861063,363719745.75,6,10,43,0,4,2022
2022-11-06,North Carolina,336065450,339188862.0,362873266.0,345884805.0,341332023.0,5318629.228460967,359773848.1666667,6,11,44,0,4,2022
2022-11-13,North Carolina,337474742,336065450.0,364029672.0,346129560.0,338556164.0,2339069.0660267607,356706823.9166667,6,11,45,0,4,2022
2022-11-20,North Carolina,347135355,337474742.0,366438629.0,338935745.0,339966102.25,4947196.218408791,353060928.8333333,6,11,46,0,4,2022
2022-11-27,North Carolina,327820084,347135355.0,346157533.0,359106865.0,337123907.75,7916936.063278238,348065606.5833333,6,11,47,0,4,2022
2022-12-04,North Carolina,329838246,327820084.0,348578178.0,354025895.0,335567106.75,8761652.18062173,345591301.5833333,6,12,48,0,4,2022
2022-12-11,North Carolina,331479550,329838246.0,341495602.0,349324173.0,334068308.75,8838987.742963793,342975158.5833333,6,12,49,0,4,2022
2022-12-18,North Carolina,349522958,331479550.0,339188862.0,375923742.0,334665209.5,10017591.804425465,341766265.75,6,12,50,0,4,2022
2022-12-25,North Carolina,344835447,349522958.0,336065450.0,377415583.0,338919050.25,9751132.923417848,339966000.5833333,6,12,51,1,4,2022
2023-01-01,North Carolina,329375264,344835447.0,337474742.0,360594346.0,338803304.75,9896515.244372308,338567478.1666667,6,1,52,0,1,2023
2023-01-08,North Carolina,322909955,329375264.0,347135355.0,365018163.0,336660906.0,12575435.512245711,336428459.5833333,6,1,1,0,1,2023
2023-01-15,North Carolina,337781732,322909955.0,327820084.0,374160521.0,333725599.5,9587917.869967988,336118970.4166667,6,1,2,0,1,2023
2023-01-22,North Carolina,319300280,337781732.0,329838246.0,372911005.0,327341807.75,8112427.709346242,334461588.5833333,6,1,3,0,1,2023
2023-01-29,North Carolina,324629872,319300280.0,331479550.0,391066707.0,326155459.75,8062762.448465459,333508623.75,6,1,4,0,1,2023
2023-02-05,North Carolina,324210092,324629872.0,349522958.0,364210620.0,326480494.0,7913132.132662544,332403236.25,6,2,5,0,1,2023
2023-02-12,North Carolina,331090097,324210092.0,344835447.0,373161787.0,324807585.25,4836973.750483122,331066131.4166667,6,2,6,0,1,2023
2023-02-19,North Carolina,332000464,331090097.0,329375264.0,375550450.0,327982631.25,4134100.8847409645,331414496.4166667,6,2,7,0,1,2023
2023-02-26,North Carolina,339919144,332000464.0,322909955.0,388253576.0,331804949.25,6430947.38602859,332254571.25,6,2,8,0,1,2023
2023-03-05,North Carolina,352498465,339919144.0,337781732.0,385628351.0,338877042.5,9908800.441130476,334006147.5,6,3,9,0,1,2023
2023-03-12,North Carolina,382671103,352498465.0,319300280.0,383416221.0,351772294.0,22261223.000328947,336768492.9166667,6,3,10,0,1,2023
2023-03-19,North Carolina,362190665,382671103.0,324629872.0,374279033.0,359319844.25,18041076.113975428,338214761.0833333,6,3,11,0,1,2023
2023-03-26,North Carolina,347895365,362190665.0,324210092.0,390886096.0,361313899.5,15434461.578276545,339758102.8333333,6,3,12,0,1,2023
2023-04-02,North Carolina,350781557,347895365.0,331090097.0,387763951.0,360884672.5,15781309.857732391,342080736.3333333,6,4,13,0,2,2023
2023-04-09,North Carolina,359940244,350781557.0,332000464.0,359529906.0,355201957.75,6933484.598143908,343927279.0,6,4,14,0,2,2023
2023-04-16,North Carolina,360726490,359940244.0,339919144.0,362873266.0,354835914.0,6464314.902228687,347379463.1666667,6,4,15,0,2,2023
2023-04-23,North Carolina,364452660,360726490.0,352498465.0,364029672.0,358975237.75,5806223.105237651,350698028.8333333,6,4,16,0,2,2023
2023-04-30,North Carolina,368494194,364452660.0,382671103.0,366438629.0,363403397.0,3923282.0752714025,354388370.6666667,6,4,17,0,2,2023
2023-05-07,North Carolina,373088425,368494194.0,362190665.0,346157533.0,366690442.25,5315515.010596264,357888231.3333333,6,5,18,0,2,2023
2020-05-03,Ohio,223836360,209183034.0,240524150.0,219232699.0,215024216.75,6235912.108505665,212384495.5,6,5,18,0,2,2020
2020-05-10,Ohio,226238937,223836360.0,228133662.0,211680283.0,218077661.5,8248990.483883889,215123296.33333334,6,5,19,0,2,2020
2020-05-17,Ohio,225003095,226238937.0,199404366.0,201987064.0,221065356.5,7982058.382718517,217335727.83333334,6,5,20,0,2,2020
2020-05-24,Ohio,240369773,225003095.0,210675230.0,197831851.0,228862041.25,7734285.231429315,220105089.66666666,6,5,21,0,2,2020
2020-05-31,Ohio,236247661,240369773.0,214025158.0,198087098.0,231964866.5,7532978.894172721,222224478.41666666,6,5,22,0,2,2020
2020-06-07,Ohio,241583579,236247661.0,213052315.0,198142592.0,235801027.0,7552177.722392399,222312764.16666666,6,6,23,0,2,2020
2020-06-14,Ohio,238503357,241583579.0,209183034.0,200628466.0,239176092.5,2327312.3617107663,223176905.41666666,6,6,24,0,2,2020
2020-06-21,Ohio,237637396,238503357.0,223836360.0,204767243.0,238492998.25,2260191.0872324477,226362991.25,6,6,25,0,2,2020
2020-06-28,Ohio,247324697,237637396.0,226238937.0,194452564.0,241262257.25,4382068.5016935775,229417113.5,6,6,26,0,2,2020
2020-07-05,Ohio,267702631,247324697.0,225003095.0,196752183.0,247792020.25,13976724.343095023,233890236.25,6,7,27,0,3,2020
2020-07-12,Ohio,244679996,267702631.0,240369773.0,202276981.0,249336180.0,12908836.543432852,236525876.33333334,6,7,28,0,3,2020
2020-07-19,Ohio,248164573,244679996.0,236247661.0,214289031.0,251967974.25,10594337.083267065,239774337.91666666,6,7,29,0,3,2020
2020-07-26,Ohio,236520987,248164573.0,241583579.0,199101096.0,249267046.75,13223581.067445802,240831390.16666666,6,7,30,0,3,2020
2020-08-02,Ohio,238840787,236520987.0,238503357.0,194707669.0,242051585.75,5328348.859558376,241881544.33333334,6,8,31,0,3,2020
2020-08-09,Ohio,238780801,238840787.0,237637396.0,195597051.0,240576787.0,5172467.874364305,243029686.5,6,8,32,0,3,2020
2020-08-16,Ohio,240222406,238780801.0,247324697.0,201220136.0,238591245.25,1532411.7246337687,243017405.91666666,6,8,33,0,3,2020
2020-08-23,Ohio,235466939,240222406.0,267702631.0,185511873.0,238327733.25,2020100.9138906181,242952345.75,6,8,34,0,3,2020
2020-08-30,Ohio,234735308,235466939.0,244679996.0,194171999.0,237301363.5,2624943.090081092,242381656.5,6,8,35,1,3,2020
2020-09-06,Ohio,233961924,234735308.0,248164573.0,194908906.0,236096644.25,2818315.4336686735,242003203.75,6,9,36,0,3,2020
2020-09-13,Ohio,229873378,233961924.0,236520987.0,193373327.0,233509387.25,2500682.7944513615,241356202.25,6,9,37,0,3,2020
2020-09-20,Ohio,226091818,229873378.0,238840787.0,198453917.0,231165607.0,3998972.559664647,239586795.66666666,6,9,38,0,3,2020
2020-09-27,Ohio,224932590,226091818.0,238780801.0,207137431.0,228714927.5,4084921.8778682244,236022625.58333334,6,9,39,0,3,2020
2020-10-04,Ohio,227625341,224932590.0,240222406.0,210814996.0,227130781.75,2135252.9659548607,234601404.33333334,6,10,40,0,4,2020
2020-10-11,Ohio,222210218,227625341.0,235466939.0,240524150.0,225214991.75,2286702.415907901,232438541.41666666,6,10,41,0,4,2020
2020-10-18,Ohio,217012144,222210218.0,234735308.0,228133662.0,222945073.25,4531180.521938301,230812804.5,6,10,42,0,4,2020
2020-10-25,Ohio,212195348,217012144.0,233961924.0,199404366.0,219760762.75,6649356.546426004,228592351.25,6,10,43,1,4,2020
2020-11-01,Ohio,212163692,212195348.0,229873378.0,210675230.0,215895350.5,4786789.909909257,226374258.83333334,6,11,44,0,4,2020
2020-11-08,Ohio,214492819,212163692.0,226091818.0,214025158.0,213966000.75,2305070.79858464,224230126.58333334,6,11,45,0,4,2020
2020-11-15,Ohio,219089701,214492819.0,224932590.0,213052315.0,214485390.0,3257519.963598594,222865356.75,6,11,46,0,4,2020
2020-11-22,Ohio,222840501,219089701.0,227625341.0,209183034.0,217146678.25,4763334.819288367,221874122.83333334,6,11,47,0,4,2020
2020-11-29,Ohio,206662430,222840501.0,222210218.0,223836360.0,215771362.75,6966381.516581684,219599165.0,6,11,48,0,4,2020
2020-12-06,Ohio,203933466,206662430.0,217012144.0,226238937.0,213131524.5,9241528.656054996,217437505.66666666,6,12,49,0,4,2020
2020-12-13,Ohio,212194947,203933466.0,212195348.0,225003095.0,211407836.0,8360830.455767776,216279433.08333334,6,12,50,0,4,2020
2020-12-20,Ohio,221969823,212194947.0,212163692.0,240369773.0,211190166.5,7965983.472894919,216032535.83333334,6,12,51,0,4,2020
2020-12-27,Ohio,211281604,221969823.0,214492819.0,236247661.0,212344960.0,7405953.662734462,214670557.75,6,12,52,0,4,2020
2021-01-03,Ohio,206189548,211281604.0,219089701.0,241583579.0,212908980.5,6593123.641181949,213335501.91666666,6,1,53,0,1,2021
2021-01-10,Ohio,206010975,206189548.0,222840501.0,238503357.0,211362987.5,7481534.97303971,212418737.83333334,6,1,1,0,1,2021
2021-01-17,Ohio,211318772,206010975.0,206662430.0,237637396.0,208700224.75,3003102.3122585835,212345689.83333334,6,1,2,0,1,2021
2021-01-24,Ohio,206193706,211318772.0,203933466.0,247324697.0,207428250.25,2595079.407317404,211848191.0,6,1,3,0,1,2021
2021-01-31,Ohio,210181156,206193706.0,212194947.0,267702631.0,208426152.25,2724223.717481156,211488885.75,6,1,4,0,1,2021
2021-02-07,Ohio,208721327,210181156.0,221969823.0,244679996.0,209103740.25,2212218.312147675,210624854.58333334,6,2,5,0,1,2021
2021-02-14,Ohio,209649080,208721327.0,211281604.0,248164573.0,208686317.25,1767841.5773206358,209525569.5,6,2,6,0,1,2021
2021-02-21,Ohio,205054556,209649080.0,206189548.0,236520987.0,208401529.75,2311417.6588016665,209391580.0,6,2,7,0,1,2021
2021-02-28,Ohio,215469980,205054556.0,206010975.0,238840787.0,209723735.75,4313967.98402401,210352956.16666666,6,2,8,0,1,2021
2021-03-07,Ohio,225933533,215469980.0,211318772.0,238780801.0,214026787.25,9009599.584868252,211497838.33333334,6,3,9,0,1,2021
2021-03-14,Ohio,256382315,225933533.0,206193706.0,240222406.0,225710096.0,22153602.046183415,214365546.0,6,3,10,0,1,2021
2021-03-21,Ohio,244453801,256382315.0,210181156.0,235466939.0,235559907.25,18338904.626093898,217129895.75,6,3,11,0,1,2021
2021-03-28,Ohio,218687883,244453801.0,208721327.0,234735308.0,236364383.0,17199007.42395568,218171423.66666666,6,3,12,0,1,2021
2021-04-04,Ohio,230104966,218687883.0,209649080.0,233961924.0,237407241.25,16466582.576507939,220179256.25,6,4,13,0,2,2021
2021-04-11,Ohio,228406975,230104966.0,205054556.0,229873378.0,230413406.25,10626091.817956313,221603273.16666666,6,4,14,0,2,2021
2021-04-18,Ohio,225595014,228406975.0,215469980.0,226091818.0,225698709.5,5030316.071318793,223220048.83333334,6,4,15,0,2,2021
2021-04-25,Ohio,229411900,225595014.0,225933533.0,224932590.0,228379713.75,1983027.9586380227,224822610.83333334,6,4,16,1,2,2021
2021-05-02,Ohio,241188313,229411900.0,256382315.0,227625341.0,231150550.5,6884058.248218333,227528193.0,6,5,17,0,2,2021
2021-05-09,Ohio,239651791,241188313.0,244453801.0,222210218.0,233961754.5,7644239.349356801,230028418.91666666,6,5,18,0,2,2021
2021-05-16,Ohio,236972447,239651791.0,218687883.0,217012144.0,236806112.75,5228244.224358321,232688243.16666666,6,5,19,0,2,2021
2021-05-23,Ohio,257609254,236972447.0,230104966.0,212195348.0,243855451.25,9333224.229126614,236199849.33333334,6,5,20,0,2,2021
2021-05-30,Ohio,260805091,257609254.0,228406975.0,212163692.0,248759645.75,12183313.58824183,239105812.5,6,5,21,0,2,2021
2021-06-06,Ohio,255965467,260805091.0,225595014.0,214492819.0,252838064.75,10766247.033358838,239071075.16666666,6,6,22,0,2,2021
2021-06-13,Ohio,260247808,255965467.0,229411900.0,219089701.0,258656905.0,2272083.227029712,240387242.41666666,6,6,23,0,2,2021
2021-06-20,Ohio,261049329,260247808.0,241188313.0,222840501.0,259516923.75,2391281.2150405897,243917362.91666666,6,6,24,0,2,2021
2021-06-27,Ohio,255681942,261049329.0,239651791.0,206662430.0,258236136.5,2807176.7423295723,246048777.58333334,6,6,25,0,2,2021
2021-07-04,Ohio,285647804,255681942.0,236972447.0,203933466.0,265656720.75,13535435.17949536,250818846.66666666,6,7,26,0,3,2021
2021-07-11,Ohio,258660829,285647804.0,257609254.0,212194947.0,265259976.0,13768085.74383717,253574331.25,6,7,27,0,3,2021
2021-07-18,Ohio,255957268,258660829.0,260805091.0,221969823.0,263986960.75,14502977.990935538,255786445.25,6,7,28,0,3,2021
2021-07-25,Ohio,257077481,255957268.0,255965467.0,211281604.0,264335845.5,14251196.482159665,257110542.58333334,6,7,29,0,3,2021
2021-08-01,Ohio,258370632,257077481.0,260247808.0,206189548.0,257516552.5,1246725.36869248,258670446.0,6,8,30,0,3,2021
2021-08-08,Ohio,257301256,258370632.0,261049329.0,206010975.0,257176659.25,989586.8874942968,260364513.41666666,6,8,31,0,3,2021
2021-08-15,Ohio,260135445,257301256.0,255681942.0,211318772.0,258221203.5,1395355.8634145628,260575029.33333334,6,8,32,1,3,2021
2021-08-22,Ohio,254931700,260135445.0,285647804.0,206193706.0,257684758.25,2175828.7349277567,260085580.08333334,6,8,33,0,3,2021
2021-08-29,Ohio,263053999,254931700.0,258660829.0,210181156.0,258855600.0,3515562.25316147,260676291.08333334,6,8,34,0,3,2021
2021-09-05,Ohio,260169046,263053999.0,255957268.0,208721327.0,259572547.5,3382830.871775702,260669727.58333334,6,9,35,0,3,2021
2021-09-12,Ohio,244404075,260169046.0,257077481.0,209649080.0,255639705.0,8210305.272230367,259282623.08333334,6,9,36,0,3,2021
2021-09-19,Ohio,245657728,244404075.0,258370632.0,205054556.0,253321212.0,9658576.371528557,258447271.91666666,6,9,37,0,3,2021
2021-09-26,Ohio,239275636,245657728.0,257301256.0,215469980.0,247376621.25,8964052.621785412,254582924.58333334,6,9,38,0,3,2021
2021-10-03,Ohio,350738187,239275636.0,260135445.0,225933533.0,270018906.5,53883632.44423457,262256037.75,6,10,39,0,4,2021
2021-10-10,Ohio,347613232,350738187.0,254931700.0,256382315.0,295821195.75,61676750.80887449,269894034.75,6,10,40,0,4,2021
2021-10-17,Ohio,338945510,347613232.0,263053999.0,244453801.0,319143141.25,53478173.698022455,276716370.5,6,10,41,0,4,2021
2021-10-24,Ohio,328756527,338945510.0,260169046.0,218687883.0,341513364.0,9859623.275572551,282581861.75,6,10,42,0,4,2021
2021-10-31,Ohio,327228674,328756527.0,244404075.0,230104966.0,335635985.75,9529204.61964367,288409146.5833333,6,10,43,0,4,2021
2021-11-07,Ohio,330215048,327228674.0,245657728.0,228406975.0,331286439.75,5249608.200646549,294249113.5,6,11,44,0,4,2021
2021-11-14,Ohio,338932007,330215048.0,239275636.0,225595014.0,331283064.0,5243041.568846965,301249139.0833333,6,11,45,0,4,2021
2021-11-21,Ohio,343745436,338932007.0,350738187.0,229411900.0,335030291.25,7642620.254847515,307973425.5,6,11,46,0,4,2021
2021-11-28,Ohio,313850754,343745436.0,347613232.0,241188313.0,331685811.25,13142733.272375986,312446901.1666667,6,11,47,0,4,2021
2021-12-05,Ohio,318626998,313850754.0,338945510.0,239651791.0,328788798.75,14753452.103001256,318632144.75,6,12,48,0,4,2021
2021-12-12,Ohio,329606167,318626998.0,328756527.0,236972447.0,326457338.75,13279478.41839049,325627848.0,6,12,49,0,4,2021
2021-12-19,Ohio,350739795,329606167.0,327228674.0,257609254.0,328205928.5,16406937.066842413,334916527.9166667,6,12,50,0,4,2021
2021-12-26,Ohio,329634201,350739795.0,330215048.0,260805091.0,332151790.25,13431956.662555857,333157862.4166667,6,12,51,0,4,2021
2022-01-02,Ohio,317556878,329634201.0,338932007.0,255965467.0,331884260.25,13796829.929737194,330653166.25,6,1,52,0,1,2022
2022-01-09,Ohio,317735764,317556878.0,343745436.0,260247808.0,328916659.5,15607916.461048888,328885687.4166667,6,1,1,0,1,2022
2022-01-16,Ohio,333776108,317735764.0,313850754.0,261049329.0,324675737.75,8291451.346206771,329303985.8333333,6,1,2,0,1,2022
2022-01-23,Ohio,312961229,333776108.0,318626998.0,255681942.0,320507494.75,9117581.091926603,328115032.0833333,6,1,3,0,1,2022
2022-01-30,Ohio,325142325,312961229.0,329606167.0,285647804.0,322403856.5,9088117.069321064,327692305.1666667,6,1,4,0,1,2022
2022-02-06,Ohio,323243634,325142325.0,350739795.0,258660829.0,323780824.0,8546180.360718265,326384940.75,6,2,5,0,1,2022
2022-02-13,Ohio,327062388,323243634.0,329634201.0,255957268.0,322102394.0,6290364.251764222,324994686.75,6,2,6,0,1,2022
2022-02-20,Ohio,317667282,327062388.0,317556878.0,257077481.0,323278907.25,4052926.2862462117,325312730.75,6,2,7,0,1,2022
2022-02-27,Ohio,336017692,317667282.0,317735764.0,258370632.0,325997749.0,7713938.5486032525,326761955.25,6,2,8,0,1,2022
2022-03-06,Ohio,341919690,336017692.0,333776108.0,257301256.0,330666763.0,10602497.074437292,327788082.1666667,6,3,9,0,1,2022
2022-03-13,Ohio,342923345,341919690.0,312961229.0,260135445.0,334632002.25,11712936.247065905,327136711.3333333,6,3,10,0,1,2022
2022-03-20,Ohio,342949048,342923345.0,325142325.0,254931700.0,340952443.75,3324566.1576931137,328246281.9166667,6,3,11,0,1,2022
2022-03-27,Ohio,345210331,342949048.0,323243634.0,263053999.0,343250603.5,1391629.316561384,330550736.3333333,6,3,12,0,1,2022
2022-04-03,Ohio,355092500,345210331.0,327062388.0,260169046.0,346543806.0,5799090.377301843,333663797.6666667,6,4,13,0,2,2022
2022-04-10,Ohio,354698622,355092500.0,317667282.0,244404075.0,349487625.25,6314463.467495277,335407340.5,6,4,14,0,2,2022
2022-04-17,Ohio,364386081,354698622.0,336017692.0,245657728.0,354846883.5,7830320.171545045,339692744.8333333,6,4,15,0,2,2022
2022-04-24,Ohio,344406839,364386081.0,341919690.0,239275636.0,354646010.5,8163163.749325864,341298121.0,6,4,16,0,2,2022
2022-05-01,Ohio,363505083,344406839.0,342923345.0,350738187.0,356749156.25,9318487.92631432,344653241.75,6,5,17,0,2,2022
2022-05-08,Ohio,362430701,363505083.0,342949048.0,347613232.0,358682176.0,9550421.462233424,347600601.1666667,6,5,18,0,2,2022
2022-05-15,Ohio,374421962,362430701.0,345210331.0,338945510.0,361191146.25,12431924.690544331,352330157.8333333,6,5,19,0,2,2022
2022-05-22,Ohio,392819353,374421962.0,355092500.0,328756527.0,373294274.75,14099005.50798285,357063629.5833333,6,5,20,0,2,2022
2022-05-29,Ohio,389766405,392819353.0,354698622.0,327228674.0,379859605.25,14135468.515996298,361050855.8333333,6,5,21,0,2,2022
2022-06-05,Ohio,379192217,389766405.0,364386081.0,330215048.0,384049984.25,8677096.472249491,364073261.8333333,6,6,22,0,2,2022
2022-06-12,Ohio,374709730,379192217.0,344406839.0,338932007.0,384121926.25,8571208.471171878,366719985.3333333,6,6,23,0,2,2022
2022-06-19,Ohio,385777555,374709730.0,363505083.0,343745436.0,382361476.75,6710588.366824372,370100587.3333333,6,6,24,0,2,2022
2022-06-26,Ohio,393034379,385777555.0,362430701.0,313850754.0,383178470.25,7989659.050320688,373262410.5833333,6,6,25,0,2,2022
2022-07-03,Ohio,422656741,393034379.0,374421962.0,318626998.0,394044601.25,20508993.06825862,378925587.1666667,6,7,26,0,3,2022
2022-07-10,Ohio,384253588,422656741.0,392819353.0,329606167.0,396430565.75,17898899.20123766,380581212.75,6,7,27,1,3,2022
2022-07-17,Ohio,384440093,384253588.0,389766405.0,350739795.0,396096200.25,18174610.270252608,383917317.25,6,7,28,0,3,2022
2022-07-24,Ohio,384467292,384440093.0,379192217.0,329634201.0,393954428.5,19135110.732458007,385664168.0,6,7,29,0,3,2022
2022-07-31,Ohio,393398135,384467292.0,374709730.0,317556878.0,386639777.0,4506573.035576876,388244787.5,6,7,30,0,3,2022
2022-08-07,Ohio,398641730,393398135.0,385777555.0,317735764.0,390236812.5,7012510.769864884,390263101.5,6,8,31,0,3,2022
2022-08-14,Ohio,388633203,398641730.0,393034379.0,333776108.0,391285090.0,6112827.646057048,389914255.6666667,6,8,32,0,3,2022
2022-08-21,Ohio,386809038,388633203.0,422656741.0,312961229.0,391870526.5,5300368.347167615,389667808.4166667,6,8,33,0,3,2022
2022-08-28,Ohio,391441092,386809038.0,384253588.0,325142325.0,391381265.75,5201763.66826755,390688548.0,6,8,34,0,3,2022
2022-09-04,Ohio,391219461,391441092.0,384440093.0,323243634.0,389525698.5,2214675.0067093438,392064358.9166667,6,9,35,0,3,2022
2022-09-11,Ohio,374480054,391219461.0,384467292.0,327062388.0,385987411.25,7962648.631890414,391122900.5,6,9,36,0,3,2022
2022-09-18,Ohio,377247509,374480054.0,393398135.0,317667282.0,383597029.0,9001230.125629464,389807328.0,6,9,37,0,3,2022
2022-09-25,Ohio,366224653,377247509.0,398641730.0,336017692.0,377292919.25,10398226.706204038,385104654.0,6,9,38,0,3,2022
2022-10-02,Ohio,371926158,366224653.0,388633203.0,341919690.0,372469593.5,4696276.253174819,384077368.1666667,6,10,39,1,4,2022
2022-10-09,Ohio,367820685,371926158.0,386809038.0,342923345.0,370804751.25,4920996.914182223,382692417.5,6,10,40,1,4,2022
2022-10-16,Ohio,361905757,367820685.0,391441092.0,342949048.0,366969313.25,4142835.764591877,380812289.5833333,6,10,41,0,4,2022
2022-10-23,Ohio,351248017,361905757.0,391219461.0,345210331.0,363225154.25,8981814.867467014,377299779.75,6,10,42,0,4,2022
2022-10-30,Ohio,351473786,351248017.0,374480054.0,355092500.0,358112061.25,8161521.59676435,373369117.75,6,10,43,0,4,2022
2022-11-06,Ohio,352545430,351473786.0,377247509.0,354698622.0,354293247.5,5106465.145577998,370361803.3333333,6,11,44,0,4,2022
2022-11-13,Ohio,353850999,352545430.0,366224653.0,364386081.0,352279558.0,1190722.4820152463,367615300.0833333,6,11,45,0,4,2022
2022-11-20,Ohio,364957301,353850999.0,371926158.0,344406839.0,355706879.0,6243087.747761083,365408317.5,6,11,46,0,4,2022
2022-11-27,Ohio,348892642,364957301.0,367820685.0,363505083.0,355061593.0,6922851.227085307,361881082.5833333,6,11,47,0,4,2022
2022-12-04,Ohio,338187047,348892642.0,361905757.0,362430701.0,351471997.25,11115395.377687417,358856665.3333333,6,12,48,0,4,2022
2022-12-11,Ohio,349988156,338187047.0,351248017.0,374421962.0,350506286.5,11007085.441129586,356585052.5833333,6,12,49,0,4,2022
2022-12-18,Ohio,371400664,349988156.0,351473786.0,392819353.0,352117127.25,13914402.00021587,357016386.8333333,6,12,50,0,4,2022
2022-12-25,Ohio,373152315,371400664.0,352545430.0,389766405.0,358182045.5,16988041.226152632,357118566.5833333,6,12,51,1,4,2022
2023-01-01,Ohio,334633506,373152315.0,353850999.0,379192217.0,357293660.25,18415188.190393023,354352968.3333333,6,1,52,0,1,2023
2023-01-08,Ohio,330617117,334633506.0,364957301.0,374709730.0,352450900.5,22962402.22407232,351745581.6666667,6,1,1,0,1,2023
2023-01-15,Ohio,340904511,330617117.0,348892642.0,385777555.0,344826862.25,19352325.30843232,350883622.8333333,6,1,2,0,1,2023
2023-01-22,Ohio,335002264,340904511.0,338187047.0,393034379.0,335289349.5,4237622.9180182675,349510996.0,6,1,3,0,1,2023
2023-01-29,Ohio,340561717,335002264.0,349988156.0,422656741.0,336771402.25,4914405.726344225,348512353.25,6,1,4,0,1,2023
2023-02-05,Ohio,343769116,340561717.0,371400664.0,384253588.0,340059402.0,3665294.5445055193,347672196.3333333,6,2,5,0,1,2023
2023-02-12,Ohio,351100217,343769116.0,373152315.0,384440093.0,342608328.5,6720625.807335722,346517439.3333333,6,2,6,0,1,2023
2023-02-19,Ohio,347650674,351100217.0,334633506.0,384467292.0,345770431.0,4585407.862915649,346413942.0,6,2,7,0,1,2023
2023-02-26,Ohio,353624113,347650674.0,330617117.0,393398135.0,349036030.0,4280613.971382687,347700364.1666667,6,2,8,0,1,2023
2023-03-05,Ohio,370462700,353624113.0,340904511.0,398641730.0,355709426.0,10135678.162317343,349406576.1666667,6,3,9,0,1,2023
2023-03-12,Ohio,396326368,370462700.0,335002264.0,388633203.0,367015963.75,21797063.270749822,351483718.1666667,6,3,10,0,1,2023
2023-03-19,Ohio,378725666,396326368.0,340561717.0,386809038.0,374784711.75,17757860.22600881,351948164.0833333,6,3,11,0,1,2023
2023-03-26,Ohio,350900425,378725666.0,343769116.0,391441092.0,374103789.75,18857875.40557689,353303740.6666667,6,3,12,0,1,2023
2023-04-02,Ohio,359887955,350900425.0,351100217.0,391219461.0,371460103.5,20229800.703869045,355742977.1666667,6,4,13,0,2,2023
2023-04-09,Ohio,373981010,359887955.0,347650674.0,374480054.0,365873764.0,12792310.358382264,358499352.0833333,6,4,14,0,2,2023
2023-04-16,Ohio,374911718,373981010.0,353624113.0,377247509.0,364920277.0,11601814.377750844,361825139.9166667,6,4,15,0,2,2023
2023-04-23,Ohio,369690371,374911718.0,370462700.0,366224653.0,369617763.5,6873580.327688563,364252527.75,6,4,16,0,2,2023
2023-04-30,Ohio,381198123,369690371.0,396326368.0,371926158.0,374945305.5,4748440.348123919,367371611.6666667,6,4,17,0,2,2023
2023-05-07,Ohio,385825886,381198123.0,378725666.0,367820685.0,377906524.5,7071655.901340454,370265417.4166667,6,5,18,0,2,2023
2020-05-03,Oklahoma,88871582,83200720.0,90347234.0,85463186.0,84912443.5,2721954.3143432266,83503921.16666667,6,5,18,0,2,2020
2020-05-10,Oklahoma,87590117,88871582.0,88597026.0,80326243.0,85677645.75,2994890.6766768005,84463134.33333333,6,5,19,0,2,2020
2020-05-17,Oklahoma,86966076,87590117.0,80631133.0,77607881.0,86657123.75,2436970.8055516286,85394236.75,6,5,20,0,2,2020
2020-05-24,Oklahoma,89019569,86966076.0,83714875.0,75895543.0,88111836.0,997688.975644236,85967403.66666667,6,5,21,0,2,2020
2020-05-31,Oklahoma,86013312,89019569.0,84529308.0,78606324.0,87397268.5,1260993.262234329,86044093.0,6,5,22,0,2,2020
2020-06-07,Oklahoma,94400100,86013312.0,83048164.0,79735847.0,89099764.25,3749613.4636594583,86381831.83333333,6,6,23,0,2,2020
2020-06-14,Oklahoma,92684021,94400100.0,83200720.0,78375343.0,90529250.5,3754967.8439166904,86722414.75,6,6,24,0,2,2020
2020-06-21,Oklahoma,90904542,92684021.0,88871582.0,78566416.0,91000493.75,3618138.3427757807,87578532.16666667,6,6,25,0,2,2020
2020-06-28,Oklahoma,90695835,90904542.0,87590117.0,77743070.0,92171124.5,1733215.2143178913,88160278.83333333,6,6,26,0,2,2020
2020-07-05,Oklahoma,99205083,90695835.0,86966076.0,79333316.0,93372370.25,3989502.0545584704,89383260.08333333,6,7,27,0,3,2020
2020-07-12,Oklahoma,91139685,99205083.0,89019569.0,75511949.0,92986286.25,4149827.114685895,90057553.5,6,7,28,0,3,2020
2020-07-19,Oklahoma,93341990,91139685.0,86013312.0,79011300.0,93595648.25,3914535.8640383226,90902659.33333333,6,7,29,0,3,2020
2020-07-26,Oklahoma,89731978,93341990.0,94400100.0,74528181.0,93354684.0,4173629.4728239444,90974359.0,6,7,30,0,3,2020
2020-08-02,Oklahoma,90586373,89731978.0,92684021.0,74745582.0,91200006.5,1540928.9132175038,91224047.0,6,8,31,0,3,2020
2020-08-09,Oklahoma,93480651,90586373.0,90904542.0,76919151.0,91785248.0,1910589.4330893473,91766928.25,6,8,32,0,3,2020
2020-08-16,Oklahoma,94816278,93480651.0,90695835.0,75239593.0,92153820.0,2392444.4873460857,92249987.33333333,6,8,33,0,3,2020
2020-08-23,Oklahoma,90109170,94816278.0,99205083.0,72603775.0,92248118.0,2269440.3402173864,92591308.83333333,6,8,34,0,3,2020
2020-08-30,Oklahoma,90142387,90109170.0,91139685.0,76740454.0,92137121.5,2385686.769095014,92236499.41666667,6,8,35,1,3,2020
2020-09-06,Oklahoma,94396915,90142387.0,93341990.0,76848767.0,92366187.5,2592695.7847353285,92379240.58333333,6,9,36,0,3,2020
2020-09-13,Oklahoma,89514980,94396915.0,89731978.0,76079559.0,91040863.0,2255860.140849313,92263443.75,6,9,37,0,3,2020
2020-09-20,Oklahoma,88421653,89514980.0,90586373.0,75792847.0,90618983.75,2617059.144456285,92073928.58333333,6,9,38,0,3,2020
2020-09-27,Oklahoma,85283480,88421653.0,93480651.0,82141566.0,89404257.0,3780882.048421947,90913795.0,6,9,39,0,3,2020
2020-10-04,Oklahoma,88335873,85283480.0,94816278.0,85093040.0,87888996.5,1818053.916260373,90680144.0,6,10,40,0,4,2020
2020-10-11,Oklahoma,87882414,88335873.0,90109170.0,90347234.0,87480855.0,1483898.376825273,90225179.33333333,6,10,41,0,4,2020
2020-10-18,Oklahoma,85645824,87882414.0,90142387.0,88597026.0,86786897.75,1545077.6046400603,89884666.5,6,10,42,0,4,2020
2020-10-25,Oklahoma,80946232,85645824.0,94396915.0,80631133.0,85702585.75,3381911.482771876,89081321.41666667,6,10,43,1,4,2020
2020-11-01,Oklahoma,81182720,80946232.0,89514980.0,83714875.0,83914297.5,3416385.07922097,88056493.83333333,6,11,44,0,4,2020
2020-11-08,Oklahoma,86781884,81182720.0,88421653.0,84529308.0,83639165.0,3010502.352086554,87386961.0,6,11,45,0,4,2020
2020-11-15,Oklahoma,83683257,86781884.0,85283480.0,83048164.0,83148523.25,2720399.461510924,86851468.25,6,11,46,0,4,2020
2020-11-22,Oklahoma,85284485,83683257.0,88335873.0,83200720.0,84233086.5,2395054.3323830916,86446643.08333333,6,11,47,0,4,2020
2020-11-29,Oklahoma,81307554,85284485.0,87882414.0,88871582.0,84264295.0,2342289.7990033915,85355863.0,6,11,48,0,4,2020
2020-12-06,Oklahoma,80958930,81307554.0,85645824.0,87590117.0,82808556.5,2046904.1335898032,84642858.83333333,6,12,49,0,4,2020
2020-12-13,Oklahoma,82702750,80958930.0,80946232.0,86966076.0,82563429.75,1964280.627676947,84166283.58333333,6,12,50,0,4,2020
2020-12-20,Oklahoma,81442287,82702750.0,81182720.0,89019569.0,81602880.25,761006.6091094539,83846184.16666667,6,12,51,0,4,2020
2020-12-27,Oklahoma,79754543,81442287.0,86781884.0,86013312.0,81214627.5,1219776.6710335477,83131073.33333333,6,12,52,0,4,2020
2021-01-03,Oklahoma,79645363,79754543.0,83683257.0,94400100.0,80886235.75,1463945.658733593,82444652.41666667,6,1,53,0,1,2021
2021-01-10,Oklahoma,82319646,79645363.0,85284485.0,92684021.0,80790459.75,1309918.5001140086,82167470.91666667,6,1,1,0,1,2021
2021-01-17,Oklahoma,80475327,82319646.0,81307554.0,90904542.0,80548719.75,1236707.5114597364,82128228.83333333,6,1,2,0,1,2021
2021-01-24,Oklahoma,78059157,80475327.0,80958930.0,90695835.0,80124873.25,1773598.8799049987,81867931.91666667,6,1,3,0,1,2021
2021-01-31,Oklahoma,79728181,78059157.0,82702750.0,99205083.0,80145577.75,1766604.9281484147,81280123.33333333,6,1,4,0,1,2021
2021-02-07,Oklahoma,84110542,79728181.0,81442287.0,91139685.0,80593301.75,2553117.0846562446,81315730.41666667,6,2,5,0,1,2021
2021-02-14,Oklahoma,84187147,84110542.0,79754543.0,93341990.0,81521256.75,3109803.008503957,81224285.58333333,6,2,6,0,1,2021
2021-02-21,Oklahoma,73866345,84187147.0,79645363.0,89731978.0,80473053.75,4872687.326982336,80604184.83333333,6,2,7,0,1,2021
2021-02-28,Oklahoma,85254959,73866345.0,82319646.0,90586373.0,81854748.25,5351159.033348656,80962187.25,6,2,8,0,1,2021
2021-03-07,Oklahoma,90099344,85254959.0,80475327.0,93480651.0,83351948.75,6826981.404450647,81578570.08333333,6,3,9,0,1,2021
2021-03-14,Oklahoma,95931310,90099344.0,78059157.0,94816278.0,86287989.5,9360990.999687677,82785988.66666667,6,3,10,0,1,2021
2021-03-21,Oklahoma,94265848,95931310.0,79728181.0,90109170.0,91387865.25,4767896.146400797,83995264.08333333,6,3,11,0,1,2021
2021-03-28,Oklahoma,86437960,94265848.0,84110542.0,90142387.0,91683615.5,4271520.067445896,84561313.83333333,6,3,12,0,1,2021
2021-04-04,Oklahoma,90092014,86437960.0,84187147.0,94396915.0,91681783.0,4272427.755450991,85209011.16666667,6,4,13,0,2,2021
2021-04-11,Oklahoma,90326404,90092014.0,73866345.0,89514980.0,90280556.5,3198215.464356489,86029934.25,6,4,14,0,2,2021
2021-04-18,Oklahoma,87746182,90326404.0,85254959.0,88421653.0,88650640.0,1879693.3302834248,86837186.33333333,6,4,15,0,2,2021
2021-04-25,Oklahoma,89062163,87746182.0,90099344.0,85283480.0,89306690.75,1176368.5786581696,87615018.16666667,6,4,16,1,2,2021
2021-05-02,Oklahoma,94001881,89062163.0,95931310.0,88335873.0,90284157.5,2693067.828446769,88439296.41666667,6,5,17,0,2,2021
2021-05-09,Oklahoma,96078346,94001881.0,94265848.0,87882414.0,91722143.0,3960533.188001081,89430229.66666667,6,5,18,0,2,2021
2021-05-16,Oklahoma,91205565,96078346.0,86437960.0,85645824.0,92586988.75,3083516.5893918793,90875164.66666667,6,5,19,0,2,2021
2021-05-23,Oklahoma,93113160,91205565.0,90092014.0,80946232.0,93599738.0,2022707.6831256014,91530014.75,6,5,20,0,2,2021
2021-05-30,Oklahoma,91015535,93113160.0,90326404.0,81182720.0,92853151.5,2349529.0066278535,91606364.0,6,5,21,0,2,2021
2021-06-06,Oklahoma,98464486,91015535.0,87746182.0,86781884.0,93449686.5,3474796.825816679,91817462.0,6,6,22,0,2,2021
2021-06-13,Oklahoma,102717507,98464486.0,89062163.0,83683257.0,96327672.0,5289859.869055576,92521766.91666667,6,6,23,0,2,2021
2021-06-20,Oklahoma,102288533,102717507.0,94001881.0,85284485.0,98621515.25,5419094.676654295,93842648.0,6,6,24,0,2,2021
2021-06-27,Oklahoma,96237763,102288533.0,96078346.0,81307554.0,99927072.25,3115187.755102558,94354793.75,6,6,25,0,2,2021
2021-07-04,Oklahoma,101861976,96237763.0,91205565.0,80958930.0,100776444.75,3045879.3835099437,95316091.41666667,6,7,26,0,3,2021
2021-07-11,Oklahoma,98249579,101861976.0,93113160.0,82702750.0,99659462.75,2913124.1170219504,96191374.5,6,7,27,0,3,2021
2021-07-18,Oklahoma,100015739,98249579.0,91015535.0,81442287.0,99091264.25,2407100.6493840087,97104172.5,6,7,28,0,3,2021
2021-07-25,Oklahoma,97954901,100015739.0,98464486.0,79754543.0,99520548.75,1806849.1851132049,97433590.83333333,6,7,29,0,3,2021
2021-08-01,Oklahoma,97749346,97954901.0,102717507.0,79645363.0,98492391.25,1036107.8078676236,97572840.83333333,6,8,30,0,3,2021
2021-08-08,Oklahoma,102015570,97749346.0,102288533.0,82319646.0,99433889.0,2002391.639286547,98473674.58333333,6,8,31,0,3,2021
2021-08-15,Oklahoma,104210130,102015570.0,96237763.0,80475327.0,100482486.75,3167776.114438158,99398422.08333333,6,8,32,1,3,2021
2021-08-22,Oklahoma,98328221,104210130.0,101861976.0,78059157.0,100575816.75,3072552.997971705,100007812.58333333,6,8,33,0,3,2021
2021-08-29,Oklahoma,99095059,98328221.0,98249579.0,79728181.0,100912245.0,2712484.501954004,100060360.33333333,6,8,34,0,3,2021
2021-09-05,Oklahoma,102611166,99095059.0,100015739.0,84110542.0,101061144.0,2807907.8439195016,100051498.58333333,6,9,35,0,3,2021
2021-09-12,Oklahoma,98084759,102611166.0,97954901.0,84187147.0,99529801.25,2098868.881719607,99701184.08333333,6,9,36,0,3,2021
2021-09-19,Oklahoma,97937979,98084759.0,97749346.0,73866345.0,99432240.75,2180808.9112159535,99842868.75,6,9,37,0,3,2021
2021-09-26,Oklahoma,93647773,97937979.0,102015570.0,85254959.0,98070419.25,3660415.5933684525,99158351.83333333,6,9,38,0,3,2021
2021-10-03,Oklahoma,139578545,93647773.0,104210130.0,90099344.0,107312264.0,21609066.55122869,102602432.33333333,6,10,39,0,4,2021
2021-10-10,Oklahoma,138432304,139578545.0,98328221.0,95931310.0,117399150.25,25014557.200698894,105803812.75,6,10,40,0,4,2021
2021-10-17,Oklahoma,133311603,138432304.0,99095059.0,94265848.0,126242556.25,21899998.959032875,108750204.58333333,6,10,41,0,4,2021
2021-10-24,Oklahoma,129819104,133311603.0,102611166.0,86437960.0,135285389.0,4550104.956026912,111422684.41666667,6,10,42,0,4,2021
2021-10-31,Oklahoma,128210997,129819104.0,98084759.0,90092014.0,132443502.0,4524780.3695809,113605636.66666667,6,10,43,0,4,2021
2021-11-07,Oklahoma,133270330,128210997.0,97937979.0,90326404.0,131153008.5,2554558.894150157,116027320.0,6,11,44,0,4,2021
2021-11-14,Oklahoma,132050715,133270330.0,93647773.0,87746182.0,130837786.5,2260250.7632724456,118837527.83333333,6,11,45,0,4,2021
2021-11-21,Oklahoma,132271455,132050715.0,139578545.0,89062163.0,131450874.25,2224139.197825141,121602227.5,6,11,46,0,4,2021
2021-11-28,Oklahoma,124661602,132271455.0,138432304.0,94001881.0,130563525.5,3970232.880950982,123439763.83333333,6,11,47,0,4,2021
2021-12-05,Oklahoma,128954975,124661602.0,133311603.0,96078346.0,129484686.75,3554026.791437976,126012281.83333333,6,12,48,0,4,2021
2021-12-12,Oklahoma,128121755,128954975.0,129819104.0,91205565.0,128502446.75,3125551.663719369,128527596.5,6,12,49,0,4,2021
2021-12-19,Oklahoma,128793171,128121755.0,128210997.0,93113160.0,127632875.75,2013430.0842544597,131456379.66666667,6,12,50,0,4,2021
2021-12-26,Oklahoma,128582524,128793171.0,133270330.0,91015535.0,128613106.25,361321.13200991374,130540044.58333333,6,12,51,0,4,2021
2022-01-02,Oklahoma,122812646,128582524.0,132050715.0,98464486.0,127077524.0,2857042.314752212,129238406.41666667,6,1,52,0,1,2022
2022-01-09,Oklahoma,125894614,122812646.0,132271455.0,102717507.0,126520738.75,2802195.020165607,128620324.0,6,1,1,0,1,2022
2022-01-16,Oklahoma,130810460,125894614.0,124661602.0,102288533.0,127025061.0,3453369.713656698,128702937.0,6,1,2,0,1,2022
2022-01-23,Oklahoma,123087658,130810460.0,128954975.0,96237763.0,125651344.5,3710631.142907949,128275992.08333333,6,1,3,0,1,2022
2022-01-30,Oklahoma,126661785,123087658.0,128121755.0,101861976.0,126613629.25,3191925.411929442,127725280.0,6,1,4,0,1,2022
2022-02-06,Oklahoma,127526645,126661785.0,128793171.0,98249579.0,127021637.0,3173636.03456866,127348274.16666667,6,2,5,0,1,2022
2022-02-13,Oklahoma,133213656,127526645.0,128582524.0,100015739.0,127622436.0,4193565.6609130003,127426790.91666667,6,2,6,0,1,2022
2022-02-20,Oklahoma,122053638,133213656.0,122812646.0,97954901.0,127363931.0,4580319.463843327,127209460.58333333,6,2,7,0,1,2022
2022-02-27,Oklahoma,130023890,122053638.0,125894614.0,97749346.0,128204457.25,4715026.141362485,127298536.83333333,6,2,8,0,1,2022
2022-03-06,Oklahoma,137714109,130023890.0,130810460.0,102015570.0,130751323.25,6601069.504592892,128097899.66666667,6,3,9,0,1,2022
2022-03-13,Oklahoma,136461942,137714109.0,123087658.0,104210130.0,131563394.75,7179428.929589473,128736963.91666667,6,3,10,0,1,2022
2022-03-20,Oklahoma,134978035,136461942.0,126661785.0,98328221.0,134794494.0,3371294.726779118,129269923.16666667,6,3,11,0,1,2022
2022-03-27,Oklahoma,132847810,134978035.0,127526645.0,99095059.0,135500474.0,2092380.5767487306,130106186.83333333,6,3,12,0,1,2022
2022-04-03,Oklahoma,141210550,132847810.0,133213656.0,102611166.0,136374584.25,3548834.6692868457,131382514.83333333,6,4,13,0,2,2022
2022-04-10,Oklahoma,141755939,141210550.0,122053638.0,98084759.0,137698083.5,4461966.27208443,132294638.08333333,6,4,14,0,2,2022
2022-04-17,Oklahoma,140765828,141755939.0,130023890.0,97937979.0,139145031.75,4217629.055993142,133767818.91666667,6,4,15,0,2,2022
2022-04-24,Oklahoma,133940731,140765828.0,137714109.0,93647773.0,139418262.0,3674067.229088677,134374397.75,6,4,16,0,2,2022
2022-05-01,Oklahoma,137163267,133940731.0,136461942.0,139578545.0,138406441.25,3571829.1889986736,135177449.58333334,6,5,17,0,2,2022
2022-05-08,Oklahoma,141285993,137163267.0,134978035.0,138432304.0,138288954.75,3429837.8027292956,135850144.33333334,6,5,18,0,2,2022
2022-05-15,Oklahoma,143855272,141285993.0,132847810.0,133311603.0,139061315.75,4387641.075904407,137666947.16666666,6,5,19,0,2,2022
2022-05-22,Oklahoma,139771359,143855272.0,141210550.0,129819104.0,140518972.75,2801124.7829656275,138479236.25,6,5,20,0,2,2022
2022-05-29,Oklahoma,135755044,139771359.0,141755939.0,128210997.0,140166917.0,3390053.254217597,138315980.83333334,6,5,21,0,2,2022
2022-06-05,Oklahoma,142131462,135755044.0,140765828.0,133270330.0,140378284.25,3507410.4742698097,138788440.83333334,6,6,22,0,2,2022
2022-06-12,Oklahoma,147942449,142131462.0,133940731.0,132050715.0,141400078.5,5094332.645179115,139868808.66666666,6,6,23,0,2,2022
2022-06-19,Oklahoma,152890845,147942449.0,137163267.0,132271455.0,144679950.0,7398455.573541592,141539061.58333334,6,6,24,0,2,2022
2022-06-26,Oklahoma,147588860,152890845.0,141285993.0,124661602.0,147638404.0,4397326.635574772,142070587.41666666,6,6,25,0,2,2022
2022-07-03,Oklahoma,153118813,147588860.0,143855272.0,128954975.0,150385241.75,3029711.0278277197,143017493.58333334,6,7,26,0,3,2022
2022-07-10,Oklahoma,151769464,153118813.0,139771359.0,128121755.0,151341995.5,2570653.0040574605,143934463.25,6,7,27,1,3,2022
2022-07-17,Oklahoma,152584163,151769464.0,135755044.0,128793171.0,151265325.0,2512986.4347646832,145488082.58333334,6,7,28,0,3,2022
2022-07-24,Oklahoma,148155011,152584163.0,142131462.0,128582524.0,151406862.75,2237768.904333412,146404061.25,6,7,29,0,3,2022
2022-07-31,Oklahoma,152306097,148155011.0,147942449.0,122812646.0,151203683.75,2060384.3299522768,147322403.25,6,7,30,0,3,2022
2022-08-07,Oklahoma,157651928,152306097.0,152890845.0,125894614.0,152674299.75,3887777.93003847,148472124.58333334,6,8,31,0,3,2022
2022-08-14,Oklahoma,159549607,157651928.0,147588860.0,130810460.0,154415660.75,5179344.37031048,150120311.91666666,6,8,32,0,3,2022
2022-08-21,Oklahoma,150724443,159549607.0,153118813.0,123087658.0,155058018.75,4213299.669059259,151367761.83333334,6,8,33,0,3,2022
2022-08-28,Oklahoma,149157622,150724443.0,151769464.0,126661785.0,154270900.0,5099642.702737968,151953275.16666666,6,8,34,0,3,2022
2022-09-04,Oklahoma,156360685,149157622.0,152584163.0,127526645.0,153948089.25,4848989.2752663605,152654794.83333334,6,9,35,0,3,2022
2022-09-11,Oklahoma,153309864,156360685.0,148155011.0,133213656.0,152388153.5,3153560.0604504514,152689713.08333334,6,9,36,0,3,2022
2022-09-18,Oklahoma,151038592,153309864.0,152306097.0,122053638.0,152466690.75,3101802.399709268,152977190.75,6,9,37,0,3,2022
2022-09-25,Oklahoma,145687932,151038592.0,157651928.0,130023890.0,151599268.25,4503905.024345595,152357950.66666666,6,9,38,0,3,2022
2022-10-02,Oklahoma,144114760,145687932.0,159549607.0,137714109.0,148537787.0,4347857.169752622,151720058.66666666,6,10,39,1,4,2022
2022-10-09,Oklahoma,147640275,144114760.0,150724443.0,136461942.0,147120389.75,2983752.3883354524,151308068.0,6,10,40,1,4,2022
2022-10-16,Oklahoma,141443211,147640275.0,149157622.0,134978035.0,144721544.5,2618431.496045477,150748751.33333334,6,10,41,0,4,2022
2022-10-23,Oklahoma,134986428,141443211.0,156360685.0,132847810.0,142046168.5,5347167.225156418,149305445.58333334,6,10,42,0,4,2022
2022-10-30,Oklahoma,132940053,134986428.0,153309864.0,141210550.0,139252491.75,6663341.0431721285,147246122.66666666,6,10,43,0,4,2022
2022-11-06,Oklahoma,138164354,132940053.0,151038592.0,141755939.0,136883511.5,3722956.16355699,145464018.25,6,11,44,0,4,2022
2022-11-13,Oklahoma,137896121,138164354.0,145687932.0,140765828.0,135996739.0,2494678.629233695,144394991.41666666,6,11,45,0,4,2022
2022-11-20,Oklahoma,135567427,137896121.0,144114760.0,133940731.0,136141988.75,2432382.570415865,143262475.16666666,6,11,46,0,4,2022
2022-11-27,Oklahoma,132993117,135567427.0,147640275.0,137163267.0,136155254.75,2409132.0505100777,141315177.83333334,6,11,47,0,4,2022
2022-12-04,Oklahoma,133222494,132993117.0,141443211.0,141285993.0,134919789.75,2300062.4966780557,139641230.33333334,6,12,48,0,4,2022
2022-12-11,Oklahoma,136075677,133222494.0,134986428.0,143855272.0,134464678.75,1583233.6110606743,138394320.75,6,12,49,0,4,2022
2022-12-18,Oklahoma,137614796,136075677.0,132940053.0,139771359.0,134976521.0,2249380.7319575697,137721559.41666666,6,12,50,0,4,2022
2022-12-25,Oklahoma,139698733,137614796.0,138164354.0,135755044.0,136652925.0,2726610.4900144166,137353557.16666666,6,12,51,1,4,2022
2023-01-01,Oklahoma,128027305,139698733.0,137896121.0,142131462.0,135354127.75,5105199.331563157,135719143.0,6,1,52,0,1,2023
2023-01-08,Oklahoma,135062547,128027305.0,135567427.0,147942449.0,135100845.25,5082550.493579272,135187421.0,6,1,1,0,1,2023
2023-01-15,Oklahoma,135596807,135062547.0,132993117.0,152890845.0,134596348.0,4844409.779748061,135238285.91666666,6,1,2,0,1,2023
2023-01-22,Oklahoma,130499779,135596807.0,133222494.0,147588860.0,132296609.5,3651359.3154861727,135034929.75,6,1,3,0,1,2023
2023-01-29,Oklahoma,131289925,130499779.0,136075677.0,153118813.0,133112264.5,2589887.7070304905,134462060.66666666,6,1,4,0,1,2023
2023-02-05,Oklahoma,135216389,131289925.0,137614796.0,151769464.0,133150725.0,2629345.688350111,134238749.66666666,6,2,5,0,1,2023
2023-02-12,Oklahoma,139263301,135216389.0,139698733.0,152584163.0,134067348.5,4031536.09635248,134546739.16666666,6,2,6,0,1,2023
2023-02-19,Oklahoma,135360155,139263301.0,128027305.0,148155011.0,135282442.5,3255653.1696085674,134743992.33333334,6,2,7,0,1,2023
2023-02-26,Oklahoma,135256255,135360155.0,135062547.0,152306097.0,136274025.0,1993771.8912045385,134913472.41666666,6,2,8,0,1,2023
2023-03-05,Oklahoma,149196561,135256255.0,135596807.0,157651928.0,139769068.0,6555847.759516585,136006879.41666666,6,3,9,0,1,2023
2023-03-12,Oklahoma,151437049,149196561.0,130499779.0,159549607.0,142812505.0,8713464.00317868,137158733.83333334,6,3,10,0,1,2023
2023-03-19,Oklahoma,145942881,151437049.0,131289925.0,150724443.0,145458186.5,7165579.199319921,137679079.5,6,3,11,0,1,2023
2023-03-26,Oklahoma,137653757,145942881.0,135216389.0,149157622.0,146057562.0,6039571.875416224,138481283.83333334,6,3,12,0,1,2023
2023-04-02,Oklahoma,141704836,137653757.0,139263301.0,156360685.0,144184630.75,5901714.676123788,139034807.91666666,6,4,13,0,2,2023
2023-04-09,Oklahoma,150712862,141704836.0,135360155.0,153309864.0,144003584.0,5608916.396623206,140294479.16666666,6,4,14,0,2,2023
2023-04-16,Oklahoma,147173331,150712862.0,135256255.0,151038592.0,144311196.5,5781803.375594301,141683941.83333334,6,4,15,0,2,2023
2023-04-23,Oklahoma,144161747,147173331.0,149196561.0,145687932.0,145938194.0,3890162.8851487245,142756593.66666666,6,4,16,0,2,2023
2023-04-30,Oklahoma,146135675,144161747.0,151437049.0,144114760.0,147045903.75,2745280.6199720684,143666534.16666666,6,4,17,0,2,2023
2023-05-07,Oklahoma,154636606,146135675.0,145942881.0,147640275.0,148026839.75,4580135.847465321,144947642.91666666,6,5,18,0,2,2023
2020-05-03,Oregon,73277376,67450880.0,72106968.0,63944985.0,69124824.0,2854581.9015163477,66027413.5,6,5,18,0,2,2020
2020-05-10,Oregon,77387146,73277376.0,70139255.0,62778735.0,71703975.75,4541794.669868611,67742820.33333333,6,5,19,0,2,2020
2020-05-17,Oregon,69490829,77387146.0,62638431.0,61126837.0,71901557.75,4381959.221094022,68575295.41666667,6,5,20,0,2,2020
2020-05-24,Oregon,71299206,69490829.0,65216666.0,59546507.0,72863639.25,3389030.923032265,69164363.41666667,6,5,21,0,2,2020
2020-05-31,Oregon,73202193,71299206.0,67070539.0,60796877.0,72844843.5,3386178.731956965,69831665.83333333,6,5,22,0,2,2020
2020-06-07,Oregon,75237396,73202193.0,68700501.0,61552925.0,72307406.0,2472182.4644362344,70092534.83333333,6,6,23,0,2,2020
2020-06-14,Oregon,76096147,75237396.0,67450880.0,61015742.0,73958735.5,2148561.8686514506,70588942.5,6,6,24,0,2,2020
2020-06-21,Oregon,73685178,76096147.0,73277376.0,60959599.0,74555228.5,1345049.5974137965,71509504.75,6,6,25,0,2,2020
2020-06-28,Oregon,75752558,73685178.0,77387146.0,58257574.0,75192819.75,1065250.7869844246,72387495.75,6,6,26,0,2,2020
2020-07-05,Oregon,79284077,75752558.0,69490829.0,59857038.0,76204490.0,2312773.9320410644,73405290.58333333,6,7,27,0,3,2020
2020-07-12,Oregon,75629014,79284077.0,71299206.0,59979191.0,76087706.75,2331784.0732788565,73982666.66666667,6,7,28,0,3,2020
2020-07-19,Oregon,77462421,75629014.0,73202193.0,65582615.0,77032017.5,1718764.536666288,74816961.75,6,7,29,0,3,2020
2020-07-26,Oregon,77350341,77462421.0,75237396.0,58675369.0,77431463.25,1493155.518495957,75156375.5,6,7,30,0,3,2020
2020-08-02,Oregon,80871404,77350341.0,76096147.0,59870249.0,77828295.0,2195423.5060563334,75446730.33333333,6,8,31,0,3,2020
2020-08-09,Oregon,77553114,80871404.0,73685178.0,58578362.0,78309320.0,1710068.2809110323,76118587.41666667,6,8,32,0,3,2020
2020-08-16,Oregon,77714158,77553114.0,75752558.0,56795066.0,78372254.25,1672736.0408309882,76653166.75,6,8,33,0,3,2020
2020-08-23,Oregon,75260646,77714158.0,79284077.0,58377817.0,77849830.5,2305083.5487078726,76824704.5,6,8,34,0,3,2020
2020-08-30,Oregon,76088846,75260646.0,75629014.0,60557263.0,76654191.0,1182254.2362041567,76895658.66666667,6,8,35,1,3,2020
2020-09-06,Oregon,77441416,76088846.0,77462421.0,59559349.0,76626266.5,1154948.3057642337,77007764.41666667,6,9,36,0,3,2020
2020-09-13,Oregon,71781836,77441416.0,77350341.0,56802264.0,75143186.0,2414442.97527746,76849152.58333333,6,9,37,0,3,2020
2020-09-20,Oregon,66947712,71781836.0,80871404.0,59501128.0,73064952.5,4738649.032287123,76115415.41666667,6,9,38,0,3,2020
2020-09-27,Oregon,66149796,66947712.0,77553114.0,64230390.0,70580190.0,5207163.743283927,75020892.0,6,9,39,0,3,2020
2020-10-04,Oregon,70735758,66149796.0,77714158.0,65194564.0,68903775.5,2771881.408262812,74613120.66666667,6,10,40,0,4,2020
2020-10-11,Oregon,68755331,70735758.0,75260646.0,72106968.0,68147149.25,2041147.5549783949,73887529.83333333,6,10,41,0,4,2020
2020-10-18,Oregon,65409369,68755331.0,76088846.0,70139255.0,67762563.5,2447040.130972729,72892448.83333333,6,10,42,0,4,2020
2020-10-25,Oregon,64629347,65409369.0,77441416.0,62638431.0,67382451.25,2863686.5252205273,71538944.08333333,6,10,43,1,4,2020
2020-11-01,Oregon,65902983,64629347.0,71781836.0,65216666.0,66174257.5,1798826.7599739477,70568099.83333333,6,11,44,0,4,2020
2020-11-08,Oregon,67079892,65902983.0,66947712.0,67070539.0,65755397.75,1026935.9947115915,69681911.0,6,11,45,0,4,2020
2020-11-15,Oregon,64517128,67079892.0,66149796.0,68700501.0,65532337.5,1208076.3205914195,68786617.83333333,6,11,46,0,4,2020
2020-11-22,Oregon,66592957,64517128.0,70735758.0,67450880.0,66023240.0,1114140.328053593,67995293.75,6,11,47,0,4,2020
2020-11-29,Oregon,62889298,66592957.0,68755331.0,73277376.0,65269818.75,1937393.644848223,66782617.25,6,11,48,0,4,2020
2020-12-06,Oregon,64691824,62889298.0,65409369.0,77387146.0,64672801.75,1515748.2170862951,66191782.916666664,6,12,49,0,4,2020
2020-12-13,Oregon,64893024,64691824.0,64629347.0,69490829.0,64766775.75,1514531.5056756933,66020558.916666664,6,12,50,0,4,2020
2020-12-20,Oregon,68988950,64893024.0,65902983.0,71299206.0,65365774.0,2577986.2212297996,66257155.083333336,6,12,51,0,4,2020
2020-12-27,Oregon,64198267,68988950.0,67079892.0,73202193.0,65693016.25,2216591.0859008143,65712364.166666664,6,12,52,0,4,2020
2021-01-03,Oregon,65702535,64198267.0,64517128.0,75237396.0,65945694.0,2119917.3435180676,65457964.5,6,1,53,0,1,2021
2021-01-10,Oregon,64053360,65702535.0,66592957.0,76096147.0,65735778.0,2293374.7738851365,65344963.75,6,1,1,0,1,2021
2021-01-17,Oregon,63206425,64053360.0,62889298.0,73685178.0,64290146.75,1038236.2052373345,65226386.916666664,6,1,2,0,1,2021
2021-01-24,Oregon,62798390,63206425.0,64691824.0,75752558.0,63940177.5,1285921.9341941816,64967670.833333336,6,1,3,0,1,2021
2021-01-31,Oregon,63397752,62798390.0,64893024.0,79284077.0,63363981.75,523163.7597339429,64660825.833333336,6,1,4,0,1,2021
2021-02-07,Oregon,66162742,63397752.0,68988950.0,75629014.0,63891327.25,1534768.6490611392,64797960.333333336,6,2,5,0,1,2021
2021-02-14,Oregon,63689993,66162742.0,64198267.0,77462421.0,64012219.25,1480937.6876306967,64556046.666666664,6,2,6,0,1,2021
2021-02-21,Oregon,63403370,63689993.0,65702535.0,77350341.0,64163464.25,1339819.0257027084,64598886.0,6,2,7,0,1,2021
2021-02-28,Oregon,66943352,63403370.0,64053360.0,80871404.0,65049864.25,1768613.9467301196,64786513.333333336,6,2,8,0,1,2021
2021-03-07,Oregon,70618337,66943352.0,63206425.0,77553114.0,66163763.0,3375909.5593013214,65263622.75,6,3,9,0,1,2021
2021-03-14,Oregon,76233387,70618337.0,62798390.0,77714158.0,69299611.5,5481298.577478793,65867325.833333336,6,3,10,0,1,2021
2021-03-21,Oregon,74480607,76233387.0,63397752.0,75260646.0,72068920.75,4144661.543985183,66724187.5,6,3,11,0,1,2021
2021-03-28,Oregon,66604607,74480607.0,66162742.0,76088846.0,71984234.5,4285372.043213796,66799360.166666664,6,3,12,0,1,2021
2021-04-04,Oregon,72067412,66604607.0,63689993.0,77441416.0,72346503.25,4191639.638350324,67467197.83333333,6,4,13,0,2,2021
2021-04-11,Oregon,73834808,72067412.0,63403370.0,71781836.0,71746858.5,3576703.277759989,68352896.41666667,6,4,14,0,2,2021
2021-04-18,Oregon,75450878,73834808.0,66943352.0,66947712.0,71989426.25,3846619.3882067795,69407270.41666667,6,4,15,0,2,2021
2021-04-25,Oregon,73646636,75450878.0,70618337.0,66149796.0,73749933.5,1383469.6532389317,70261344.08333333,6,4,16,1,2,2021
2021-05-02,Oregon,77119514,73646636.0,76233387.0,70735758.0,75012959.0,1621133.8971756927,71174408.41666667,6,5,17,0,2,2021
2021-05-09,Oregon,80320038,77119514.0,74480607.0,68755331.0,76634266.5,2837059.571277461,72560245.5,6,5,18,0,2,2021
2021-05-16,Oregon,78986878,80320038.0,66604607.0,65409369.0,77518266.5,2895701.9621576597,73858871.16666667,6,5,19,0,2,2021
2021-05-23,Oregon,75666448,78986878.0,72067412.0,64629347.0,78023219.5,2047361.5916187644,74585795.83333333,6,5,20,0,2,2021
2021-05-30,Oregon,79225585,75666448.0,73834808.0,65902983.0,78549737.25,2007916.3213894898,75303066.5,6,5,21,0,2,2021
2021-06-06,Oregon,81955738,79225585.0,75450878.0,67079892.0,78958662.25,2575084.568330194,75779929.08333333,6,6,22,0,2,2021
2021-06-13,Oregon,76750662,81955738.0,73646636.0,64517128.0,78399608.25,2799850.29825673,75969100.33333333,6,6,23,0,2,2021
2021-06-20,Oregon,82203801,76750662.0,77119514.0,66592957.0,80033946.5,2571313.3183430554,77269033.16666667,6,6,24,0,2,2021
2021-06-27,Oregon,87618933,82203801.0,80320038.0,62889298.0,82132283.5,4438522.868834073,78564993.25,6,6,25,0,2,2021
2021-07-04,Oregon,88375865,87618933.0,78986878.0,64691824.0,83737315.25,5408268.044732648,79776748.0,6,7,26,0,3,2021
2021-07-11,Oregon,83128994,88375865.0,75666448.0,64893024.0,85331898.25,3116303.422483059,80416591.0,6,7,27,0,3,2021
2021-07-18,Oregon,85334685,83128994.0,79225585.0,68988950.0,86114619.25,2373355.4143232806,81390595.08333333,6,7,28,0,3,2021
2021-07-25,Oregon,84134566,85334685.0,81955738.0,64198267.0,85243527.5,2274561.894432796,81975182.75,6,7,29,0,3,2021
2021-08-01,Oregon,87403941,84134566.0,76750662.0,65702535.0,85000546.5,1838530.6312786064,82565508.0,6,8,30,0,3,2021
2021-08-08,Oregon,85425512,87403941.0,82203801.0,64053360.0,85574676.0,1354003.0565330028,83102060.83333333,6,8,31,0,3,2021
2021-08-15,Oregon,87451793,85425512.0,87618933.0,63206425.0,86103953.0,1617138.2967033815,84084172.91666667,6,8,32,1,3,2021
2021-08-22,Oregon,81419883,87451793.0,88375865.0,62798390.0,85425282.25,2832258.1964163557,84267031.08333333,6,8,33,0,3,2021
2021-08-29,Oregon,79469685,81419883.0,83128994.0,63397752.0,83441718.25,3646048.2288076794,84059860.0,6,8,34,0,3,2021
2021-09-05,Oregon,85701988,79469685.0,85334685.0,66162742.0,83510837.25,3698435.4807565524,84805803.83333333,6,9,35,0,3,2021
2021-09-12,Oregon,80871146,85701988.0,84134566.0,63689993.0,81865675.5,2686130.051032096,84694749.25,6,9,36,0,3,2021
2021-09-19,Oregon,74940261,80871146.0,87403941.0,63403370.0,80245770.0,4431408.492462492,83638193.25,6,9,37,0,3,2021
2021-09-26,Oregon,74560310,74940261.0,85425512.0,66943352.0,79018426.25,5310643.414971009,82486897.0,6,9,38,0,3,2021
2021-10-03,Oregon,109358124,74560310.0,87451793.0,70618337.0,84932460.25,16538166.663061466,84672657.83333333,6,10,39,0,4,2021
2021-10-10,Oregon,105944044,109358124.0,81419883.0,76233387.0,91200684.75,19046983.08956043,86390104.41666667,6,10,40,0,4,2021
2021-10-17,Oregon,103410414,105944044.0,79469685.0,74480607.0,98318223.0,16024995.05262422,87996425.08333333,6,10,41,0,4,2021
2021-10-24,Oregon,99799036,103410414.0,85701988.0,66604607.0,104627904.5,4037633.5399803678,89029349.66666667,6,10,42,0,4,2021
2021-10-31,Oregon,102488327,99799036.0,80871146.0,72067412.0,102910455.25,2537173.0636377544,90451250.91666667,6,10,43,0,4,2021
2021-11-07,Oregon,101452515,102488327.0,74940261.0,73834808.0,101787573.0,1548247.6485293747,91617977.75,6,11,44,0,4,2021
2021-11-14,Oregon,101451949,101452515.0,74560310.0,75450878.0,101297956.75,1112256.956608044,93287316.58333333,6,11,45,0,4,2021
2021-11-21,Oregon,102440117,101451949.0,109358124.0,73646636.0,101958227.0,584604.1459335866,95201519.25,6,11,46,0,4,2021
2021-11-28,Oregon,95648672,102440117.0,105944044.0,77119514.0,100248313.25,3101587.9900784674,96030409.58333333,6,11,47,0,4,2021
2021-12-05,Oregon,99250313,95648672.0,103410414.0,80320038.0,99697762.75,3010704.4254732686,97562006.83333333,6,12,48,0,4,2021
2021-12-12,Oregon,100207545,99250313.0,99799036.0,78986878.0,99386661.75,2827755.094688775,99667613.83333333,6,12,49,0,4,2021
2021-12-19,Oregon,105713197,100207545.0,102488327.0,75666448.0,100204931.75,4163804.060421791,102263687.75,6,12,50,0,4,2021
2021-12-26,Oregon,100450342,105713197.0,101452515.0,79225585.0,101405349.25,2918247.6102885776,101521372.58333333,6,12,51,0,4,2021
2022-01-02,Oregon,99078288,100450342.0,101451949.0,81955738.0,101362343.0,2961539.1278379913,100949226.25,6,1,52,0,1,2022
2022-01-09,Oregon,98739520,99078288.0,102440117.0,76750662.0,100995336.75,3231047.804016265,100559985.08333333,6,1,1,0,1,2022
2022-01-16,Oregon,99784455,98739520.0,95648672.0,82203801.0,99513151.25,761477.4200694795,100558770.0,6,1,2,0,1,2022
2022-01-23,Oregon,98759328,99784455.0,99250313.0,87618933.0,99090397.75,488052.07616025483,100248020.08333333,6,1,3,0,1,2022
2022-01-30,Oregon,97891572,98759328.0,100207545.0,88375865.0,98793718.75,774499.2584001186,99951274.83333333,6,1,4,0,1,2022
2022-02-06,Oregon,101836177,97891572.0,105713197.0,83128994.0,99567883.0,1698611.2816421783,99983293.83333333,6,2,5,0,1,2022
2022-02-13,Oregon,98688555,101836177.0,100450342.0,85334685.0,99293908.0,1739914.3615195786,99670663.66666667,6,2,6,0,1,2022
2022-02-20,Oregon,97925864,98688555.0,99078288.0,84134566.0,99085542.0,1870294.8970664353,99860429.66666667,6,2,7,0,1,2022
2022-02-27,Oregon,99904233,97925864.0,98739520.0,87403941.0,99588707.25,1705481.2149194132,99914923.0,6,2,8,0,1,2022
2022-03-06,Oregon,104964035,99904233.0,99784455.0,85425512.0,100370671.75,3168761.7323408304,100311297.16666667,6,3,9,0,1,2022
2022-03-13,Oregon,105051111,104964035.0,98759328.0,87451793.0,101961310.75,3609229.735371478,100256123.33333333,6,3,10,0,1,2022
2022-03-20,Oregon,105717901,105051111.0,97891572.0,81419883.0,103909320.0,2691207.754276645,100695086.58333333,6,3,11,0,1,2022
2022-03-27,Oregon,104959456,105717901.0,101836177.0,79469685.0,105173125.75,365623.3836572731,101185183.91666667,6,3,12,0,1,2022
2022-04-03,Oregon,110649233,104959456.0,98688555.0,85701988.0,106594425.25,2724255.492973995,102177660.0,6,4,13,0,2,2022
2022-04-10,Oregon,108260091,110649233.0,97925864.0,80871146.0,107396670.25,2587337.069225614,102883963.0,6,4,14,0,2,2022
2022-04-17,Oregon,112502886,108260091.0,99904233.0,74940261.0,109092916.5,3257253.8053608504,104029259.5,6,4,15,0,2,2022
2022-04-24,Oregon,107413332,112502886.0,104964035.0,74560310.0,109706385.5,2313672.303889008,104822739.5,6,4,16,0,2,2022
2022-05-01,Oregon,112386989,107413332.0,105051111.0,109358124.0,110140824.5,2683341.407426023,105701973.83333333,6,5,17,0,2,2022
2022-05-08,Oregon,117390519,112386989.0,105717901.0,105944044.0,112423431.5,4073520.0300613544,107260470.83333333,6,5,18,0,2,2022
2022-05-15,Oregon,114214156,117390519.0,104959456.0,103410414.0,112851249.0,4173286.725113998,108617828.5,6,5,19,0,2,2022
2022-05-22,Oregon,112911917,114214156.0,110649233.0,99799036.0,114225895.25,2245224.2892279094,109701802.16666667,6,5,20,0,2,2022
2022-05-29,Oregon,117192390,112911917.0,108260091.0,102488327.0,115427245.5,2218756.5240922044,110720831.75,6,5,21,0,2,2022
2022-06-05,Oregon,120036709,117192390.0,112502886.0,101452515.0,116088793.0,3183853.6441766163,111969631.58333333,6,6,22,0,2,2022
2022-06-12,Oregon,120298432,120036709.0,107413332.0,101451949.0,117609862.0,3433315.457888005,113184675.83333333,6,6,23,0,2,2022
2022-06-19,Oregon,119427324,120298432.0,112386989.0,102440117.0,119238713.75,1412186.7091647726,114390331.5,6,6,24,0,2,2022
2022-06-26,Oregon,127766543,119427324.0,117390519.0,95648672.0,121882252.0,3939799.7755856453,115816774.0,6,6,25,0,2,2022
2022-07-03,Oregon,131648179,127766543.0,114214156.0,99250313.0,124785119.5,5911198.669456957,117765781.33333333,6,7,26,0,3,2022
2022-07-10,Oregon,125109130,131648179.0,112911917.0,100207545.0,125987794.0,5132112.0862994315,118816301.66666667,6,7,27,1,3,2022
2022-07-17,Oregon,126747931,125109130.0,117192390.0,105713197.0,127817945.75,2778245.4490066734,120427518.25,6,7,28,0,3,2022
2022-07-24,Oregon,125456577,126747931.0,120036709.0,100450342.0,127240454.25,3021885.599271801,121516650.58333333,6,7,29,0,3,2022
2022-07-31,Oregon,131034950,125456577.0,120298432.0,99078288.0,127087147.0,2724672.8120794077,122653686.5,6,7,30,0,3,2022
2022-08-07,Oregon,128095152,131034950.0,119427324.0,98739520.0,127833652.5,2390674.017947597,123810436.16666667,6,8,31,0,3,2022
2022-08-14,Oregon,127640454,128095152.0,127766543.0,99784455.0,128056783.25,2295310.5772949965,125037814.25,6,8,32,0,3,2022
2022-08-21,Oregon,120792093,127640454.0,131648179.0,98759328.0,126890662.25,4335152.86458924,125337789.5,6,8,33,0,3,2022
2022-08-28,Oregon,122367501,120792093.0,125109130.0,97891572.0,124723800.0,3691582.7578817797,125532022.16666667,6,8,34,0,3,2022
2022-09-04,Oregon,124544284,122367501.0,126747931.0,101836177.0,123836083.0,2966333.0658612913,125885843.16666667,6,9,35,0,3,2022
2022-09-11,Oregon,117844182,124544284.0,125456577.0,98688555.0,121387015.0,2818705.2693586173,125753914.66666667,6,9,36,0,3,2022
2022-09-18,Oregon,111186797,117844182.0,131034950.0,97925864.0,118985691.0,5900858.283223609,124372269.16666667,6,9,37,0,3,2022
2022-09-25,Oregon,110628293,111186797.0,128095152.0,99904233.0,116050889.0,6542619.1690472625,122620612.0,6,9,38,0,3,2022
2022-10-02,Oregon,112015851,110628293.0,127640454.0,104964035.0,112918780.75,3332714.68176224,121529505.41666667,6,10,39,1,4,2022
2022-10-09,Oregon,112790064,112015851.0,120792093.0,105051111.0,111655251.25,947263.5657247574,120366349.83333333,6,10,40,1,4,2022
2022-10-16,Oregon,109322610,112790064.0,122367501.0,105717901.0,111189204.5,1532415.5564516436,119021852.58333333,6,10,41,0,4,2022
2022-10-23,Oregon,105871721,109322610.0,124544284.0,104959456.0,110000061.5,3127813.777337615,116924916.83333333,6,10,42,0,4,2022
2022-10-30,Oregon,105092490,105871721.0,117844182.0,110649233.0,108269221.25,3530216.042129753,115008028.33333333,6,10,43,0,4,2022
2022-11-06,Oregon,106220543,105092490.0,111186797.0,108260091.0,106626841.0,1858017.5610729165,113223035.75,6,11,44,0,4,2022
2022-11-13,Oregon,105789953,106220543.0,110628293.0,112502886.0,105743676.75,472575.3643729865,111972857.41666667,6,11,45,0,4,2022
2022-11-20,Oregon,107960778,105789953.0,112015851.0,107413332.0,106265941.0,1221759.013406223,110772297.16666667,6,11,46,0,4,2022
2022-11-27,Oregon,103586066,107960778.0,112790064.0,112386989.0,105889335.0,1799583.2582200835,109025779.0,6,11,47,0,4,2022
2022-12-04,Oregon,103950593,103586066.0,109322610.0,117390519.0,105321847.5,2006352.6827282906,107867979.91666667,6,12,48,0,4,2022
2022-12-11,Oregon,104626576,103950593.0,105871721.0,114214156.0,105031003.25,2000189.278628631,107321294.83333333,6,12,49,0,4,2022
2022-12-18,Oregon,110611156,104626576.0,105092490.0,112911917.0,105693597.75,3306592.9188464656,107319866.75,6,12,50,0,4,2022
2022-12-25,Oregon,109236205,110611156.0,106220543.0,117192390.0,107106132.5,3313006.1154768504,107088229.58333333,6,12,51,1,4,2022
2023-01-01,Oregon,101850451,109236205.0,105789953.0,120036709.0,106581097.0,4061614.5374264666,106176595.16666667,6,1,52,0,1,2023
2023-01-08,Oregon,103066966,101850451.0,107960778.0,120298432.0,106191194.5,4374585.940771882,105655291.5,6,1,1,0,1,2023
2023-01-15,Oregon,102630801,103066966.0,103586066.0,119427324.0,104196105.75,3397539.903687705,105385214.83333333,6,1,2,0,1,2023
2023-01-22,Oregon,101274697,102630801.0,103950593.0,127766543.0,102205728.75,799053.276834699,105067065.41666667,6,1,3,0,1,2023
2023-01-29,Oregon,101267059,101274697.0,104626576.0,131648179.0,102059880.75,928304.9931936546,104654275.08333333,6,1,4,0,1,2023
2023-02-05,Oregon,105298610,101267059.0,110611156.0,125109130.0,102617791.75,1898713.441563243,104613329.83333333,6,2,5,0,1,2023
2023-02-12,Oregon,108981500,105298610.0,109236205.0,126747931.0,104205466.5,3707160.063215555,104698390.0,6,2,6,0,1,2023
2023-02-19,Oregon,105809683,108981500.0,101850451.0,125456577.0,105339213.0,3166053.453675625,104883691.41666667,6,2,7,0,1,2023
2023-02-26,Oregon,106451748,105809683.0,103066966.0,131034950.0,106635385.25,1633679.8273042764,105092121.0,6,2,8,0,1,2023
2023-03-05,Oregon,112224784,106451748.0,102630801.0,128095152.0,108366928.75,2913655.6695637405,105725305.0,6,3,9,0,1,2023
2023-03-12,Oregon,117522384,112224784.0,101274697.0,127640454.0,110502149.75,5497761.854318681,106301240.66666667,6,3,10,0,1,2023
2023-03-19,Oregon,115111039,117522384.0,101267059.0,120792093.0,112827488.75,4770393.634339161,106790810.16666667,6,3,11,0,1,2023
2023-03-26,Oregon,106516210,115111039.0,105298610.0,122367501.0,112843604.25,4741697.895313477,107179623.41666667,6,3,12,0,1,2023
2023-04-02,Oregon,110131690,106516210.0,108981500.0,124544284.0,112320330.75,4943931.518053043,107768350.41666667,6,4,13,0,2,2023
2023-04-09,Oregon,118297200,110131690.0,105809683.0,117844182.0,112514034.75,5222990.829747862,109073883.66666667,6,4,14,0,2,2023
2023-04-16,Oregon,114781669,118297200.0,106451748.0,111186797.0,112431692.25,5170735.360046989,110199464.66666667,6,4,15,0,2,2023
2023-04-23,Oregon,112632065,114781669.0,112224784.0,110628293.0,113960656.0,3459566.971194614,111146548.5,6,4,16,0,2,2023
2023-04-30,Oregon,120727821,112632065.0,117522384.0,112015851.0,116609688.75,3604157.522931944,112432316.08333333,6,4,17,0,2,2023
2023-05-07,Oregon,124363371,120727821.0,115111039.0,112790064.0,118126231.5,5386468.877817793,113714138.66666667,6,5,18,0,2,2023
2020-05-03,Pennsylvania,213421497,203316194.0,238885114.0,213784018.0,209453780.5,4449933.396757327,208670409.0,6,5,18,0,2,2020
2020-05-10,Pennsylvania,218076035,213421497.0,228595535.0,207743595.0,211000897.0,6278306.301556115,210938298.25,6,5,19,0,2,2020
2020-05-17,Pennsylvania,219999446,218076035.0,198403019.0,198963636.0,213703293.0,7455057.563367963,213182560.83333334,6,5,20,0,2,2020
2020-05-24,Pennsylvania,234224919,219999446.0,206165824.0,195191440.0,221430474.25,8965519.832224976,215999412.41666666,6,5,21,0,2,2020
2020-05-31,Pennsylvania,225286541,234224919.0,211887569.0,198030518.0,224396735.25,7226625.641681186,217287629.58333334,6,5,22,0,2,2020
2020-06-07,Pennsylvania,234140846,225286541.0,209189862.0,200157093.0,228412938.0,7003552.884941023,216892273.91666666,6,6,23,0,2,2020
2020-06-14,Pennsylvania,234741227,234140846.0,203316194.0,202076105.0,232098383.25,4548978.871020169,217404414.91666666,6,6,24,0,2,2020
2020-06-21,Pennsylvania,227804732,234741227.0,213421497.0,205134229.0,230493336.5,4679323.768409991,219854557.66666666,6,6,25,0,2,2020
2020-06-28,Pennsylvania,241926052,227804732.0,218076035.0,197064569.0,234653214.25,5775411.833343136,222834576.66666666,6,6,26,0,2,2020
2020-07-05,Pennsylvania,256800832,241926052.0,219999446.0,195489102.0,240318210.75,12409027.022435697,226577348.58333334,6,7,27,0,3,2020
2020-07-12,Pennsylvania,236554855,256800832.0,234224919.0,205556320.0,240771617.75,12168122.863357848,228857764.66666666,6,7,28,0,3,2020
2020-07-19,Pennsylvania,245054945,236554855.0,225286541.0,213752120.0,245084171.0,8563565.188129166,232335993.91666666,6,7,29,0,3,2020
2020-07-26,Pennsylvania,236671014,245054945.0,234140846.0,203141884.0,243770411.5,9555235.65359397,234273453.66666666,6,7,30,0,3,2020
2020-08-02,Pennsylvania,240341151,236671014.0,234741227.0,196391974.0,239655491.25,4006048.747487561,236128880.0,6,8,31,0,3,2020
2020-08-09,Pennsylvania,234559739,240341151.0,227804732.0,195521619.0,239156712.25,4600829.764906252,237342237.75,6,8,32,0,3,2020
2020-08-16,Pennsylvania,236828323,234559739.0,241926052.0,203680243.0,237100056.75,2395539.126554737,237559188.08333334,6,8,33,0,3,2020
2020-08-23,Pennsylvania,232430387,236828323.0,256800832.0,182683922.0,236039900.0,3383382.512369298,238154508.58333334,6,8,34,0,3,2020
2020-08-30,Pennsylvania,229315042,232430387.0,236554855.0,192603195.0,233283372.75,3197447.769196124,237752358.25,6,8,35,1,3,2020
2020-09-06,Pennsylvania,227652613,229315042.0,245054945.0,197142390.0,231556591.25,4034032.8817583965,237161640.41666666,6,9,36,0,3,2020
2020-09-13,Pennsylvania,224021083,227652613.0,236671014.0,190861364.0,228354781.25,3502696.2809995366,236846336.33333334,6,9,37,0,3,2020
2020-09-20,Pennsylvania,218799935,224021083.0,240341151.0,193068295.0,224947168.25,4656316.960553478,234919159.91666666,6,9,38,0,3,2020
2020-09-27,Pennsylvania,216568175,218799935.0,234559739.0,200422700.0,221760451.5,5018380.0546955485,231566438.5,6,9,39,0,3,2020
2020-10-04,Pennsylvania,219759186,216568175.0,236828323.0,209827935.0,219787094.75,3123212.2421434415,230166799.41666666,6,10,40,0,4,2020
2020-10-11,Pennsylvania,215291299,219759186.0,232430387.0,238885114.0,217604648.75,2040964.2232157534,227686495.58333334,6,10,41,0,4,2020
2020-10-18,Pennsylvania,209727400,215291299.0,229315042.0,228595535.0,215336515.0,4184942.0824236544,225441194.41666666,6,10,42,0,4,2020
2020-10-25,Pennsylvania,207682355,209727400.0,227652613.0,198403019.0,213115060.0,5473297.311542687,222719628.08333334,6,10,43,1,4,2020
2020-11-01,Pennsylvania,205040628,207682355.0,224021083.0,206165824.0,209435420.5,4349866.082250056,220259702.16666666,6,11,44,0,4,2020
2020-11-08,Pennsylvania,212199643,205040628.0,218799935.0,211887569.0,208662506.5,3039957.983135531,218207312.16666666,6,11,45,0,4,2020
2020-11-15,Pennsylvania,212590605,212199643.0,216568175.0,209189862.0,209378307.75,3650137.3288796544,216553997.0,6,11,46,0,4,2020
2020-11-22,Pennsylvania,218627512,212590605.0,219759186.0,203316194.0,212114597.0,5558564.432428132,215663369.5,6,11,47,0,4,2020
2020-11-29,Pennsylvania,210388605,218627512.0,215291299.0,213421497.0,213451591.25,3581466.7442886224,214224702.16666666,6,11,48,0,4,2020
2020-12-06,Pennsylvania,199752213,210388605.0,209727400.0,218076035.0,210339733.75,7870867.672118624,212202296.33333334,6,12,49,0,4,2020
2020-12-13,Pennsylvania,215637351,199752213.0,207682355.0,219999446.0,211101420.25,8297174.932515647,211938747.66666666,6,12,50,0,4,2020
2020-12-20,Pennsylvania,216383075,215637351.0,205040628.0,234224919.0,210540311.0,7670805.717987634,211923322.66666666,6,12,51,0,4,2020
2020-12-27,Pennsylvania,214323880,216383075.0,212199643.0,225286541.0,211524129.75,7893975.8344629295,211470380.5,6,12,52,0,4,2020
2021-01-03,Pennsylvania,203326021,214323880.0,212590605.0,234140846.0,212417581.75,6120525.593659805,210473274.0,6,1,53,0,1,2021
2021-01-10,Pennsylvania,203602343,203326021.0,218627512.0,234741227.0,209408829.75,6916493.968145379,209962852.58333334,6,1,1,0,1,2021
2021-01-17,Pennsylvania,209376110,203602343.0,210388605.0,227804732.0,207657088.5,5247229.446138236,210103998.83333334,6,1,2,0,1,2021
2021-01-24,Pennsylvania,197658988,209376110.0,199752213.0,241926052.0,203490865.5,4784924.204971707,209488862.16666666,6,1,3,0,1,2021
2021-01-31,Pennsylvania,203994431,197658988.0,215637351.0,256800832.0,203657968.0,4788918.126381553,208805094.5,6,1,4,0,1,2021
2021-02-07,Pennsylvania,206907756,203994431.0,216383075.0,236554855.0,204484321.25,5053968.724106306,208331523.75,6,2,5,0,1,2021
2021-02-14,Pennsylvania,204289441,206907756.0,214323880.0,245054945.0,203212654.0,3927154.625215625,207136684.5,6,2,6,0,1,2021
2021-02-21,Pennsylvania,200342851,204289441.0,203326021.0,236671014.0,203883619.75,2699346.428280876,206299538.33333334,6,2,7,0,1,2021
2021-02-28,Pennsylvania,208783568,200342851.0,203602343.0,240341151.0,205080904.0,3657078.4714020677,207052151.25,6,2,8,0,1,2021
2021-03-07,Pennsylvania,218227304,208783568.0,209376110.0,234559739.0,207910791.0,7693721.939282646,207267980.66666666,6,3,9,0,1,2021
2021-03-14,Pennsylvania,249366612,218227304.0,197658988.0,236828323.0,219180083.75,21409212.615583107,210016608.75,6,3,10,0,1,2021
2021-03-21,Pennsylvania,240470033,249366612.0,203994431.0,232430387.0,229211879.25,18893879.71480315,212195454.83333334,6,3,11,0,1,2021
2021-03-28,Pennsylvania,211715951,240470033.0,206907756.0,229315042.0,229944975.0,17865963.537034597,212894615.66666666,6,3,12,0,1,2021
2021-04-04,Pennsylvania,219439092,211715951.0,204289441.0,227652613.0,230247922.0,17609472.978354212,214214344.75,6,4,13,0,2,2021
2021-04-11,Pennsylvania,218655025,219439092.0,200342851.0,224021083.0,222570025.25,12427807.197946982,214987587.66666666,6,4,14,0,2,2021
2021-04-18,Pennsylvania,214838318,218655025.0,208783568.0,218799935.0,216162096.5,3581153.973110006,216419198.5,6,4,15,0,2,2021
2021-04-25,Pennsylvania,217674935,214838318.0,218227304.0,216568175.0,217651842.5,2009733.7534453622,217559240.5,6,4,16,1,2,2021
2021-05-02,Pennsylvania,228313605,217674935.0,249366612.0,219759186.0,219870470.75,5856812.638958058,219343061.25,6,5,17,0,2,2021
2021-05-09,Pennsylvania,231070674,228313605.0,240470033.0,215291299.0,222974383.0,7923318.3770205295,221574830.66666666,6,5,18,0,2,2021
2021-05-16,Pennsylvania,234583162,231070674.0,211715951.0,209727400.0,227910594.0,7290185.236590949,224428189.91666666,6,5,19,0,2,2021
2021-05-23,Pennsylvania,250456818,234583162.0,219439092.0,207682355.0,236106064.75,9905233.306841698,227900960.75,6,5,20,0,2,2021
2021-05-30,Pennsylvania,244453366,250456818.0,218655025.0,205040628.0,240141005.0,8910162.334987683,230086465.91666666,6,5,21,0,2,2021
2021-06-06,Pennsylvania,242433793,244453366.0,214838318.0,212199643.0,242981784.75,6554358.15618998,229508731.0,6,6,22,0,2,2021
2021-06-13,Pennsylvania,254850786,242433793.0,217674935.0,212590605.0,248048690.75,5672183.983945468,230707127.08333334,6,6,23,0,2,2021
2021-06-20,Pennsylvania,246575819,254850786.0,228313605.0,218627512.0,247078441.0,5450558.059301136,233612116.08333334,6,6,24,0,2,2021
2021-06-27,Pennsylvania,249632549,246575819.0,231070674.0,210388605.0,248373236.75,5229793.311932586,236128237.5,6,6,25,0,2,2021
2021-07-04,Pennsylvania,271012302,249632549.0,234583162.0,199752213.0,255517864.0,10879946.437141092,240491343.91666666,6,7,26,0,3,2021
2021-07-11,Pennsylvania,250707017,271012302.0,250456818.0,215637351.0,254481921.75,11158348.949600657,243480402.16666666,6,7,27,0,3,2021
2021-07-18,Pennsylvania,256160105,250707017.0,244453366.0,216383075.0,256877993.25,9846682.311617048,246687499.66666666,6,7,28,0,3,2021
2021-07-25,Pennsylvania,254291473,256160105.0,242433793.0,214323880.0,258042724.25,8937536.74215467,248852322.0,6,7,29,0,3,2021
2021-08-01,Pennsylvania,253933316,254291473.0,254850786.0,203326021.0,253772977.75,2265173.8348978884,250757542.16666666,6,8,30,0,3,2021
2021-08-08,Pennsylvania,248997322,253933316.0,246575819.0,203602343.0,253345554.0,3058814.9001767146,251958722.16666666,6,8,31,0,3,2021
2021-08-15,Pennsylvania,256219968,248997322.0,249632549.0,209376110.0,253360519.75,3077266.55750045,252438984.66666666,6,8,32,1,3,2021
2021-08-22,Pennsylvania,247056896,256219968.0,271012302.0,197658988.0,251551875.5,4250212.964600647,252655945.5,6,8,33,0,3,2021
2021-08-29,Pennsylvania,250825139,247056896.0,250707017.0,203994431.0,250774831.25,3942699.0227904376,253355224.33333334,6,8,34,0,3,2021
2021-09-05,Pennsylvania,247774680,250825139.0,256160105.0,206907756.0,250469170.75,4167424.535487036,252765548.83333334,6,9,35,0,3,2021
2021-09-12,Pennsylvania,240001312,247774680.0,254291473.0,204289441.0,246414506.75,4576952.369015076,252217673.25,6,9,36,0,3,2021
2021-09-19,Pennsylvania,238000028,240001312.0,253933316.0,200342851.0,244150289.75,6129968.818790412,251248296.5,6,9,37,0,3,2021
2021-09-26,Pennsylvania,233962532,238000028.0,248997322.0,208783568.0,239934638.0,5798835.225324002,248160815.66666666,6,9,38,0,3,2021
2021-10-03,Pennsylvania,341687183,233962532.0,256219968.0,218227304.0,263412763.75,52243353.868842766,255742496.16666666,6,10,39,0,4,2021
2021-10-10,Pennsylvania,339686180,341687183.0,247056896.0,249366612.0,288333980.75,60479676.46726244,262703002.41666666,6,10,40,0,4,2021
2021-10-17,Pennsylvania,328811498,339686180.0,250825139.0,240470033.0,311036848.25,51693376.84574561,268913004.5,6,10,41,0,4,2021
2021-10-24,Pennsylvania,323821417,328811498.0,247774680.0,211715951.0,333501569.5,8582070.428252574,274737012.9166667,6,10,42,0,4,2021
2021-10-31,Pennsylvania,319568517,323821417.0,240001312.0,219439092.0,327971903.0,8675110.675527379,280617945.8333333,6,10,43,0,4,2021
2021-11-07,Pennsylvania,325928183,319568517.0,238000028.0,218655025.0,324532403.75,3890352.2180138594,286426963.75,6,11,44,0,4,2021
2021-11-14,Pennsylvania,332654785,325928183.0,233962532.0,214838318.0,325493225.5,5458150.998567564,293560121.1666667,6,11,45,0,4,2021
2021-11-21,Pennsylvania,336849628,332654785.0,341687183.0,217674935.0,328750278.25,7596350.013563445,300728828.5833333,6,11,46,0,4,2021
2021-11-28,Pennsylvania,314228014,336849628.0,339686180.0,228313605.0,327415152.5,9875470.90535046,306266606.4166667,6,11,47,0,4,2021
2021-12-05,Pennsylvania,313904168,314228014.0,328811498.0,231070674.0,324409148.75,12066015.173377441,312425177.75,6,12,48,0,4,2021
2021-12-12,Pennsylvania,331752966,313904168.0,323821417.0,234583162.0,324183694.0,11867377.99950516,320237922.5833333,6,12,49,0,4,2021
2021-12-19,Pennsylvania,342758306,331752966.0,319568517.0,250456818.0,325660863.5,14122867.858909821,329304237.0833333,6,12,50,0,4,2021
2021-12-26,Pennsylvania,334393038,342758306.0,325928183.0,244453366.0,330702119.5,12141526.06085606,328696391.6666667,6,12,51,0,4,2021
2022-01-02,Pennsylvania,312074299,334393038.0,332654785.0,242433793.0,330244652.25,12990219.168075627,326395401.5833333,6,1,52,0,1,2022
2022-01-09,Pennsylvania,312566272,312074299.0,336849628.0,254850786.0,325447978.75,15539789.716902653,325041632.75,6,1,1,0,1,2022
2022-01-16,Pennsylvania,333199495,312566272.0,314228014.0,246575819.0,323058276.0,12410359.262529451,325823139.25,6,1,2,0,1,2022
2022-01-23,Pennsylvania,303324800,333199495.0,313904168.0,249632549.0,315291216.5,12671167.315535989,324469496.1666667,6,1,3,0,1,2022
2022-01-30,Pennsylvania,315496929,303324800.0,331752966.0,271012302.0,316146874.0,12495874.036611013,323600225.0,6,1,4,0,1,2022
2022-02-06,Pennsylvania,318740775,315496929.0,342758306.0,250707017.0,317690499.75,12285724.693150887,322440724.1666667,6,2,5,0,1,2022
2022-02-13,Pennsylvania,318755302,318740775.0,334393038.0,256160105.0,314079451.5,7331741.176088686,320932863.6666667,6,2,6,0,1,2022
2022-02-20,Pennsylvania,310961557,318755302.0,312074299.0,254291473.0,315988640.75,3685196.009118954,320660658.9166667,6,2,7,0,1,2022
2022-02-27,Pennsylvania,323065179,310961557.0,312566272.0,253933316.0,317880703.25,5041759.614125432,321424076.5,6,2,8,0,1,2022
2022-03-06,Pennsylvania,325893348,323065179.0,333199495.0,248997322.0,319668846.5,6504638.021298107,320935775.0,6,3,9,0,1,2022
2022-03-13,Pennsylvania,333847258,325893348.0,303324800.0,256219968.0,323441835.5,9490029.021692874,320193187.6666667,6,3,10,0,1,2022
2022-03-20,Pennsylvania,331014707,333847258.0,315496929.0,247056896.0,328455123.0,4873081.762261069,319911660.0833333,6,3,11,0,1,2022
2022-03-27,Pennsylvania,333173254,331014707.0,318740775.0,250825139.0,330982141.75,3601238.0437687957,321669906.3333333,6,3,12,0,1,2022
2022-04-03,Pennsylvania,341882200,333173254.0,318755302.0,247774680.0,334979354.75,4757847.808184612,324112900.3333333,6,4,13,0,2,2022
2022-04-10,Pennsylvania,343808866,341882200.0,310961557.0,240001312.0,337469756.75,6318796.422147746,324997014.5833333,6,4,14,0,2,2022
2022-04-17,Pennsylvania,355710750,343808866.0,323065179.0,238000028.0,343643767.5,9280339.382816229,329362510.4166667,6,4,15,0,2,2022
2022-04-24,Pennsylvania,334455035,355710750.0,325893348.0,233962532.0,343964212.75,8808414.69941543,330942352.5833333,6,4,16,0,2,2022
2022-05-01,Pennsylvania,352640398,334455035.0,333847258.0,341687183.0,346653762.25,9570287.62890624,333767321.1666667,6,5,17,0,2,2022
2022-05-08,Pennsylvania,354632334,352640398.0,331014707.0,339686180.0,349359629.25,10017460.148990951,336757073.8333333,6,5,18,0,2,2022
2022-05-15,Pennsylvania,361080994,354632334.0,333173254.0,328811498.0,350702190.25,11414790.115991963,340933693.5833333,6,5,19,0,2,2022
2022-05-22,Pennsylvania,382457636,361080994.0,341882200.0,323821417.0,362702840.5,13653670.514416419,345883065.0,6,5,20,0,2,2022
2022-05-29,Pennsylvania,373202808,382457636.0,343808866.0,319568517.0,367843443.0,12417213.156635404,349825520.0,6,5,21,0,2,2022
2022-06-05,Pennsylvania,373086334,373202808.0,355710750.0,325928183.0,372456943.0,8763152.472330911,353095443.0,6,6,22,0,2,2022
2022-06-12,Pennsylvania,373881703,373086334.0,334455035.0,332654785.0,375657120.25,4547223.014884535,356667692.6666667,6,6,23,0,2,2022
2022-06-19,Pennsylvania,369264643,373881703.0,352640398.0,336849628.0,372358872.0,2092422.54277542,359675308.4166667,6,6,24,0,2,2022
2022-06-26,Pennsylvania,376228591,369264643.0,354632334.0,314228014.0,373115317.75,2893000.332333027,362537507.6666667,6,6,25,0,2,2022
2022-07-03,Pennsylvania,400773833,376228591.0,361080994.0,313904168.0,380037192.5,14123875.51071595,367284588.25,6,7,26,0,3,2022
2022-07-10,Pennsylvania,374859760,400773833.0,382457636.0,331752966.0,380281706.75,13989617.409114983,368880339.0833333,6,7,27,1,3,2022
2022-07-17,Pennsylvania,385936571,374859760.0,373202808.0,342758306.0,384449688.75,11947687.167611245,373170467.0833333,6,7,28,0,3,2022
2022-07-24,Pennsylvania,380559276,385936571.0,373086334.0,334393038.0,385532360.0,11122077.75812458,375497040.25,6,7,29,0,3,2022
2022-07-31,Pennsylvania,379297749,380559276.0,373881703.0,312074299.0,380163339.0,4559392.141179072,377552491.5,6,7,30,0,3,2022
2022-08-07,Pennsylvania,380580838,379297749.0,369264643.0,312566272.0,381593608.5,2956791.161962314,379177478.5,6,8,31,0,3,2022
2022-08-14,Pennsylvania,383793267,380580838.0,376228591.0,333199495.0,381057782.5,1919772.3960135935,379288781.0833333,6,8,32,0,3,2022
2022-08-21,Pennsylvania,376642047,383793267.0,400773833.0,303324800.0,380078475.25,2970444.336755867,379575384.3333333,6,8,33,0,3,2022
2022-08-28,Pennsylvania,379061294,376642047.0,374859760.0,315496929.0,380019361.5,2993424.1903128964,380073297.6666667,6,8,34,0,3,2022
2022-09-04,Pennsylvania,378016232,379061294.0,385936571.0,318740775.0,379378210.0,3105625.868181823,380417841.75,6,9,35,0,3,2022
2022-09-11,Pennsylvania,363329344,378016232.0,380559276.0,318755302.0,374262229.25,7355611.724721581,379923233.5,6,9,36,0,3,2022
2022-09-18,Pennsylvania,365882492,363329344.0,379297749.0,310961557.0,371572340.5,8122592.554944124,379061058.5833333,6,9,37,0,3,2022
2022-09-25,Pennsylvania,358012520,365882492.0,380580838.0,323065179.0,366310147.0,8464654.259176616,375497615.8333333,6,9,38,0,3,2022
2022-10-02,Pennsylvania,358529095,358012520.0,383793267.0,325893348.0,361438362.75,3809038.910603632,374136727.0833333,6,10,39,1,4,2022
2022-10-09,Pennsylvania,356804664,358529095.0,376642047.0,333847258.0,359807192.75,4114155.401771531,371709068.1666667,6,10,40,1,4,2022
2022-10-16,Pennsylvania,352411073,356804664.0,379061294.0,331014707.0,356439338.0,2781029.0613773926,369363384.5833333,6,10,41,0,4,2022
2022-10-23,Pennsylvania,345996550,352411073.0,378016232.0,333173254.0,353435345.5,5588184.075000628,366588284.6666667,6,10,42,0,4,2022
2022-10-30,Pennsylvania,343415692,345996550.0,363329344.0,341882200.0,349656994.75,6083497.856208537,363491189.1666667,6,10,43,0,4,2022
2022-11-06,Pennsylvania,347145076,343415692.0,365882492.0,343808866.0,347242097.75,3782436.9797019954,360437173.25,6,11,44,0,4,2022
2022-11-13,Pennsylvania,351470197,347145076.0,358012520.0,355710750.0,347006878.75,3359449.0985450507,358339519.0833333,6,11,45,0,4,2022
2022-11-20,Pennsylvania,353253113,351470197.0,358529095.0,334455035.0,348821019.5,4422968.317645957,356188837.3333333,6,11,46,0,4,2022
2022-11-27,Pennsylvania,350124372,353253113.0,356804664.0,352640398.0,350498189.5,2576658.801503723,353864515.6666667,6,11,47,0,4,2022
2022-12-04,Pennsylvania,329211860,350124372.0,352411073.0,354632334.0,346014885.5,11275074.370059587,351021392.0,6,12,48,0,4,2022
2022-12-11,Pennsylvania,349630225,329211860.0,345996550.0,361080994.0,345554892.5,11012807.514422406,349667036.4166667,6,12,49,0,4,2022
2022-12-18,Pennsylvania,360122297,349630225.0,343415692.0,382457636.0,347272188.5,12974282.778413247,349842851.1666667,6,12,50,0,4,2022
2022-12-25,Pennsylvania,373269582,360122297.0,347145076.0,373202808.0,353058491.0,18608245.237285152,351071225.0833333,6,12,51,1,4,2022
2023-01-01,Pennsylvania,330275163,373269582.0,351470197.0,373086334.0,353324316.75,18156137.105864115,348860433.3333333,6,1,52,0,1,2023
2023-01-08,Pennsylvania,330468915,330275163.0,353253113.0,373881703.0,348533989.25,21647710.18597785,347031920.1666667,6,1,1,0,1,2023
2023-01-15,Pennsylvania,341977684,330468915.0,350124372.0,369264643.0,343997836.0,20267047.027796894,346697014.6666667,6,1,2,0,1,2023
2023-01-22,Pennsylvania,325217205,341977684.0,329211860.0,376228591.0,331984741.75,7091751.986472377,345180474.0833333,6,1,3,0,1,2023
2023-01-29,Pennsylvania,330353612,325217205.0,349630225.0,400773833.0,332004354.0,7085553.963532372,343781185.4166667,6,1,4,0,1,2023
2023-02-05,Pennsylvania,335036733,330353612.0,360122297.0,374859760.0,333146308.5,7123593.055638588,342411730.0833333,6,2,5,0,1,2023
2023-02-12,Pennsylvania,345049291,335036733.0,373269582.0,385936571.0,333914210.25,8437334.508988816,341728078.25,6,2,6,0,1,2023
2023-02-19,Pennsylvania,337598545,345049291.0,330275163.0,380559276.0,337009545.25,6142145.87996602,340684259.3333333,6,2,7,0,1,2023
2023-02-26,Pennsylvania,342074422,337598545.0,330468915.0,379297749.0,339939747.75,4479027.064462418,341756139.5,6,2,8,0,1,2023
2023-03-05,Pennsylvania,354015329,342074422.0,341977684.0,380580838.0,344684396.75,6933510.599169574,342121564.8333333,6,3,9,0,1,2023
2023-03-12,Pennsylvania,382958015,354015329.0,325217205.0,383793267.0,354161577.75,20409879.756238945,344024541.3333333,6,3,10,0,1,2023
2023-03-19,Pennsylvania,373630833,382958015.0,330353612.0,376642047.0,363169649.75,18527690.776022613,344054645.5833333,6,3,11,0,1,2023
2023-03-26,Pennsylvania,341287098,373630833.0,335036733.0,379061294.0,362972818.75,18828245.129525963,344972306.8333333,6,3,12,0,1,2023
2023-04-02,Pennsylvania,352480721,341287098.0,345049291.0,378016232.0,362589166.75,19085484.72110274,346806624.0,6,4,13,0,2,2023
2023-04-09,Pennsylvania,364103216,352480721.0,337598545.0,363329344.0,357875467.0,14039155.789975833,348650418.3333333,6,4,14,0,2,2023
2023-04-16,Pennsylvania,370426792,364103216.0,342074422.0,365882492.0,357074456.75,12884505.134267343,352417883.9166667,6,4,15,0,2,2023
2023-04-23,Pennsylvania,359074415,370426792.0,354015329.0,358012520.0,361521286.0,7609060.232179434,354811284.1666667,6,4,16,0,2,2023
2023-04-30,Pennsylvania,361037223,359074415.0,382958015.0,358529095.0,363660411.5,4962944.781093395,356977991.6666667,6,4,17,0,2,2023
2023-05-07,Pennsylvania,370133894,361037223.0,373630833.0,356804664.0,365168081.0,5958469.973301633,359068375.25,6,5,18,0,2,2023
2020-05-03,Rhode Island,15581453,14217016.0,16069508.0,14853671.0,14697557.25,771185.8630094198,14886079.666666666,6,5,18,0,2,2020
2020-05-10,Rhode Island,15969129,15581453.0,17031395.0,13852111.0,14918959.25,1009295.8308617533,15113046.916666666,6,5,19,0,2,2020
2020-05-17,Rhode Island,15895282,15969129.0,14606410.0,13265842.0,15415720.0,816619.0339911671,15316713.666666666,6,5,20,0,2,2020
2020-05-24,Rhode Island,16903672,15895282.0,15614828.0,13320632.0,16087384.0,569555.2941064344,15534473.25,6,5,21,0,2,2020
2020-05-31,Rhode Island,17519944,16903672.0,15083521.0,13856303.0,16572006.75,781025.9997171994,15700033.083333334,6,5,22,0,2,2020
2020-06-07,Rhode Island,17506767,17519944.0,13908239.0,14151732.0,16956416.25,763596.1684635738,15819804.666666666,6,6,23,0,2,2020
2020-06-14,Rhode Island,17243950,17506767.0,14217016.0,13802172.0,17293583.25,289356.0337408747,15837517.583333334,6,6,24,0,2,2020
2020-06-21,Rhode Island,17104333,17243950.0,15581453.0,14064840.0,17343748.5,204041.99551807993,16045677.833333334,6,6,25,0,2,2020
2020-06-28,Rhode Island,17784393,17104333.0,15969129.0,13851887.0,17409860.75,300299.19001153397,16226474.916666666,6,6,26,0,2,2020
2020-07-05,Rhode Island,19947248,17784393.0,15895282.0,14346931.0,18019981.0,1317889.1162129939,16631785.5,6,7,27,0,3,2020
2020-07-12,Rhode Island,17818041,19947248.0,16903672.0,13660736.0,18163503.75,1233782.220040845,16957602.333333332,6,7,28,0,3,2020
2020-07-19,Rhode Island,17530224,17818041.0,17519944.0,14871015.0,18269976.5,1125538.4604121705,17233703.0,6,7,29,0,3,2020
2020-07-26,Rhode Island,17701064,17530224.0,17506767.0,14479431.0,18249144.25,1138221.5139161544,17410337.25,6,7,30,0,3,2020
2020-08-02,Rhode Island,18638117,17701064.0,17243950.0,14508723.0,17921861.5,491911.95178032905,17632752.916666668,6,8,31,0,3,2020
2020-08-09,Rhode Island,18287971,18638117.0,17104333.0,13460213.0,18039344.0,514451.4954324326,17832143.666666668,6,8,32,0,3,2020
2020-08-16,Rhode Island,17104953,18287971.0,17784393.0,13821909.0,17933026.25,673956.1148123194,17848917.083333332,6,8,33,0,3,2020
2020-08-23,Rhode Island,16266953,17104953.0,19947248.0,13665331.0,17574498.5,1090943.8624327406,17744501.166666668,6,8,34,0,3,2020
2020-08-30,Rhode Island,16170664,16266953.0,17818041.0,13718697.0,16957635.25,981132.2449063207,17633159.25,6,8,35,1,3,2020
2020-09-06,Rhode Island,17064048,16170664.0,17530224.0,14421601.0,16651654.5,501629.0243254136,17618167.416666668,6,9,36,0,3,2020
2020-09-13,Rhode Island,15562258,17064048.0,17701064.0,13245522.0,16265980.75,616772.0466241286,17489661.166666668,6,9,37,0,3,2020
2020-09-20,Rhode Island,14909112,15562258.0,18638117.0,13451281.0,15926520.5,916766.4345635332,17250054.416666668,6,9,38,0,3,2020
2020-09-27,Rhode Island,15194353,14909112.0,18287971.0,14290557.0,15682442.75,959088.0206235417,16853979.833333332,6,9,39,0,3,2020
2020-10-04,Rhode Island,15666300,15194353.0,17104953.0,15533226.0,15333005.75,347635.8955309173,16674668.083333334,6,10,40,0,4,2020
2020-10-11,Rhode Island,14882506,15666300.0,16266953.0,16069508.0,15163067.75,363973.3886008467,16454024.916666666,6,10,41,0,4,2020
2020-10-18,Rhode Island,14269881,14882506.0,16170664.0,17031395.0,15003260.0,585538.1747890848,16168093.0,6,10,42,0,4,2020
2020-10-25,Rhode Island,14485540,14269881.0,17064048.0,14606410.0,14826056.75,614946.7074239709,15822044.916666666,6,10,43,1,4,2020
2020-11-01,Rhode Island,14239757,14485540.0,15562258.0,15614828.0,14469421.0,296344.84635415213,15484693.75,6,11,44,0,4,2020
2020-11-08,Rhode Island,15522272,14239757.0,14909112.0,15083521.0,14629362.5,605252.4765663219,15352803.666666666,6,11,45,0,4,2020
2020-11-15,Rhode Island,14661992,15522272.0,15194353.0,13908239.0,14727390.25,557491.9005440791,15219056.916666666,6,11,46,0,4,2020
2020-11-22,Rhode Island,14731990,14661992.0,15666300.0,14217016.0,14789002.75,535019.2741595852,15099167.416666666,6,11,47,0,4,2020
2020-11-29,Rhode Island,15360322,14731990.0,14882506.0,15581453.0,15069144.0,435719.781085657,14957190.25,6,11,48,0,4,2020
2020-12-06,Rhode Island,14258437,15360322.0,14269881.0,15969129.0,14753185.25,455395.91256647196,14848538.5,6,12,49,0,4,2020
2020-12-13,Rhode Island,14656353,14258437.0,14485540.0,15895282.0,14751775.5,455780.8822087646,14827475.25,6,12,50,0,4,2020
2020-12-20,Rhode Island,15210314,14656353.0,14239757.0,16903672.0,14871356.5,508552.28033080976,14828805.333333334,6,12,51,0,4,2020
2020-12-27,Rhode Island,15734816,15210314.0,15522272.0,17519944.0,14964980.0,644797.093260094,14834515.0,6,12,52,0,4,2020
2021-01-03,Rhode Island,14645230,15734816.0,14661992.0,17506767.0,15061678.25,520552.5013127076,14814742.0,6,1,53,0,1,2021
2021-01-10,Rhode Island,14421115,14645230.0,14731990.0,17243950.0,15002868.75,590232.499294628,14827344.833333334,6,1,1,0,1,2021
2021-01-17,Rhode Island,14687264,14421115.0,15360322.0,17104333.0,14872106.25,586884.6310592766,14844155.166666666,6,1,2,0,1,2021
2021-01-24,Rhode Island,14649492,14687264.0,14258437.0,17784393.0,14600775.25,121254.08011657458,14878299.75,6,1,3,0,1,2021
2021-01-31,Rhode Island,14322677,14649492.0,14656353.0,19947248.0,14520137.0,176503.02947164018,14778333.5,6,1,4,0,1,2021
2021-02-07,Rhode Island,15657542,14322677.0,15210314.0,17818041.0,14829243.75,575950.4620470842,14861296.0,6,2,5,0,1,2021
2021-02-14,Rhode Island,14493827,15657542.0,15734816.0,17530224.0,14780884.5,599485.4690273984,14841449.083333334,6,2,6,0,1,2021
2021-02-21,Rhode Island,14463612,14493827.0,14645230.0,17701064.0,14734414.5,619921.6319624601,14766723.25,6,2,7,0,1,2021
2021-02-28,Rhode Island,14868786,14463612.0,14421115.0,18638117.0,14870941.75,555841.0025839971,14817585.666666666,6,2,8,0,1,2021
2021-03-07,Rhode Island,16310885,14868786.0,14687264.0,18287971.0,15034277.5,870796.5704780498,14955463.333333334,6,3,9,0,1,2021
2021-03-14,Rhode Island,17329532,16310885.0,14649492.0,17104953.0,15743203.75,1321698.4989692557,15132064.833333334,6,3,10,0,1,2021
2021-03-21,Rhode Island,18108325,17329532.0,14322677.0,16266953.0,16654382.0,1399538.1421471394,15329857.25,6,3,11,0,1,2021
2021-03-28,Rhode Island,15849364,18108325.0,15657542.0,16170664.0,16899526.5,1015781.9049974916,15430201.75,6,3,12,0,1,2021
2021-04-04,Rhode Island,16257946,15849364.0,14493827.0,17064048.0,16886291.75,1026298.3197863327,15583271.0,6,4,13,0,2,2021
2021-04-11,Rhode Island,16436425,16257946.0,14463612.0,15562258.0,16663015.0,994379.6841518835,15729034.416666666,6,4,14,0,2,2021
2021-04-18,Rhode Island,15576968,16436425.0,14868786.0,14909112.0,16030175.75,389447.42628017155,15806324.083333334,6,4,15,0,2,2021
2021-04-25,Rhode Island,16104316,15576968.0,16310885.0,15194353.0,16093913.75,370387.9275681777,15954794.0,6,4,16,1,2,2021
2021-05-02,Rhode Island,16583194,16104316.0,17329532.0,15666300.0,16175225.75,446319.6422926618,16031931.666666666,6,5,17,0,2,2021
2021-05-09,Rhode Island,17442900,16583194.0,18108325.0,14882506.0,16426844.5,792281.2303290203,16277687.75,6,5,18,0,2,2021
2021-05-16,Rhode Island,17397104,17442900.0,15849364.0,14269881.0,16881878.5,651669.2185608174,16522145.416666666,6,5,19,0,2,2021
2021-05-23,Rhode Island,18587102,17397104.0,16257946.0,14485540.0,17502575.0,823841.7069550839,16832005.083333332,6,5,20,0,2,2021
2021-05-30,Rhode Island,18426786,18587102.0,16436425.0,14239757.0,17963473.0,631226.8895043475,17008330.166666668,6,5,21,0,2,2021
2021-06-06,Rhode Island,18711194,18426786.0,15576968.0,15522272.0,18280546.5,600358.278031544,17123468.666666668,6,6,22,0,2,2021
2021-06-13,Rhode Island,19207115,18711194.0,16104316.0,14661992.0,18733049.25,336805.465790345,17215034.5,6,6,23,0,2,2021
2021-06-20,Rhode Island,18857727,19207115.0,16583194.0,14731990.0,18800705.5,324678.42257891834,17465731.416666668,6,6,24,0,2,2021
2021-06-27,Rhode Island,18958249,18857727.0,17442900.0,15360322.0,18933571.25,208677.7148976818,17690756.666666668,6,6,25,0,2,2021
2021-07-04,Rhode Island,19914190,18958249.0,17397104.0,14258437.0,19234320.25,476445.4545957157,17980570.416666668,6,7,26,0,3,2021
2021-07-11,Rhode Island,18920025,19914190.0,18587102.0,14656353.0,19162547.75,502804.476622459,18259158.5,6,7,27,0,3,2021
2021-07-18,Rhode Island,17901416,18920025.0,18426786.0,15210314.0,18923470.0,822058.7862559883,18408916.833333332,6,7,28,0,3,2021
2021-07-25,Rhode Island,19150496,17901416.0,18711194.0,15734816.0,18971531.75,830348.0079189199,18622858.666666668,6,7,29,0,3,2021
2021-08-01,Rhode Island,19169356,19150496.0,19207115.0,14645230.0,18785323.25,600074.6838160383,18766730.0,6,8,30,0,3,2021
2021-08-08,Rhode Island,19610358,19169356.0,18857727.0,14421115.0,18957906.5,735678.0869834769,18951167.833333332,6,8,31,0,3,2021
2021-08-15,Rhode Island,18919593,19610358.0,18958249.0,14687264.0,19212450.75,288554.6683401919,18978875.416666668,6,8,32,1,3,2021
2021-08-22,Rhode Island,18521347,18919593.0,19914190.0,14649492.0,19055163.5,456296.7879312045,18986755.5,6,8,33,0,3,2021
2021-08-29,Rhode Island,17802863,18521347.0,18920025.0,14322677.0,18713540.25,755647.870265587,18911061.25,6,8,34,0,3,2021
2021-09-05,Rhode Island,18013919,17802863.0,17901416.0,15657542.0,18314430.5,503668.0646573371,18811628.25,6,9,35,0,3,2021
2021-09-12,Rhode Island,17732145,18013919.0,19150496.0,14493827.0,18017568.5,356544.11695001763,18717829.75,6,9,36,0,3,2021
2021-09-19,Rhode Island,16507187,17732145.0,19169356.0,14463612.0,17514028.5,681816.3227915568,18513574.583333332,6,9,37,0,3,2021
2021-09-26,Rhode Island,16466648,16507187.0,19610358.0,14868786.0,17179974.75,808668.330427407,18226279.416666668,6,9,38,0,3,2021
2021-10-03,Rhode Island,23725178,16466648.0,18919593.0,16310885.0,18607789.5,3461764.2966335826,18626708.833333332,6,10,39,0,4,2021
2021-10-10,Rhode Island,23868671,23725178.0,18521347.0,17329532.0,20141921.0,4220873.494346638,19123980.083333332,6,10,40,0,4,2021
2021-10-17,Rhode Island,22798438,23868671.0,17802863.0,18108325.0,21714733.75,3530729.4194503566,19427975.25,6,10,41,0,4,2021
2021-10-24,Rhode Island,22549742,22798438.0,18013919.0,15849364.0,23235507.25,658781.0170111533,19709674.083333332,6,10,42,0,4,2021
2021-10-31,Rhode Island,22111739,22549742.0,17732145.0,16257946.0,22832147.5,747051.6648231231,19918122.5,6,10,43,0,4,2021
2021-11-07,Rhode Island,23698831,22111739.0,16507187.0,16436425.0,22789687.5,669279.8334690306,20316392.333333332,6,11,44,0,4,2021
2021-11-14,Rhode Island,23191647,23698831.0,16466648.0,15576968.0,22887989.75,699201.4553366695,20705584.0,6,11,45,0,4,2021
2021-11-21,Rhode Island,23742344,23191647.0,23725178.0,16104316.0,23186140.25,758635.3509090627,21200540.75,6,11,46,0,4,2021
2021-11-28,Rhode Island,22516816,23742344.0,23868671.0,16583194.0,23287409.5,571319.4811431399,21575782.166666668,6,11,47,0,4,2021
2021-12-05,Rhode Island,22869123,22516816.0,22798438.0,17442900.0,23079982.5,520515.7547103321,22003863.666666668,6,12,48,0,4,2021
2021-12-12,Rhode Island,23300978,22869123.0,22549742.0,17397104.0,23107315.25,531096.8795096772,22570012.916666668,6,12,49,0,4,2021
2021-12-19,Rhode Island,24223428,23300978.0,22111739.0,18587102.0,23227586.25,737287.2325619891,23216411.25,6,12,50,0,4,2021
2021-12-26,Rhode Island,24309917,24223428.0,23698831.0,18426786.0,23675861.5,705506.9323914065,23265139.5,6,12,51,0,4,2021
2022-01-02,Rhode Island,22264587,24309917.0,23191647.0,18711194.0,23524727.5,956159.4807877672,23131465.833333332,6,1,52,0,1,2022
2022-01-09,Rhode Island,22772787,22264587.0,23742344.0,19207115.0,23392679.75,1030910.1321600488,23129328.25,6,1,1,0,1,2022
2022-01-16,Rhode Island,22890137,22772787.0,22516816.0,18857727.0,23059357.0,876796.7152842974,23157694.5,6,1,2,0,1,2022
2022-01-23,Rhode Island,22572809,22890137.0,22869123.0,18958249.0,22625080.0,273715.19966807414,23196117.0,6,1,3,0,1,2022
2022-01-30,Rhode Island,23319592,22572809.0,23300978.0,19914190.0,22888831.25,315643.71221191366,23164513.75,6,1,4,0,1,2022
2022-02-06,Rhode Island,23357314,23319592.0,24223428.0,18920025.0,23034963.0,373936.14643590397,23178319.333333332,6,2,5,0,1,2022
2022-02-13,Rhode Island,22953702,23357314.0,24309917.0,17901416.0,23050854.25,367016.51977931074,23112599.166666668,6,2,6,0,1,2022
2022-02-20,Rhode Island,22272307,22953702.0,22264587.0,19150496.0,22975728.75,503036.3054514561,23092223.416666668,6,2,7,0,1,2022
2022-02-27,Rhode Island,22907791,22272307.0,22772787.0,19169356.0,22872778.5,448373.04449197295,23095445.75,6,2,8,0,1,2022
2022-03-06,Rhode Island,24059181,22907791.0,22890137.0,19610358.0,23048245.25,742234.7070176548,23158629.333333332,6,3,9,0,1,2022
2022-03-13,Rhode Island,23462552,24059181.0,22572809.0,18919593.0,23175457.75,763918.9872525209,23095223.0,6,3,10,0,1,2022
2022-03-20,Rhode Island,23950719,23462552.0,23319592.0,18521347.0,23595060.75,526560.7515898969,23065289.833333332,6,3,11,0,1,2022
2022-03-27,Rhode Island,23741771,23950719.0,23357314.0,17802863.0,23803555.75,262743.3497000133,23188388.5,6,3,12,0,1,2022
2022-04-03,Rhode Island,25065172,23741771.0,22953702.0,18013919.0,24055053.5,702478.7124274066,23379420.583333332,6,4,13,0,2,2022
2022-04-10,Rhode Island,25080892,25065172.0,22272307.0,17732145.0,24459638.5,713432.906427554,23561983.5,6,4,14,0,2,2022
2022-04-17,Rhode Island,23816899,25080892.0,22907791.0,16507187.0,24426183.5,747573.3175194259,23665657.666666668,6,4,15,0,2,2022
2022-04-24,Rhode Island,23825887,23816899.0,24059181.0,16466648.0,24447212.5,722671.925932508,23707848.916666668,6,4,16,0,2,2022
2022-05-01,Rhode Island,25106485,23825887.0,23462552.0,23725178.0,24457540.75,734643.6170499614,23853613.166666668,6,5,17,0,2,2022
2022-05-08,Rhode Island,26216069,25106485.0,23950719.0,23868671.0,24741335.0,1154816.2699546625,24125477.083333332,6,5,18,0,2,2022
2022-05-15,Rhode Island,26284223,26216069.0,23741771.0,22798438.0,25358166.0,1155393.3506617278,24459803.416666668,6,5,19,0,2,2022
2022-05-22,Rhode Island,27833790,26284223.0,25065172.0,22549742.0,26360141.75,1120983.9465759161,24870303.333333332,6,5,20,0,2,2022
2022-05-29,Rhode Island,27658681,27833790.0,25080892.0,22111739.0,26998190.75,867167.3919162997,25170261.666666668,6,5,21,0,2,2022
2022-06-05,Rhode Island,28181142,27658681.0,23816899.0,23698831.0,27489459.0,832309.8603745287,25563477.5,6,6,22,0,2,2022
2022-06-12,Rhode Island,28026795,28181142.0,23825887.0,23191647.0,27925102.0,227461.33622662383,25903150.5,6,6,23,0,2,2022
2022-06-19,Rhode Island,27233550,28026795.0,25106485.0,23742344.0,27775042.0,422315.1474882247,26194132.083333332,6,6,24,0,2,2022
2022-06-26,Rhode Island,27730959,27233550.0,26216069.0,22516816.0,27793111.5,417192.0631399895,26416281.0,6,6,25,0,2,2022
2022-07-03,Rhode Island,31263263,27730959.0,26284223.0,22869123.0,28563641.75,1829267.9730794642,26931478.583333332,6,7,26,0,3,2022
2022-07-10,Rhode Island,29295752,31263263.0,27833790.0,23300978.0,28880881.0,1815110.8295096841,27388049.666666668,6,7,27,1,3,2022
2022-07-17,Rhode Island,27964640,29295752.0,27658681.0,24223428.0,29063653.5,1620293.9002647023,27732945.75,6,7,28,0,3,2022
2022-07-24,Rhode Island,29127141,27964640.0,28181142.0,24309917.0,29412699.0,1368293.5793352248,28068000.416666668,6,7,29,0,3,2022
2022-07-31,Rhode Island,29307271,29127141.0,28026795.0,22264587.0,28923701.0,644653.3246177103,28325600.583333332,6,7,30,0,3,2022
2022-08-07,Rhode Island,30340206,29307271.0,27233550.0,22772787.0,29184814.5,973323.713830947,28663599.166666668,6,8,31,0,3,2022
2022-08-14,Rhode Island,28191073,30340206.0,27730959.0,22890137.0,29241422.75,880900.2096750707,28693372.75,6,8,32,0,3,2022
2022-08-21,Rhode Island,28164176,28191073.0,31263263.0,22572809.0,29000681.5,1039796.5157364528,28735497.333333332,6,8,33,0,3,2022
2022-08-28,Rhode Island,27354433,28164176.0,29295752.0,23319592.0,28512472.0,1278837.143800831,28666604.916666668,6,8,34,0,3,2022
2022-09-04,Rhode Island,28296567,27354433.0,27964640.0,23357314.0,28001562.25,435186.4063374643,28689085.916666668,6,9,35,0,3,2022
2022-09-11,Rhode Island,26219165,28296567.0,29127141.0,22953702.0,27508585.25,955175.7198039095,28604553.833333332,6,9,36,0,3,2022
2022-09-18,Rhode Island,25401322,26219165.0,29307271.0,22272307.0,26817871.75,1270105.059184049,28410417.416666668,6,9,37,0,3,2022
2022-09-25,Rhode Island,24647727,25401322.0,30340206.0,22907791.0,26141195.25,1573696.974477271,27859122.75,6,9,38,0,3,2022
2022-10-02,Rhode Island,24908515,24647727.0,28191073.0,24059181.0,25294182.25,691306.8859782295,27493519.666666668,6,10,39,1,4,2022
2022-10-09,Rhode Island,25367581,24908515.0,28164176.0,23462552.0,25081286.25,366156.20220644935,27277098.083333332,6,10,40,1,4,2022
2022-10-16,Rhode Island,24305334,25367581.0,27354433.0,23950719.0,24807289.25,447806.7597408327,26875280.833333332,6,10,41,0,4,2022
2022-10-23,Rhode Island,24293167,24305334.0,28296567.0,23741771.0,24718649.25,519302.7569503658,26457438.833333332,6,10,42,0,4,2022
2022-10-30,Rhode Island,23709244,24293167.0,26219165.0,25065172.0,24418831.5,690968.7120203064,25904858.666666668,6,10,43,0,4,2022
2022-11-06,Rhode Island,25600521,23709244.0,25401322.0,25080892.0,24477066.5,798960.2582383772,25688979.333333332,6,11,44,0,4,2022
2022-11-13,Rhode Island,24777328,25600521.0,24647727.0,23816899.0,24595065.0,799996.4198982398,25406742.0,6,11,45,0,4,2022
2022-11-20,Rhode Island,24545419,24777328.0,24908515.0,23825887.0,24658128.0,777902.601141043,25172657.5,6,11,46,0,4,2022
2022-11-27,Rhode Island,25523523,24545419.0,25367581.0,25106485.0,25111697.75,529472.3658809622,24941570.5,6,11,47,0,4,2022
2022-12-04,Rhode Island,24246399,25523523.0,24305334.0,26216069.0,24773167.25,545406.6122275966,24777173.333333332,6,12,48,0,4,2022
2022-12-11,Rhode Island,25189012,24246399.0,24293167.0,26284223.0,24876088.25,583935.9934338558,24759480.833333332,6,12,49,0,4,2022
2022-12-18,Rhode Island,25134440,25189012.0,23709244.0,27833790.0,25023343.5,545774.9146870599,24800040.25,6,12,50,0,4,2022
2022-12-25,Rhode Island,27164719,25134440.0,25600521.0,27658681.0,25433642.5,1232279.621227937,24988057.25,6,12,51,1,4,2022
2023-01-01,Rhode Island,23545999,27164719.0,24777328.0,28181142.0,25258542.5,1481727.5963641228,24836258.75,6,1,52,0,1,2023
2023-01-08,Rhode Island,24992025,23545999.0,24545419.0,28026795.0,25209295.75,1488068.785071751,24893483.0,6,1,1,0,1,2023
2023-01-15,Rhode Island,23889254,24992025.0,25523523.0,27233550.0,24897999.25,1632210.2521939133,24859823.583333332,6,1,2,0,1,2023
2023-01-22,Rhode Island,23757841,23889254.0,24246399.0,27730959.0,24046279.75,646160.1724502355,24863873.333333332,6,1,3,0,1,2023
2023-01-29,Rhode Island,24385607,23757841.0,25189012.0,31263263.0,24256181.75,560117.743794033,24762630.5,6,1,4,0,1,2023
2023-02-05,Rhode Island,24833609,24385607.0,25134440.0,29295752.0,24216577.75,492232.56493475864,24767320.583333332,6,2,5,0,1,2023
2023-02-12,Rhode Island,24628163,24833609.0,27164719.0,27964640.0,24401305.0,466420.2851077568,24774215.916666668,6,2,6,0,1,2023
2023-02-19,Rhode Island,24154151,24628163.0,23545999.0,29127141.0,24500382.5,294628.25360952935,24660101.583333332,6,2,7,0,1,2023
2023-02-26,Rhode Island,24253798,24154151.0,24992025.0,29307271.0,24467430.25,318174.22931194655,24660718.166666668,6,2,8,0,1,2023
2023-03-05,Rhode Island,26251443,24253798.0,23889254.0,30340206.0,24821888.75,974637.6801862923,24749254.083333332,6,3,9,0,1,2023
2023-03-12,Rhode Island,27144883,26251443.0,23757841.0,28191073.0,25451068.75,1486052.7752670555,24916791.0,6,3,10,0,1,2023
2023-03-19,Rhode Island,27579680,27144883.0,24385607.0,28164176.0,26307451.0,1476537.2242218163,24951371.083333332,6,3,11,0,1,2023
2023-03-26,Rhode Island,25041537,27579680.0,24833609.0,27354433.0,26504385.75,1121071.058035536,25075999.25,6,3,12,0,1,2023
2023-04-02,Rhode Island,25506948,25041537.0,24628163.0,28296567.0,26318262.0,1233252.445174412,25118909.5,6,4,13,0,2,2023
2023-04-09,Rhode Island,27104665,25506948.0,24154151.0,26219165.0,26308207.5,1224398.8742063046,25386860.416666668,6,4,14,0,2,2023
2023-04-16,Rhode Island,26660282,27104665.0,24253798.0,25401322.0,26078358.0,964960.9273896358,25628730.5,6,4,15,0,2,2023
2023-04-23,Rhode Island,26266039,26660282.0,26251443.0,24647727.0,26384483.5,677943.9157936784,25785433.166666668,6,4,16,0,2,2023
2023-04-30,Rhode Island,26462619,26266039.0,27144883.0,24908515.0,26623401.25,358949.25194923626,25921184.0,6,4,17,0,2,2023
2023-05-07,Rhode Island,28258432,26462619.0,27579680.0,25367581.0,26911843.0,912039.816425065,26223706.416666668,6,5,18,0,2,2023
2020-05-03,South Carolina,116196588,108820075.0,121301348.0,114383017.0,110486650.0,3818623.1541974163,108092392.75,6,5,18,0,2,2020
2020-05-10,South Carolina,115219472,116196588.0,115236524.0,107997409.0,112098141.25,4196140.183996343,109517246.08333333,6,5,19,0,2,2020
2020-05-17,South Carolina,118588431,115219472.0,105584122.0,102885416.0,114706141.5,4171446.175122198,111347589.33333333,6,5,20,0,2,2020
2020-05-24,South Carolina,122171669,118588431.0,109700821.0,98847771.0,118044040.0,3094346.7809027587,112972316.58333333,6,5,21,0,2,2020
2020-05-31,South Carolina,118551509,122171669.0,108773507.0,101518325.0,118632770.25,2839188.772991712,114025041.33333333,6,5,22,0,2,2020
2020-06-07,South Carolina,122039883,118551509.0,108156430.0,101041837.0,120337873.0,2042163.0249628155,114086585.91666667,6,6,23,0,2,2020
2020-06-14,South Carolina,118707107,122039883.0,108820075.0,98576580.0,120367542.0,2008865.2600181885,114375801.16666667,6,6,24,0,2,2020
2020-06-21,South Carolina,119479062,118707107.0,116196588.0,100831193.0,119694390.25,1615405.8584849578,115533712.83333333,6,6,25,0,2,2020
2020-06-28,South Carolina,126408582,119479062.0,115219472.0,97713917.0,121658658.5,3472242.432742698,116926026.25,6,6,26,0,2,2020
2020-07-05,South Carolina,132593655,126408582.0,118588431.0,99273973.0,124297101.5,6525659.430633116,118911038.58333333,6,7,27,0,3,2020
2020-07-12,South Carolina,122574667,132593655.0,122171669.0,97227124.0,125263991.5,5648950.640670435,120112558.33333333,6,7,28,0,3,2020
2020-07-19,South Carolina,129859709,122574667.0,118551509.0,106241375.0,127859153.25,4337729.1296782065,121865861.16666667,6,7,29,0,3,2020
2020-07-26,South Carolina,124835596,129859709.0,122039883.0,97728797.0,127465906.75,4577730.597178349,122585778.5,6,7,30,0,3,2020
2020-08-02,South Carolina,125876673,124835596.0,118707107.0,96859134.0,125786661.25,3045173.9009296065,123473878.58333333,6,8,31,0,3,2020
2020-08-09,South Carolina,125700126,125876673.0,119479062.0,97732879.0,126568026.0,2241109.1047364445,124066519.83333333,6,8,32,0,3,2020
2020-08-16,South Carolina,126603502,125700126.0,126408582.0,96976761.0,125753974.25,726422.8854169586,124435839.25,6,8,33,0,3,2020
2020-08-23,South Carolina,120757152,126603502.0,132593655.0,93453835.0,124734363.25,2680140.434635872,124619642.83333333,6,8,34,0,3,2020
2020-08-30,South Carolina,126932494,120757152.0,122574667.0,97486877.0,124998318.5,2875046.433320729,125027360.41666667,6,8,35,1,3,2020
2020-09-06,South Carolina,123513393,126932494.0,129859709.0,99428920.0,124451635.25,2904863.487981406,125427884.25,6,9,36,0,3,2020
2020-09-13,South Carolina,120250377,123513393.0,124835596.0,98121232.0,122863354.0,3068343.0223522773,125492160.5,6,9,37,0,3,2020
2020-09-20,South Carolina,114240209,120250377.0,125876673.0,96624312.0,121234118.25,5402132.079662697,124478129.41666667,6,9,38,0,3,2020
2020-09-27,South Carolina,114367165,114240209.0,125700126.0,102674942.0,118092786.0,4573867.09281835,122959255.25,6,9,39,0,3,2020
2020-10-04,South Carolina,118393333,114367165.0,126603502.0,105918812.0,116812771.0,2995239.2891698293,122610810.75,6,10,40,0,4,2020
2020-10-11,South Carolina,115546164,118393333.0,120757152.0,121301348.0,115636717.75,1929518.8080650647,121418015.33333333,6,10,41,0,4,2020
2020-10-18,South Carolina,111258894,115546164.0,126932494.0,115236524.0,114891389.0,2953087.243714152,120286623.5,6,10,42,0,4,2020
2020-10-25,South Carolina,109199832,111258894.0,123513393.0,105584122.0,113599555.75,4147523.377704357,118896886.75,6,10,43,1,4,2020
2020-11-01,South Carolina,108607871,109199832.0,120250377.0,109700821.0,111153190.25,3141318.7351926193,117472532.16666667,6,11,44,0,4,2020
2020-11-08,South Carolina,109323980,108607871.0,114240209.0,108773507.0,109597644.25,1150731.4378644119,116032572.0,6,11,45,0,4,2020
2020-11-15,South Carolina,107385644,109323980.0,114367165.0,108156430.0,108629331.75,886044.8652614374,114918279.66666667,6,11,46,0,4,2020
2020-11-22,South Carolina,111742859,107385644.0,118393333.0,108820075.0,109265088.5,1835489.1564492853,113652476.75,6,11,47,0,4,2020
2020-11-29,South Carolina,106117751,111742859.0,115546164.0,116196588.0,108642558.5,2451576.732317981,112202839.91666667,6,11,48,0,4,2020
2020-12-06,South Carolina,104097292,106117751.0,111258894.0,115219472.0,107335886.5,3235028.6375008966,110856749.5,6,12,49,0,4,2020
2020-12-13,South Carolina,107007214,104097292.0,109199832.0,118588431.0,107241279.0,3238619.991270857,110253999.91666667,6,12,50,0,4,2020
2020-12-20,South Carolina,111763892,107007214.0,108607871.0,122171669.0,107246537.25,3248367.466804132,110037060.5,6,12,51,0,4,2020
2020-12-27,South Carolina,103647586,111763892.0,109323980.0,118551509.0,106628996.0,3733119.1836521784,108808248.25,6,12,52,0,4,2020
2021-01-03,South Carolina,105691763,103647586.0,107385644.0,122039883.0,107027613.75,3446826.2033484504,107987048.16666667,6,1,53,0,1,2021
2021-01-10,South Carolina,105420670,105691763.0,111742859.0,118707107.0,106630977.75,3539981.366624617,107500529.5,6,1,1,0,1,2021
2021-01-17,South Carolina,105451570,105420670.0,106117751.0,119479062.0,105052897.25,944677.3546445108,107188174.33333333,6,1,2,0,1,2021
2021-01-24,South Carolina,101756190,105451570.0,104097292.0,126408582.0,104580048.25,1886467.6151259039,106617200.91666667,6,1,3,0,1,2021
2021-01-31,South Carolina,102663345,101756190.0,107007214.0,132593655.0,103822943.75,1899236.0706582754,106062148.0,6,1,4,0,1,2021
2021-02-07,South Carolina,105642956,102663345.0,111763892.0,122574667.0,103878515.25,1963725.6775519382,105916924.0,6,2,5,0,1,2021
2021-02-14,South Carolina,104817841,105642956.0,103647586.0,129859709.0,103720083.0,1814394.6756228562,105339839.16666667,6,2,6,0,1,2021
2021-02-21,South Carolina,102379033,104817841.0,105691763.0,124835596.0,103875793.75,1604227.7636684948,105028279.33333333,6,2,7,0,1,2021
2021-02-28,South Carolina,108628107,102379033.0,105420670.0,125876673.0,105366984.25,2578144.8743080413,105405847.25,6,2,8,0,1,2021
2021-03-07,South Carolina,112826155,108628107.0,105451570.0,125700126.0,107162784.0,4568149.657546248,105890759.0,6,3,9,0,1,2021
2021-03-14,South Carolina,130590731,112826155.0,101756190.0,126603502.0,113606006.5,12109410.28160544,107459662.25,6,3,10,0,1,2021
2021-03-21,South Carolina,124498179,130590731.0,102663345.0,120757152.0,119135793.0,10168477.187899206,109197211.66666667,6,3,11,0,1,2021
2021-03-28,South Carolina,114332167,124498179.0,105642956.0,126932494.0,120561808.0,8460162.873035397,109917245.33333333,6,3,12,0,1,2021
2021-04-04,South Carolina,119123090,114332167.0,104817841.0,123513393.0,122136041.75,7000947.604037099,111059113.66666667,6,4,13,0,2,2021
2021-04-11,South Carolina,120645103,119123090.0,102379033.0,120250377.0,119649634.75,4205236.855279711,112325241.41666667,6,4,14,0,2,2021
2021-04-18,South Carolina,118708738,120645103.0,108628107.0,114240209.0,118202274.5,2711060.6536827735,113737953.75,6,4,15,0,2,2021
2021-04-25,South Carolina,117551690,118708738.0,112826155.0,114367165.0,119007155.25,1278507.6778601904,114978649.16666667,6,4,16,1,2,2021
2021-05-02,South Carolina,123593132,117551690.0,130590731.0,118393333.0,120124665.75,2641096.2788133,116474497.16666667,6,5,17,0,2,2021
2021-05-09,South Carolina,125587920,123593132.0,124498179.0,115546164.0,121360370.0,3846842.8941565235,118205337.08333333,6,5,18,0,2,2021
2021-05-16,South Carolina,125512878,125587920.0,114332167.0,111258894.0,123061405.0,3787377.7603467563,120133157.5,6,5,19,0,2,2021
2021-05-23,South Carolina,129573465,125512878.0,119123090.0,109199832.0,126066848.75,2513423.1918127346,121878604.0,6,5,20,0,2,2021
2021-05-30,South Carolina,129965455,129573465.0,120645103.0,108607871.0,127659929.5,2441319.2780852863,123306879.0,6,5,21,0,2,2021
2021-06-06,South Carolina,131297261,129965455.0,118708738.0,109323980.0,129087264.75,2494522.8576412736,123365756.5,6,6,22,0,2,2021
2021-06-13,South Carolina,132205677,131297261.0,117551690.0,107385644.0,130760464.5,1213506.9798808477,124008048.0,6,6,23,0,2,2021
2021-06-20,South Carolina,132108080,132205677.0,123593132.0,111742859.0,131394118.25,1035829.6182195152,125489374.08333333,6,6,24,0,2,2021
2021-06-27,South Carolina,133108994,132108080.0,125587920.0,106117751.0,132180003.0,741190.4363588846,126654866.08333333,6,6,25,0,2,2021
2021-07-04,South Carolina,142350228,133108994.0,125512878.0,104097292.0,134943244.75,4958504.916643673,128463626.5,6,7,26,0,3,2021
2021-07-11,South Carolina,132319092,142350228.0,129573465.0,107007214.0,134971598.5,4937914.463754736,129597822.66666667,6,7,27,0,3,2021
2021-07-18,South Carolina,139656336,132319092.0,129965455.0,111763892.0,136858662.5,4921110.404429564,131439876.5,6,7,28,0,3,2021
2021-07-25,South Carolina,135020319,139656336.0,131297261.0,103647586.0,137336493.75,4511399.8192707505,132392142.08333333,6,7,29,0,3,2021
2021-08-01,South Carolina,137103834,135020319.0,132205677.0,105691763.0,136024895.25,3114140.968591846,133351801.58333333,6,8,30,0,3,2021
2021-08-08,South Carolina,132733260,137103834.0,132108080.0,105420670.0,136128437.25,2952548.2228668444,133953500.08333333,6,8,31,0,3,2021
2021-08-15,South Carolina,138477665,132733260.0,133108994.0,105451570.0,135833769.5,2508526.003095625,134695516.75,6,8,32,1,3,2021
2021-08-22,South Carolina,131830740,138477665.0,142350228.0,101756190.0,135036374.75,3250502.4246122558,134850957.16666666,6,8,33,0,3,2021
2021-08-29,South Carolina,133754231,131830740.0,132319092.0,102663345.0,134198974.0,2958707.0835125316,135055704.66666666,6,8,34,0,3,2021
2021-09-05,South Carolina,139602832,133754231.0,139656336.0,105642956.0,135916367.0,3720100.881546702,135672134.25,6,9,35,0,3,2021
2021-09-12,South Carolina,130647182,139602832.0,135020319.0,104817841.0,133958746.25,3974602.6561470013,135550392.75,6,9,36,0,3,2021
2021-09-19,South Carolina,126337749,130647182.0,137103834.0,102379033.0,132585498.5,5579735.650121207,134986122.33333334,6,9,37,0,3,2021
2021-09-26,South Carolina,121546105,126337749.0,132733260.0,108628107.0,129533467.0,7673396.420078434,133252445.41666667,6,9,38,0,3,2021
2021-10-03,South Carolina,180723407,121546105.0,138477665.0,112826155.0,139813610.75,27525354.74477266,137286138.33333334,6,10,39,0,4,2021
2021-10-10,South Carolina,176599858,180723407.0,131830740.0,130590731.0,151301779.75,31697675.647150107,140364765.16666666,6,10,40,0,4,2021
2021-10-17,South Carolina,177044108,176599858.0,133754231.0,124498179.0,163978369.5,28348479.359455243,143866747.58333334,6,10,41,0,4,2021
2021-10-24,South Carolina,169100035,177044108.0,139602832.0,114332167.0,175866852.0,4875078.401594696,146533097.66666666,6,10,42,0,4,2021
2021-10-31,South Carolina,166307533,169100035.0,130647182.0,119123090.0,172262883.5,5389473.250230564,149330953.75,6,10,43,0,4,2021
2021-11-07,South Carolina,166607824,166307533.0,126337749.0,120645103.0,169764875.0,5011634.131879323,151675133.66666666,6,11,44,0,4,2021
2021-11-14,South Carolina,169313002,166607824.0,121546105.0,118708738.0,167832098.5,1594144.0921368487,154798655.5,6,11,45,0,4,2021
2021-11-21,South Carolina,172579093,169313002.0,180723407.0,117551690.0,168701863.0,2916860.117354587,158034060.66666666,6,11,46,0,4,2021
2021-11-28,South Carolina,159627451,172579093.0,176599858.0,123593132.0,167031842.5,5506979.872483176,159702778.91666666,6,11,47,0,4,2021
2021-12-05,South Carolina,162585900,159627451.0,177044108.0,125587920.0,166026361.5,5958834.528309611,162364338.75,6,12,48,0,4,2021
2021-12-12,South Carolina,162995925,162585900.0,169100035.0,125512878.0,164447092.25,5625190.395463196,165419186.75,6,12,49,0,4,2021
2021-12-19,South Carolina,171199262,162995925.0,166307533.0,129573465.0,164102134.5,4963690.753639823,169556949.83333334,6,12,50,0,4,2021
2021-12-26,South Carolina,166981961,171199262.0,166607824.0,129965455.0,165940762.0,4027533.637484752,168411829.33333334,6,12,51,0,4,2021
2022-01-02,South Carolina,163551098,166981961.0,169313002.0,131297261.0,166182061.5,3780898.253160857,167324432.66666666,6,1,52,0,1,2022
2022-01-09,South Carolina,162783064,163551098.0,172579093.0,132205677.0,166128846.25,3841699.517978478,166136012.33333334,6,1,1,0,1,2022
2022-01-16,South Carolina,167542161,162783064.0,159627451.0,132108080.0,165214571.0,2395879.193739217,166006189.5,6,1,2,0,1,2022
2022-01-23,South Carolina,157956138,167542161.0,162585900.0,133108994.0,162958115.25,3933426.128687906,165310239.91666666,6,1,3,0,1,2022
2022-01-30,South Carolina,159023663,157956138.0,162995925.0,142350228.0,161826256.5,4336642.0333195,164678226.5,6,1,4,0,1,2022
2022-02-06,South Carolina,165738850,159023663.0,171199262.0,132319092.0,162565203.0,4782890.756303399,164380380.5,6,2,5,0,1,2022
2022-02-13,South Carolina,164866135,165738850.0,166981961.0,139656336.0,161896196.5,3973329.011751921,163737634.0,6,2,6,0,1,2022
2022-02-20,South Carolina,163508228,164866135.0,163551098.0,135020319.0,163284219.0,2984972.866344207,164061032.08333334,6,2,7,0,1,2022
2022-02-27,South Carolina,172198536,163508228.0,162783064.0,137103834.0,166577937.25,3857830.9771275236,164862085.08333334,6,2,8,0,1,2022
2022-03-06,South Carolina,175873738,172198536.0,167542161.0,132733260.0,169111659.25,5906985.554457426,165935236.16666666,6,3,9,0,1,2022
2022-03-13,South Carolina,177614299,175873738.0,157956138.0,138477665.0,172298700.25,6280098.7317059515,166469822.58333334,6,3,10,0,1,2022
2022-03-20,South Carolina,176316871,177614299.0,159023663.0,131830740.0,175500861.0,2322131.216698535,167247731.75,6,3,11,0,1,2022
2022-03-27,South Carolina,178770773,176316871.0,165738850.0,133754231.0,177143920.25,1312158.45699293,168516038.0,6,3,12,0,1,2022
2022-04-03,South Carolina,181076192,178770773.0,164866135.0,139602832.0,178444533.75,2020585.3698766076,170040465.33333334,6,4,13,0,2,2022
2022-04-10,South Carolina,187262382,181076192.0,163508228.0,130647182.0,180856554.5,4691910.674663947,171683817.08333334,6,4,14,0,2,2022
2022-04-17,South Carolina,189212253,187262382.0,172198536.0,126337749.0,184080400.0,4955748.488651853,174288493.33333334,6,4,15,0,2,2022
2022-04-24,South Carolina,184741953,189212253.0,175873738.0,121546105.0,185573195.0,3512363.643517256,176431684.16666666,6,4,16,0,2,2022
2022-05-01,South Carolina,191013792,184741953.0,177614299.0,180723407.0,188057595.0,2689372.9992512777,178537929.33333334,6,5,17,0,2,2022
2022-05-08,South Carolina,192637660,191013792.0,176316871.0,176599858.0,189401414.5,3406826.9539186773,180852223.08333334,6,5,18,0,2,2022
2022-05-15,South Carolina,191201415,192637660.0,178770773.0,177044108.0,189898705.0,3513518.5613663415,183159988.66666666,6,5,19,0,2,2022
2022-05-22,South Carolina,203399074,191201415.0,181076192.0,169100035.0,194562985.25,5935213.250527006,185760033.5,6,5,20,0,2,2022
2022-05-29,South Carolina,203009781,203399074.0,187262382.0,166307533.0,197561982.5,6543595.257502723,188021370.41666666,6,5,21,0,2,2022
2022-06-05,South Carolina,198193324,203009781.0,189212253.0,166607824.0,198950898.5,5682992.347564451,189736289.16666666,6,6,22,0,2,2022
2022-06-12,South Carolina,199979552,198193324.0,184741953.0,169313002.0,201145432.75,2491914.744129245,191708179.25,6,6,23,0,2,2022
2022-06-19,South Carolina,206203991,199979552.0,191013792.0,172579093.0,201846662.0,3520044.5128220282,193994280.75,6,6,24,0,2,2022
2022-06-26,South Carolina,206761069,206203991.0,192637660.0,159627451.0,202784484.0,4337920.010615588,196134687.16666666,6,6,25,0,2,2022
2022-07-03,South Carolina,212484199,206761069.0,191201415.0,162585900.0,206357202.75,5112112.867974007,198236505.25,6,7,26,0,3,2022
2022-07-10,South Carolina,203704957,212484199.0,203399074.0,162995925.0,207288554.0,3709960.0963993985,199444230.58333334,6,7,27,1,3,2022
2022-07-17,South Carolina,206196711,203704957.0,203009781.0,171199262.0,207286734.0,3710671.221253081,201232127.08333334,6,7,28,0,3,2022
2022-07-24,South Carolina,204000301,206196711.0,198193324.0,166981961.0,206596542.0,4079464.871790395,202314336.16666666,6,7,29,0,3,2022
2022-07-31,South Carolina,209504320,204000301.0,199979552.0,163551098.0,205851572.25,2676866.8971075253,203719891.16666666,6,7,30,0,3,2022
2022-08-07,South Carolina,209825158,209504320.0,206203991.0,162783064.0,207381622.5,2787714.7609622534,205271869.75,6,8,31,0,3,2022
2022-08-14,South Carolina,211971500,209825158.0,206761069.0,167542161.0,208825319.75,3398037.3732006075,205986238.58333334,6,8,32,0,3,2022
2022-08-21,South Carolina,201723507,211971500.0,212484199.0,157956138.0,208256121.25,4490692.769035614,205879049.08333334,6,8,33,0,3,2022
2022-08-28,South Carolina,208685841,201723507.0,203704957.0,159023663.0,208051501.5,4433138.339569554,206753425.5,6,8,34,0,3,2022
2022-09-04,South Carolina,207052636,208685841.0,206196711.0,165738850.0,207358371.0,4277394.142865548,207342849.16666666,6,9,35,0,3,2022
2022-09-11,South Carolina,198776568,207052636.0,204000301.0,164866135.0,204059638.0,4608981.373335963,206723897.25,6,9,36,0,3,2022
2022-09-18,South Carolina,200168053,198776568.0,209504320.0,163508228.0,203670774.5,4926465.750610289,206174479.25,6,9,37,0,3,2022
2022-09-25,South Carolina,200145634,200168053.0,209825158.0,172198536.0,201535722.75,3735065.105207417,205146265.5,6,9,38,0,3,2022
2022-10-02,South Carolina,202964629,200145634.0,211971500.0,175873738.0,200513721.0,1758751.9225922206,205084571.5,6,10,39,1,4,2022
2022-10-09,South Carolina,192621234,202964629.0,201723507.0,177614299.0,198974887.5,4437763.750379106,203953281.75,6,10,40,1,4,2022
2022-10-16,South Carolina,192750334,192621234.0,208685841.0,176316871.0,197120457.75,5248714.91845919,203015784.5,6,10,41,0,4,2022
2022-10-23,South Carolina,186735843,192750334.0,207052636.0,178770773.0,193768010.0,6742401.485677571,201118411.41666666,6,10,42,0,4,2022
2022-10-30,South Carolina,180597389,186735843.0,198776568.0,181076192.0,188176200.0,5779101.244204025,198682764.0,6,10,43,0,4,2022
2022-11-06,South Carolina,183072080,180597389.0,200168053.0,187262382.0,185788911.5,5281766.174194529,196274479.0,6,11,44,0,4,2022
2022-11-13,South Carolina,182848873,183072080.0,200145634.0,189212253.0,183313546.25,2540593.922093962,194701592.83333334,6,11,45,0,4,2022
2022-11-20,South Carolina,186596158,182848873.0,202964629.0,184741953.0,183278625.0,2478063.714025771,192860785.91666666,6,11,46,0,4,2022
2022-11-27,South Carolina,179285281,186596158.0,192621234.0,191013792.0,182950598.0,2986065.5427076393,190546839.66666666,6,11,47,0,4,2022
2022-12-04,South Carolina,178047572,179285281.0,192750334.0,192637660.0,181694471.0,3849815.9348153085,188819423.33333334,6,12,48,0,4,2022
2022-12-11,South Carolina,179660743,178047572.0,186735843.0,191201415.0,180897438.5,3861157.4504729635,187110480.83333334,6,12,49,0,4,2022
2022-12-18,South Carolina,187471223,179660743.0,180597389.0,203399074.0,181116204.75,4292373.6477708295,186054279.91666666,6,12,50,0,4,2022
2022-12-25,South Carolina,186801489,187471223.0,183072080.0,203009781.0,182995256.75,4834605.952450191,184707351.58333334,6,12,51,1,4,2022
2023-01-01,South Carolina,178693691,186801489.0,182848873.0,198193324.0,183156786.5,4620236.654185969,183546723.0,6,1,52,0,1,2023
2023-01-08,South Carolina,176995113,178693691.0,186596158.0,199979552.0,182490379.0,5416249.149997186,182233787.91666666,6,1,1,0,1,2023
2023-01-15,South Carolina,182273982,176995113.0,179285281.0,206203991.0,181191068.75,4339449.14978804,181861966.16666666,6,1,2,0,1,2023
2023-01-22,South Carolina,171650115,182273982.0,178047572.0,206761069.0,177403225.25,4421704.28405339,181116360.0,6,1,3,0,1,2023
2023-01-29,South Carolina,171331528,171650115.0,179660743.0,212484199.0,175562684.5,5173788.133819055,180137980.66666666,6,1,4,0,1,2023
2023-02-05,South Carolina,178638946,171331528.0,187471223.0,203704957.0,175973642.75,5386409.986770357,179787153.41666666,6,2,5,0,1,2023
2023-02-12,South Carolina,180928462,178638946.0,186801489.0,206196711.0,175637262.75,4880013.345412705,179314845.41666666,6,2,6,0,1,2023
2023-02-19,South Carolina,179619574,180928462.0,178693691.0,204000301.0,177629627.5,4302207.854795587,179342703.16666666,6,2,7,0,1,2023
2023-02-26,South Carolina,185148805,179619574.0,176995113.0,209504320.0,181083946.75,2867615.9853624227,179934472.58333334,6,2,8,0,1,2023
2023-03-05,South Carolina,193419521,185148805.0,182273982.0,209825158.0,184779090.5,6224726.992557573,181081037.41666666,6,3,9,0,1,2023
2023-03-12,South Carolina,206941748,193419521.0,171650115.0,211971500.0,191282412.0,11880305.32553028,182703581.16666666,6,3,10,0,1,2023
2023-03-19,South Carolina,199129767,206941748.0,171331528.0,201723507.0,196159960.25,9198228.931719016,183730937.66666666,6,3,11,0,1,2023
2023-03-26,South Carolina,188420756,199129767.0,178638946.0,208685841.0,196977948.0,7953941.85478608,184541526.41666666,6,3,12,0,1,2023
2023-04-02,South Carolina,195832713,188420756.0,180928462.0,207052636.0,197581246.0,7680904.019528636,186111326.41666666,6,4,13,0,2,2023
2023-04-09,South Carolina,197534798,195832713.0,179619574.0,198776568.0,195229508.5,4734601.0856497865,187383061.08333334,6,4,14,0,2,2023
2023-04-16,South Carolina,197670443,197534798.0,185148805.0,200168053.0,194864677.5,4376569.453842907,189551421.75,6,4,15,0,2,2023
2023-04-23,South Carolina,198810907,197670443.0,193419521.0,200145634.0,197462215.25,1227853.692524763,191841370.0,6,4,16,0,2,2023
2023-04-30,South Carolina,200954411,198810907.0,206941748.0,202964629.0,198742639.75,1581674.2230415344,193700992.08333334,6,4,17,0,2,2023
2023-05-07,South Carolina,207827572,200954411.0,199129767.0,192621234.0,201315833.25,4549611.455343566,195942584.58333334,6,5,18,0,2,2023
2020-05-03,South Dakota,17620604,16518924.0,17515040.0,15271120.0,16722247.75,625229.8693016168,16278017.916666666,6,5,18,0,2,2020
2020-05-10,South Dakota,17242993,17620604.0,16883066.0,15392179.0,16990186.0,533272.7944763982,16450659.666666666,6,5,19,0,2,2020
2020-05-17,South Dakota,17720866,17242993.0,15718331.0,15676481.0,17275846.75,544949.8792411251,16675848.25,6,5,20,0,2,2020
2020-05-24,South Dakota,18289917,17720866.0,16010215.0,15250300.0,17718595.0,432902.4076355633,16892905.583333332,6,5,21,0,2,2020
2020-05-31,South Dakota,17591968,18289917.0,16171240.0,14897185.0,17711436.0,435293.2496352324,16988448.916666668,6,5,22,0,2,2020
2020-06-07,South Dakota,19638362,17591968.0,16578223.0,15098715.0,18310278.25,935877.029532682,17165392.416666668,6,6,23,0,2,2020
2020-06-14,South Dakota,19909808,19638362.0,16518924.0,16008107.0,18857513.75,1101638.0673138145,17417620.916666668,6,6,24,0,2,2020
2020-06-21,South Dakota,19448822,19909808.0,17620604.0,15467801.0,19147240.0,1053966.076338323,17728495.166666668,6,6,25,0,2,2020
2020-06-28,South Dakota,20706381,19448822.0,17242993.0,14701327.0,19925843.25,553681.9335053742,18119842.333333332,6,6,26,0,2,2020
2020-07-05,South Dakota,21446684,20706381.0,17720866.0,14563391.0,20377923.75,881758.669612185,18559462.666666668,6,7,27,0,3,2020
2020-07-12,South Dakota,19797094,21446684.0,18289917.0,16064025.0,20349745.25,903244.1135423563,18827701.916666668,6,7,28,0,3,2020
2020-07-19,South Dakota,20270769,19797094.0,17591968.0,16742201.0,20555232.0,700767.4635516885,19140355.666666668,6,7,29,0,3,2020
2020-07-26,South Dakota,19649057,20270769.0,19638362.0,15095225.0,20290901.0,814871.9151085445,19309393.416666668,6,7,30,0,3,2020
2020-08-02,South Dakota,19718838,19649057.0,19909808.0,14584980.0,19858939.5,281133.122114181,19515713.833333332,6,8,31,0,3,2020
2020-08-09,South Dakota,20181077,19718838.0,19448822.0,15167398.0,19954935.25,316330.2409469944,19720731.416666668,6,8,32,0,3,2020
2020-08-16,South Dakota,20104885,20181077.0,20706381.0,14677693.0,19913464.25,268358.62729734776,19871978.75,6,8,33,0,3,2020
2020-08-23,South Dakota,19444087,20104885.0,21446684.0,14904570.0,19862221.75,344455.9440986856,20026322.0,6,8,34,0,3,2020
2020-08-30,South Dakota,18701635,19444087.0,19797094.0,15408970.0,19607921.0,688882.406748786,19948261.416666668,6,8,35,1,3,2020
2020-09-06,South Dakota,18294091,18701635.0,20270769.0,14295837.0,19136174.5,802317.3392324261,19813618.333333332,6,9,36,0,3,2020
2020-09-13,South Dakota,17251460,18294091.0,19649057.0,15171292.0,18422818.25,914581.7795660757,19630504.833333332,6,9,37,0,3,2020
2020-09-20,South Dakota,17797392,17251460.0,19718838.0,15018603.0,18011144.5,627068.9816516727,19388089.083333332,6,9,38,0,3,2020
2020-09-27,South Dakota,17283572,17797392.0,20181077.0,15685229.0,17656628.75,493121.1708504472,19041163.083333332,6,9,39,0,3,2020
2020-10-04,South Dakota,16607853,17283572.0,20104885.0,16445448.0,17235069.25,487246.77966260805,18775393.0,6,10,40,0,4,2020
2020-10-11,South Dakota,16853967,16607853.0,19444087.0,17515040.0,17135696.0,522078.6562329463,18490659.5,6,10,41,0,4,2020
2020-10-18,South Dakota,16674281,16853967.0,18701635.0,16883066.0,16854918.25,304092.0891828372,18242761.5,6,10,42,0,4,2020
2020-10-25,South Dakota,15660179,16674281.0,18294091.0,15718331.0,16449070.0,536104.0403068535,17904539.916666668,6,10,43,1,4,2020
2020-11-01,South Dakota,15798141,15660179.0,17251460.0,16010215.0,16246642.0,604651.6262322732,17539295.25,6,11,44,0,4,2020
2020-11-08,South Dakota,16533416,15798141.0,17797392.0,16171240.0,16166504.25,511376.6396915773,17241672.833333332,6,11,45,0,4,2020
2020-11-15,South Dakota,16589583,16533416.0,17283572.0,16578223.0,16145329.75,484383.8580873465,17003797.5,6,11,46,0,4,2020
2020-11-22,South Dakota,16721167,16589583.0,16607853.0,16518924.0,16410576.75,415803.06642798596,16838758.5,6,11,47,0,4,2020
2020-11-29,South Dakota,15436615,16721167.0,16853967.0,17620604.0,16320195.25,594285.3552990484,16600635.5,6,11,48,0,4,2020
2020-12-06,South Dakota,15634339,15436615.0,16674281.0,17242993.0,16095426.0,653803.256599414,16465875.416666666,6,12,49,0,4,2020
2020-12-13,South Dakota,16783125,15634339.0,15660179.0,17720866.0,16143811.5,707519.1970377901,16381353.166666666,6,12,50,0,4,2020
2020-12-20,South Dakota,17144205,16783125.0,15798141.0,18289917.0,16249571.0,841518.0205303584,16369739.25,6,12,51,0,4,2020
2020-12-27,South Dakota,16142224,17144205.0,16533416.0,17591968.0,16425973.25,670972.5880850741,16330936.833333334,6,12,52,0,4,2020
2021-01-03,South Dakota,15773717,16142224.0,16589583.0,19638362.0,16460817.75,617659.4301756558,16240916.0,6,1,53,0,1,2021
2021-01-10,South Dakota,15912125,15773717.0,16721167.0,19909808.0,16243067.75,619685.6825721535,16177403.0,6,1,1,0,1,2021
2021-01-17,South Dakota,15851077,15912125.0,15436615.0,19448822.0,15919785.75,158739.2350226696,16193311.166666666,6,1,2,0,1,2021
2021-01-24,South Dakota,15560399,15851077.0,15634339.0,20706381.0,15774329.5,153454.02412774618,16173499.333333334,6,1,3,0,1,2021
2021-01-31,South Dakota,15736581,15560399.0,16783125.0,21446684.0,15765045.5,154622.35288490978,16107096.416666666,6,1,4,0,1,2021
2021-02-07,South Dakota,15619897,15736581.0,17144205.0,19797094.0,15691988.5,128854.7279833595,16026289.25,6,2,5,0,1,2021
2021-02-14,South Dakota,15643630,15619897.0,16142224.0,20270769.0,15640126.75,73215.32628429357,15936494.5,6,2,6,0,1,2021
2021-02-21,South Dakota,15564950,15643630.0,15773717.0,19649057.0,15641264.5,71580.49950695768,15947189.083333334,6,2,7,0,1,2021
2021-02-28,South Dakota,16320595,15564950.0,15912125.0,19718838.0,15787268.0,357075.1128908298,16004377.083333334,6,2,8,0,1,2021
2021-03-07,South Dakota,17167338,16320595.0,15851077.0,20181077.0,16174128.25,743963.4063305233,16036394.833333334,6,3,9,0,1,2021
2021-03-14,South Dakota,18900494,17167338.0,15560399.0,20104885.0,16988344.25,1432980.0743872593,16182752.25,6,3,10,0,1,2021
2021-03-21,South Dakota,17838606,18900494.0,15736581.0,19444087.0,17556758.25,1090078.2283501104,16324117.416666666,6,3,11,0,1,2021
2021-03-28,South Dakota,16660802,17838606.0,15619897.0,18701635.0,17641810.0,967903.9987381662,16398041.166666666,6,3,12,0,1,2021
2021-04-04,South Dakota,17655542,16660802.0,15643630.0,18294091.0,17763861.0,917604.4091284646,16543325.916666666,6,4,13,0,2,2021
2021-04-11,South Dakota,17329849,17655542.0,15564950.0,17251460.0,17371199.75,518232.2405398133,16666556.916666666,6,4,14,0,2,2021
2021-04-18,South Dakota,16872003,17329849.0,16320595.0,17797392.0,17129549.0,448271.6505922108,16775857.25,6,4,15,0,2,2021
2021-04-25,South Dakota,17765951,16872003.0,17167338.0,17283572.0,17405836.25,401159.81674753415,16944971.416666668,6,4,16,1,2,2021
2021-05-02,South Dakota,18812183,17765951.0,18900494.0,16607853.0,17694996.5,829415.7008904915,17210995.25,6,5,17,0,2,2021
2021-05-09,South Dakota,18081148,18812183.0,17838606.0,16853967.0,17882821.25,803836.4161935657,17414121.75,6,5,18,0,2,2021
2021-05-16,South Dakota,18739050,18081148.0,16660802.0,16674281.0,18349583.0,509367.89741076616,17678630.083333332,6,5,19,0,2,2021
2021-05-23,South Dakota,19742943,18739050.0,17655542.0,15660179.0,18843831.0,683634.5029565615,17963825.75,6,5,20,0,2,2021
2021-05-30,South Dakota,19751915,19742943.0,17329849.0,15798141.0,19078764.0,817498.0730036403,18179207.166666668,6,5,21,0,2,2021
2021-06-06,South Dakota,21278083,19751915.0,16872003.0,16533416.0,19877997.75,1047469.5428893932,18377339.583333332,6,6,22,0,2,2021
2021-06-13,South Dakota,21748015,21278083.0,17765951.0,16589583.0,20630239.0,1037283.6762596162,18703123.666666668,6,6,23,0,2,2021
2021-06-20,South Dakota,21546185,21748015.0,18812183.0,16721167.0,21081049.5,906755.1545231665,19110238.916666668,6,6,24,0,2,2021
2021-06-27,South Dakota,21595076,21546185.0,18081148.0,15436615.0,21541839.75,195728.41421618374,19438533.416666668,6,6,25,0,2,2021
2021-07-04,South Dakota,23658904,21595076.0,18739050.0,15634339.0,22137045.0,1018208.4091419257,19965954.666666668,6,7,26,0,3,2021
2021-07-11,South Dakota,20854708,23658904.0,19742943.0,16783125.0,21913718.25,1211581.553858254,20297846.75,6,7,27,0,3,2021
2021-07-18,South Dakota,21734729,20854708.0,19751915.0,17144205.0,21960854.25,1196085.1191456155,20628578.25,6,7,28,0,3,2021
2021-07-25,South Dakota,22065420,21734729.0,21278083.0,16142224.0,22078440.25,1170995.7635905072,20899681.333333332,6,7,29,0,3,2021
2021-08-01,South Dakota,21566844,22065420.0,21748015.0,15773717.0,21555425.25,511005.392042897,21190156.0,6,8,30,0,3,2021
2021-08-08,South Dakota,22216319,21566844.0,21546185.0,15912125.0,21895828.0,297578.722134717,21479928.416666668,6,8,31,0,3,2021
2021-08-15,South Dakota,23853897,22216319.0,21595076.0,15851077.0,22425620.0,991803.4676799618,21822507.916666668,6,8,32,1,3,2021
2021-08-22,South Dakota,21052543,23853897.0,23658904.0,15560399.0,22172400.75,1217940.7223058576,21930893.583333332,6,8,33,0,3,2021
2021-08-29,South Dakota,20265750,21052543.0,20854708.0,15736581.0,21847127.25,1559438.5223480002,21846532.5,6,8,34,0,3,2021
2021-09-05,South Dakota,20271008,20265750.0,21734729.0,15619897.0,21360799.5,1702677.9040892213,21723448.583333332,6,9,35,0,3,2021
2021-09-12,South Dakota,18873970,20271008.0,22065420.0,15643630.0,20115817.75,906679.6055668802,21500764.0,6,9,36,0,3,2021
2021-09-19,South Dakota,19219386,18873970.0,21566844.0,15564950.0,19657528.5,719310.6105179205,21302789.833333332,6,9,37,0,3,2021
2021-09-26,South Dakota,19121112,19219386.0,22216319.0,16320595.0,19371369.0,617112.4948392014,20924640.5,6,9,38,0,3,2021
2021-10-03,South Dakota,26303345,19121112.0,23853897.0,17167338.0,20879453.25,3618846.5937700253,21378693.583333332,6,10,39,0,4,2021
2021-10-10,South Dakota,26411019,26303345.0,21052543.0,18900494.0,22763715.5,4149804.480581585,21768384.416666668,6,10,40,0,4,2021
2021-10-17,South Dakota,25950714,26411019.0,20265750.0,17838606.0,24446547.5,3555728.962050819,22092158.916666668,6,10,41,0,4,2021
2021-10-24,South Dakota,24802967,25950714.0,20271008.0,16660802.0,25867011.25,736099.6059784131,22361835.833333332,6,10,42,0,4,2021
2021-10-31,South Dakota,24723617,24802967.0,18873970.0,17655542.0,25472079.25,840358.2610634441,22570777.333333332,6,10,43,0,4,2021
2021-11-07,South Dakota,25141437,24723617.0,19219386.0,17329849.0,25154683.75,560762.2343699469,22678072.333333332,6,11,44,0,4,2021
2021-11-14,South Dakota,25615142,25141437.0,19121112.0,16872003.0,25070790.75,405614.0816789301,23058288.916666668,6,11,45,0,4,2021
2021-11-21,South Dakota,25404918,25615142.0,26303345.0,17765951.0,25221278.5,384228.0383214183,23486552.916666668,6,11,46,0,4,2021
2021-11-28,South Dakota,24173894,25404918.0,26411019.0,18812183.0,25083847.75,636839.0781489273,23811793.416666668,6,11,47,0,4,2021
2021-12-05,South Dakota,24109456,24173894.0,25950714.0,18081148.0,24825852.5,795103.4731477775,24248083.916666668,6,12,48,0,4,2021
2021-12-12,South Dakota,25745864,24109456.0,24802967.0,18739050.0,24858533.0,839789.6133429245,24791957.083333332,6,12,49,0,4,2021
2021-12-19,South Dakota,26628312,25745864.0,24723617.0,19742943.0,25164381.5,1234928.8380095665,25417557.083333332,6,12,50,0,4,2021
2021-12-26,South Dakota,25269496,26628312.0,25141437.0,19751915.0,25438282.0,1049610.2990627799,25331403.0,6,12,51,0,4,2021
2022-01-02,South Dakota,24421534,25269496.0,25615142.0,21278083.0,25516301.5,921718.5267030593,25165612.583333332,6,1,52,0,1,2022
2022-01-09,South Dakota,24382756,24421534.0,25404918.0,21748015.0,25175524.5,1051412.657911722,25034949.416666668,6,1,1,0,1,2022
2022-01-16,South Dakota,25161451,24382756.0,24173894.0,21546185.0,24808809.25,471908.1748838878,25064823.083333332,6,1,2,0,1,2022
2022-01-23,South Dakota,24097439,25161451.0,24109456.0,21595076.0,24515795.0,454047.6937921743,25012641.583333332,6,1,3,0,1,2022
2022-01-30,South Dakota,24745497,24097439.0,25745864.0,23658904.0,24596785.75,460477.21299203153,24979646.583333332,6,1,4,0,1,2022
2022-02-06,South Dakota,24178742,24745497.0,26628312.0,20854708.0,24545782.25,501552.32563004707,24859946.583333332,6,2,5,0,1,2022
2022-02-13,South Dakota,24840137,24178742.0,25269496.0,21734729.0,24465453.75,381422.8814613014,24812881.5,6,2,6,0,1,2022
2022-02-20,South Dakota,24813224,24840137.0,24421534.0,22065420.0,24644400.0,312981.6248695636,24866159.0,6,2,7,0,1,2022
2022-02-27,South Dakota,24932951,24813224.0,24382756.0,21566844.0,24691263.5,345508.71584808425,24934783.583333332,6,2,8,0,1,2022
2022-03-06,South Dakota,26142223,24932951.0,25161451.0,22216319.0,25182133.75,642110.9954721553,24967813.5,6,3,9,0,1,2022
2022-03-13,South Dakota,26043139,26142223.0,24097439.0,23853897.0,25482884.25,706985.2431356508,24919049.083333332,6,3,10,0,1,2022
2022-03-20,South Dakota,27033561,26043139.0,24745497.0,21052543.0,26037968.5,860845.289275407,25066054.5,6,3,11,0,1,2022
2022-03-27,South Dakota,26345509,27033561.0,24178742.0,20265750.0,26391108.0,446412.1019103224,25226385.75,6,3,12,0,1,2022
2022-04-03,South Dakota,27394215,26345509.0,24840137.0,20271008.0,26704106.0,619209.2302294314,25477340.666666668,6,4,13,0,2,2022
2022-04-10,South Dakota,26262039,27394215.0,24813224.0,18873970.0,26758831.0,546756.1209241208,25569056.333333332,6,4,14,0,2,2022
2022-04-17,South Dakota,27877346,26262039.0,24932951.0,19219386.0,26969777.25,794655.6315102214,25884048.583333332,6,4,15,0,2,2022
2022-04-24,South Dakota,26202166,27877346.0,26142223.0,19121112.0,26933941.5,834428.3666736521,26005437.666666668,6,4,16,0,2,2022
2022-05-01,South Dakota,27760749,26202166.0,26043139.0,26303345.0,27025575.0,917784.3340157091,26303938.25,6,5,17,0,2,2022
2022-05-08,South Dakota,28122314,27760749.0,27033561.0,26411019.0,27490643.75,872100.4707434281,26577453.0,6,5,18,0,2,2022
2022-05-15,South Dakota,29779176,28122314.0,26345509.0,25950714.0,27966101.25,1468023.5676040454,26991282.333333332,6,5,19,0,2,2022
2022-05-22,South Dakota,29490107,29779176.0,27394215.0,24802967.0,28788086.5,995618.156405519,27371045.333333332,6,5,20,0,2,2022
2022-05-29,South Dakota,30564534,29490107.0,26262039.0,24723617.0,29489032.75,1017973.041536747,27739571.25,6,5,21,0,2,2022
2022-06-05,South Dakota,31133691,30564534.0,27877346.0,25141437.0,30241877.0,748039.6822241393,28163783.916666668,6,6,22,0,2,2022
2022-06-12,South Dakota,32190860,31133691.0,26202166.0,25615142.0,30844798.0,1126806.3555124828,28593558.833333332,6,6,23,0,2,2022
2022-06-19,South Dakota,32696955,32190860.0,27760749.0,25404918.0,31646510.0,971837.9514888219,29122846.0,6,6,24,0,2,2022
2022-06-26,South Dakota,32599629,32696955.0,28122314.0,24173894.0,32155283.75,715487.6799989213,29556630.5,6,6,25,0,2,2022
2022-07-03,South Dakota,34242938,32599629.0,29779176.0,24109456.0,32932595.5,900659.416692193,30221705.416666668,6,7,26,0,3,2022
2022-07-10,South Dakota,31691050,34242938.0,29490107.0,25745864.0,32807643.0,1058674.2215642424,30539514.083333332,6,7,27,1,3,2022
2022-07-17,South Dakota,32895934,31691050.0,30564534.0,26628312.0,32857387.75,1056411.950730824,31097328.083333332,6,7,28,0,3,2022
2022-07-24,South Dakota,32576162,32895934.0,31133691.0,25269496.0,32851521.0,1058383.8785588723,31498612.5,6,7,29,0,3,2022
2022-07-31,South Dakota,32311519,32576162.0,32190860.0,24421534.0,32368666.25,511043.16742153745,31847712.916666668,6,7,30,0,3,2022
2022-08-07,South Dakota,33116872,32311519.0,32696955.0,24382756.0,32725121.75,353978.0242956305,32125854.25,6,8,31,0,3,2022
2022-08-14,South Dakota,35828335,33116872.0,32599629.0,25161451.0,33458222.0,1615230.950367776,32654039.916666668,6,8,32,0,3,2022
2022-08-21,South Dakota,30899092,35828335.0,34242938.0,24097439.0,33038954.5,2073233.2748754995,32681919.75,6,8,33,0,3,2022
2022-08-28,South Dakota,30005659,30899092.0,31691050.0,24745497.0,32462489.5,2597265.2434764896,32587917.083333332,6,8,34,0,3,2022
2022-09-04,South Dakota,30379794,30005659.0,32895934.0,24178742.0,31778220.0,2724815.9160945145,32436994.916666668,6,9,35,0,3,2022
2022-09-11,South Dakota,29086014,30379794.0,32576162.0,24840137.0,30092639.75,764566.0743752465,32136083.166666668,6,9,36,0,3,2022
2022-09-18,South Dakota,29573605,29086014.0,32311519.0,24813224.0,29761268.0,557819.1880415415,31883914.5,6,9,37,0,3,2022
2022-09-25,South Dakota,28387144,29573605.0,33116872.0,24932951.0,29356639.25,838068.9798241992,31395931.666666668,6,9,38,0,3,2022
2022-10-02,South Dakota,27940575,28387144.0,35828335.0,26142223.0,28746834.5,725264.0507707002,31083392.083333332,6,10,39,1,4,2022
2022-10-09,South Dakota,28029169,27940575.0,30899092.0,26043139.0,28482623.25,752505.7094323217,30677828.333333332,6,10,40,1,4,2022
2022-10-16,South Dakota,28025866,28029169.0,30005659.0,27033561.0,28095688.5,198583.7621332427,30298637.0,6,10,41,0,4,2022
2022-10-23,South Dakota,27164958,28025866.0,30379794.0,26345509.0,27790142.0,418801.79570212687,29869756.916666668,6,10,42,0,4,2022
2022-10-30,South Dakota,26502942,27164958.0,29086014.0,27394215.0,27430733.75,740212.0020842518,29318596.083333332,6,10,43,0,4,2022
2022-11-06,South Dakota,26862346,26502942.0,29573605.0,26262039.0,27139028.0,650208.2568080216,28571430.333333332,6,11,44,0,4,2022
2022-11-13,South Dakota,27271878,26862346.0,28387144.0,27877346.0,26950531.0,345135.4033245396,28269162.5,6,11,45,0,4,2022
2022-11-20,South Dakota,27720458,27271878.0,27940575.0,26202166.0,27089406.0,525045.688292609,28078729.083333332,6,11,46,0,4,2022
2022-11-27,South Dakota,26502628,27720458.0,28029169.0,27760749.0,27089327.5,525162.6090152073,27755631.916666668,6,11,47,0,4,2022
2022-12-04,South Dakota,25773990,26502628.0,28025866.0,28122314.0,26817238.5,858263.7006582881,27479629.916666668,6,12,48,0,4,2022
2022-12-11,South Dakota,27252181,25773990.0,27164958.0,29779176.0,26812314.25,854835.393510885,27286177.916666668,6,12,49,0,4,2022
2022-12-18,South Dakota,27963413,27252181.0,26502942.0,29490107.0,26873053.0,944771.0707852244,27250867.0,6,12,50,0,4,2022
2022-12-25,South Dakota,28215951,27963413.0,26862346.0,30564534.0,27301383.75,1096975.9281428691,27273815.0,6,12,51,1,4,2022
2023-01-01,South Dakota,25916643,28215951.0,27271878.0,31133691.0,27337047.0,1031108.847850051,27097771.166666668,6,1,52,0,1,2023
2023-01-08,South Dakota,25085727,25916643.0,27720458.0,32190860.0,26795433.5,1535948.690468856,26852759.583333332,6,1,1,0,1,2023
2023-01-15,South Dakota,26827627,25085727.0,26502628.0,32696955.0,26511487.0,1340618.388261176,26824648.666666668,6,1,2,0,1,2023
2023-01-22,South Dakota,25720897,26827627.0,25773990.0,32599629.0,25887723.5,720019.5353615942,26759478.25,6,1,3,0,1,2023
2023-01-29,South Dakota,25917390,25720897.0,27252181.0,34242938.0,25887910.25,720029.6332204501,26680731.916666668,6,1,4,0,1,2023
2023-02-05,South Dakota,25884511,25917390.0,27963413.0,31691050.0,26087606.25,500775.2778784536,26565118.0,6,2,5,0,1,2023
2023-02-12,South Dakota,27801440,25884511.0,28215951.0,32895934.0,26331059.5,984013.0604263638,26571866.5,6,2,6,0,1,2023
2023-02-19,South Dakota,26981683,27801440.0,25916643.0,32576162.0,26646256.0,923482.9789382471,26611787.75,6,2,7,0,1,2023
2023-02-26,South Dakota,26132930,26981683.0,25085727.0,32311519.0,26700141.0,871608.857341024,26641699.416666668,6,2,8,0,1,2023
2023-03-05,South Dakota,28296887,26132930.0,26827627.0,33116872.0,27303235.0,950186.2976732465,26728758.25,6,3,9,0,1,2023
2023-03-12,South Dakota,29087945,28296887.0,25720897.0,35828335.0,27624861.25,1320576.8669003106,26822469.25,6,3,10,0,1,2023
2023-03-19,South Dakota,29043897,29087945.0,25917390.0,30899092.0,28140414.75,1386671.3546274188,26891464.75,6,3,11,0,1,2023
2023-03-26,South Dakota,27328951,29043897.0,25884511.0,30005659.0,28439420.0,824506.7566337208,27009157.083333332,6,3,12,0,1,2023
2023-04-02,South Dakota,27831589,27328951.0,27801440.0,30379794.0,28323095.5,882128.3894602065,27237978.916666668,6,4,13,0,2,2023
2023-04-09,South Dakota,28869793,27831589.0,26981683.0,29086014.0,28268557.5,823900.7447411316,27408159.416666668,6,4,14,0,2,2023
2023-04-16,South Dakota,29071952,28869793.0,26132930.0,29573605.0,28275571.25,832772.8628240963,27687414.0,6,4,15,0,2,2023
2023-04-23,South Dakota,28914905,29071952.0,28296887.0,28387144.0,28672059.75,566973.587514952,27937206.916666668,6,4,16,0,2,2023
2023-04-30,South Dakota,30087804,28914905.0,29087945.0,27940575.0,29236113.5,574366.6990883591,28287481.333333332,6,4,17,0,2,2023
2023-05-07,South Dakota,30904599,30087804.0,29043897.0,28029169.0,29744815.0,931707.3227228199,28546077.916666668,6,5,18,0,2,2023
2020-05-03,Tennessee,155827619,146800271.0,158684644.0,155674238.0,149163830.0,4451813.502873462,145271192.5,6,5,18,0,2,2020
2020-05-10,Tennessee,154583769,155827619.0,153445821.0,144130310.0,151138776.5,4728649.324488707,147350293.75,6,5,19,0,2,2020
2020-05-17,Tennessee,158429364,154583769.0,140061174.0,139732668.0,153910255.75,5003469.611207346,149653326.41666666,6,5,20,0,2,2020
2020-05-24,Tennessee,165753716,158429364.0,148042745.0,134319022.0,158648617.0,5000384.07381265,151840528.5,6,5,21,0,2,2020
2020-05-31,Tennessee,160317262,165753716.0,146683983.0,136685980.0,159771027.75,4647531.441890284,152997817.91666666,6,5,22,0,2,2020
2020-06-07,Tennessee,162676413,160317262.0,147343447.0,136324595.0,161794188.75,3160144.1894243984,153330465.33333334,6,6,23,0,2,2020
2020-06-14,Tennessee,163688558,162676413.0,146800271.0,135190491.0,163108987.25,2259154.9134268737,154184026.75,6,6,24,0,2,2020
2020-06-21,Tennessee,162441172,163688558.0,155827619.0,139393955.0,162280851.25,1416508.957220104,156049026.58333334,6,6,25,0,2,2020
2020-06-28,Tennessee,162325746,162441172.0,154583769.0,133945173.0,162782972.25,621107.5266415522,157239276.66666666,6,6,26,0,2,2020
2020-07-05,Tennessee,173939972,162325746.0,158429364.0,135426365.0,165598862.0,5594868.83641525,159510609.08333334,6,7,27,0,3,2020
2020-07-12,Tennessee,165348595,173939972.0,165753716.0,135249583.0,166013871.25,5466019.678541305,161011038.08333334,6,7,28,0,3,2020
2020-07-19,Tennessee,168284776,165348595.0,160317262.0,143837604.0,167474772.25,4949343.892679795,162801413.5,6,7,29,0,3,2020
2020-07-26,Tennessee,162653534,168284776.0,162676413.0,136181226.0,167556719.25,4837114.174135179,163370239.75,6,7,30,0,3,2020
2020-08-02,Tennessee,164098352,162653534.0,163688558.0,133107420.0,165096314.25,2393953.3489083443,164163121.66666666,6,8,31,0,3,2020
2020-08-09,Tennessee,167374216,164098352.0,162441172.0,133743338.0,165602719.5,2664109.8330193204,164908526.0,6,8,32,0,3,2020
2020-08-16,Tennessee,169028938,167374216.0,162325746.0,133174600.0,165788760.0,2926860.973646209,165181461.16666666,6,8,33,0,3,2020
2020-08-23,Tennessee,162518556,169028938.0,173939972.0,128870419.0,165755015.5,2975431.7805756475,165364902.33333334,6,8,34,0,3,2020
2020-08-30,Tennessee,160376685,162518556.0,165348595.0,132609604.0,164824598.75,4052932.540883388,165173258.33333334,6,8,35,1,3,2020
2020-09-06,Tennessee,167313185,160376685.0,168284776.0,132141058.0,164809341.0,4040229.7273507304,165475310.58333334,6,9,36,0,3,2020
2020-09-13,Tennessee,166162276,167313185.0,162653534.0,129634554.0,164092675.5,3211508.745411345,165785402.58333334,6,9,37,0,3,2020
2020-09-20,Tennessee,162000007,166162276.0,164098352.0,130792972.0,163963038.25,3305326.5723587433,165758257.66666666,6,9,38,0,3,2020
2020-09-27,Tennessee,153161315,162000007.0,167374216.0,139507291.0,162159195.75,6418085.2733091265,164026702.91666666,6,9,39,0,3,2020
2020-10-04,Tennessee,159085809,153161315.0,169028938.0,146429789.0,160102351.75,5463061.647434782,163504804.08333334,6,10,40,0,4,2020
2020-10-11,Tennessee,152184572,159085809.0,162518556.0,158684644.0,156607925.75,4713796.405831381,162163120.41666666,6,10,41,0,4,2020
2020-10-18,Tennessee,151088439,152184572.0,160376685.0,153445821.0,153880033.75,3572312.24787973,161199362.5,6,10,42,0,4,2020
2020-10-25,Tennessee,149058215,151088439.0,167313185.0,140061174.0,152854258.75,4351580.800996521,159946017.75,6,10,43,1,4,2020
2020-11-01,Tennessee,146919256,149058215.0,166162276.0,148042745.0,149812620.5,2323399.2734486326,158241437.75,6,11,44,0,4,2020
2020-11-08,Tennessee,150118207,146919256.0,162000007.0,146683983.0,149296029.25,1788324.6968330117,156665543.5,6,11,45,0,4,2020
2020-11-15,Tennessee,149010433,150118207.0,153161315.0,147343447.0,148776527.75,1339604.535676937,155539866.58333334,6,11,46,0,4,2020
2020-11-22,Tennessee,152893006,149010433.0,159085809.0,146800271.0,149735225.5,2488189.49630107,154916226.66666666,6,11,47,0,4,2020
2020-11-29,Tennessee,145806795,152893006.0,152184572.0,155827619.0,149457110.25,2930685.386718646,153124027.5,6,11,48,0,4,2020
2020-12-06,Tennessee,141511500,145806795.0,151088439.0,154583769.0,147305433.5,4828511.588949568,151069796.16666666,6,12,49,0,4,2020
2020-12-13,Tennessee,146091196,141511500.0,149058215.0,158429364.0,146575624.25,4703914.530818086,149744061.91666666,6,12,50,0,4,2020
2020-12-20,Tennessee,151754623,146091196.0,146919256.0,165753716.0,146291028.5,4201950.842696793,149626837.58333334,6,12,51,0,4,2020
2020-12-27,Tennessee,146242222,151754623.0,150118207.0,160317262.0,146399885.25,4190850.091853228,148556538.66666666,6,12,52,0,4,2020
2021-01-03,Tennessee,144863751,146242222.0,149010433.0,162676413.0,147237948.0,3073742.283005841,147946470.25,6,1,53,0,1,2021
2021-01-10,Tennessee,145534816,144863751.0,152893006.0,163688558.0,147098853.0,3154462.640494884,147483668.33333334,6,1,1,0,1,2021
2021-01-17,Tennessee,145423790,145534816.0,145806795.0,162441172.0,145516144.75,566181.3000063304,147180799.58333334,6,1,2,0,1,2021
2021-01-24,Tennessee,140867016,145423790.0,141511500.0,162325746.0,144172343.25,2223037.2518194243,146676446.25,6,1,3,0,1,2021
2021-01-31,Tennessee,141317750,140867016.0,146091196.0,173939972.0,143285843.0,2539869.4875994334,145943074.83333334,6,1,4,0,1,2021
2021-02-07,Tennessee,144564282,141317750.0,151754623.0,165348595.0,143043209.5,2287200.159060478,145572562.25,6,2,5,0,1,2021
2021-02-14,Tennessee,143265221,144564282.0,146242222.0,168284776.0,142503567.25,1723477.517504514,144770246.83333334,6,2,6,0,1,2021
2021-02-21,Tennessee,138443611,143265221.0,144863751.0,162653534.0,141897716.0,2661318.3493375257,144156648.16666666,6,2,7,0,1,2021
2021-02-28,Tennessee,152040541,138443611.0,145534816.0,164098352.0,144578413.75,5628612.107841227,145034068.25,6,2,8,0,1,2021
2021-03-07,Tennessee,157927424,152040541.0,145423790.0,167374216.0,147919199.25,8729190.62116331,146020420.58333334,6,3,9,0,1,2021
2021-03-14,Tennessee,172301350,157927424.0,140867016.0,169028938.0,155178231.5,14031534.38413999,147732647.83333334,6,3,10,0,1,2021
2021-03-21,Tennessee,167121384,172301350.0,141317750.0,162518556.0,162347674.75,9085511.796614468,149472578.0,6,3,11,0,1,2021
2021-03-28,Tennessee,152222936,167121384.0,144564282.0,160376685.0,162393273.5,9016736.021617768,150085843.41666666,6,3,12,0,1,2021
2021-04-04,Tennessee,160816224,152222936.0,143265221.0,167313185.0,163115473.5,8647958.669717347,151359294.08333334,6,4,13,0,2,2021
2021-04-11,Tennessee,163283813,160816224.0,138443611.0,166162276.0,160861089.25,6316132.392185215,152847629.33333334,6,4,14,0,2,2021
2021-04-18,Tennessee,161584036,163283813.0,152040541.0,162000007.0,159476752.25,4944572.482868329,154574047.66666666,6,4,15,0,2,2021
2021-04-25,Tennessee,158579319,161584036.0,157927424.0,153161315.0,161065848.0,1952180.503418784,156012511.75,6,4,16,1,2,2021
2021-05-02,Tennessee,166154761,158579319.0,172301350.0,159085809.0,162400482.25,3169792.5909479735,157811718.33333334,6,5,17,0,2,2021
2021-05-09,Tennessee,166121632,166154761.0,167121384.0,152184572.0,163109937.0,3705677.32395061,159716419.25,6,5,18,0,2,2021
2021-05-16,Tennessee,168247049,166121632.0,152222936.0,151088439.0,164775690.25,4248872.147089,162200039.08333334,6,5,19,0,2,2021
2021-05-23,Tennessee,175021293,168247049.0,160816224.0,149058215.0,168886183.75,4209175.507378214,164115101.75,6,5,20,0,2,2021
2021-05-30,Tennessee,173529251,175021293.0,163283813.0,146919256.0,170729806.25,4228991.326329796,165415254.0,6,5,21,0,2,2021
2021-06-06,Tennessee,174692380,173529251.0,161584036.0,150118207.0,172872493.25,3149359.374035079,165614506.5,6,6,22,0,2,2021
2021-06-13,Tennessee,177318204,174692380.0,158579319.0,149010433.0,175140282.0,1586772.374430679,166464241.5,6,6,23,0,2,2021
2021-06-20,Tennessee,182887172,177318204.0,166154761.0,152893006.0,177106751.75,4166760.24764596,169019594.5,6,6,24,0,2,2021
2021-06-27,Tennessee,174789167,182887172.0,166121632.0,145806795.0,177421730.75,3841072.474344714,170184006.41666666,6,6,25,0,2,2021
2021-07-04,Tennessee,185125331,174789167.0,168247049.0,141511500.0,180029968.5,4793954.453707991,172004132.91666666,6,7,26,0,3,2021
2021-07-11,Tennessee,176818979,185125331.0,175021293.0,146091196.0,179905162.25,4893549.440442789,173273711.5,6,7,27,0,3,2021
2021-07-18,Tennessee,181890343,176818979.0,173529251.0,151754623.0,179655955.0,4713124.293765197,175216296.83333334,6,7,28,0,3,2021
2021-07-25,Tennessee,179525336,181890343.0,174692380.0,146242222.0,180839997.25,3529128.0090373517,176330511.41666666,6,7,29,0,3,2021
2021-08-01,Tennessee,179931689,179525336.0,177318204.0,144863751.0,179541586.75,2088196.4095524948,177481349.5,6,8,30,0,3,2021
2021-08-08,Tennessee,183553300,179931689.0,182887172.0,145534816.0,181225167.0,1864150.6682409097,178756870.41666666,6,8,31,0,3,2021
2021-08-15,Tennessee,186501515,183553300.0,174789167.0,145423790.0,182377960.0,3291749.051008249,179713555.58333334,6,8,32,1,3,2021
2021-08-22,Tennessee,176653708,186501515.0,185125331.0,140867016.0,181660053.0,4284657.546641393,179973927.0,6,8,33,0,3,2021
2021-08-29,Tennessee,179713841,176653708.0,176818979.0,141317750.0,181605591.0,4315225.195770788,180392382.08333334,6,8,34,0,3,2021
2021-09-05,Tennessee,181028776,179713841.0,181890343.0,144564282.0,180974460.0,4115391.6504404573,180701596.41666666,6,9,35,0,3,2021
2021-09-12,Tennessee,177280304,181028776.0,179525336.0,143265221.0,178669157.25,2053461.6149505456,180234357.41666666,6,9,36,0,3,2021
2021-09-19,Tennessee,173504125,177280304.0,179931689.0,138443611.0,177881761.5,3305836.6569835306,180127270.58333334,6,9,37,0,3,2021
2021-09-26,Tennessee,164359614,173504125.0,183553300.0,152040541.0,174043204.75,7149348.549192484,178396794.16666666,6,9,38,0,3,2021
2021-10-03,Tennessee,244244870,164359614.0,186501515.0,157927424.0,189847228.25,36668544.72643433,184015618.41666666,6,10,39,0,4,2021
2021-10-10,Tennessee,239728177,244244870.0,176653708.0,172301350.0,205459196.5,42383148.261238605,188835437.91666666,6,10,40,0,4,2021
2021-10-17,Tennessee,237896333,239728177.0,179713841.0,167121384.0,221557248.5,38224973.88956206,193699687.66666666,6,10,41,0,4,2021
2021-10-24,Tennessee,233290614,237896333.0,181028776.0,152222936.0,238789998.5,4534227.971187755,198146264.75,6,10,42,0,4,2021
2021-10-31,Tennessee,229313039,233290614.0,177280304.0,160816224.0,235057040.75,4690235.030148348,201959576.33333334,6,10,43,0,4,2021
2021-11-07,Tennessee,230197587,229313039.0,173504125.0,163283813.0,232674393.25,3876495.5978044616,205600915.66666666,6,11,44,0,4,2021
2021-11-14,Tennessee,234007513,230197587.0,164359614.0,161584036.0,231702188.25,2295610.1314249104,210380399.41666666,6,11,45,0,4,2021
2021-11-21,Tennessee,238791206,234007513.0,244244870.0,158579319.0,233077336.25,4319584.310071131,215303513.16666666,6,11,46,0,4,2021
2021-11-28,Tennessee,220939630,238791206.0,239728177.0,166154761.0,230983984.0,7563110.261659316,218629417.66666666,6,11,47,0,4,2021
2021-12-05,Tennessee,224771953,220939630.0,237896333.0,166121632.0,229627575.5,8210023.209831431,222587055.08333334,6,12,48,0,4,2021
2021-12-12,Tennessee,227632845,224771953.0,233290614.0,168247049.0,228033908.5,7677878.234557609,227097781.75,6,12,49,0,4,2021
2021-12-19,Tennessee,237893228,227632845.0,229313039.0,175021293.0,227809414.0,7260270.493848315,233225582.91666666,6,12,50,0,4,2021
2021-12-26,Tennessee,232430156,237893228.0,230197587.0,173529251.0,230682045.5,5752792.377511765,232241023.41666666,6,12,51,0,4,2021
2022-01-02,Tennessee,224767189,232430156.0,234007513.0,174692380.0,230680854.5,5754424.06036099,230994274.41666666,6,1,52,0,1,2022
2022-01-09,Tennessee,221163584,224767189.0,238791206.0,177318204.0,229063539.25,7531388.322346554,229599878.66666666,6,1,1,0,1,2022
2022-01-16,Tennessee,232413351,221163584.0,220939630.0,182887172.0,227693570.0,5654378.90903187,229526773.41666666,6,1,2,0,1,2022
2022-01-23,Tennessee,215309649,232413351.0,224771953.0,174789167.0,223413443.25,7154586.290282527,228359824.25,6,1,3,0,1,2022
2022-01-30,Tennessee,219249546,215309649.0,227632845.0,185125331.0,222034032.5,7336180.4694120465,227447487.5,6,1,4,0,1,2022
2022-02-06,Tennessee,224516171,219249546.0,237893228.0,176818979.0,222872179.25,7394863.1423720075,226656542.33333334,6,2,5,0,1,2022
2022-02-13,Tennessee,225524007,224516171.0,232430156.0,181890343.0,221149843.25,4767405.637881886,225550942.41666666,6,2,6,0,1,2022
2022-02-20,Tennessee,218613740,225524007.0,224767189.0,179525336.0,221975866.0,3548669.517400442,225357118.25,6,2,7,0,1,2022
2022-02-27,Tennessee,233514026,218613740.0,221163584.0,179931689.0,225541986.0,6126625.8809881415,226085624.33333334,6,2,8,0,1,2022
2022-03-06,Tennessee,241950510,233514026.0,232413351.0,183553300.0,229900570.75,10079764.438540578,227278763.08333334,6,3,9,0,1,2022
2022-03-13,Tennessee,240827838,241950510.0,215309649.0,186501515.0,233726528.5,10747154.691442287,227523313.91666666,6,3,10,0,1,2022
2022-03-20,Tennessee,239039594,240827838.0,219249546.0,176653708.0,238832992.0,3743100.8865021267,228074100.41666666,6,3,11,0,1,2022
2022-03-27,Tennessee,242009531,239039594.0,224516171.0,179713841.0,240956868.25,1389005.897240641,229510962.25,6,3,12,0,1,2022
2022-04-03,Tennessee,248168046,242009531.0,225524007.0,181028776.0,242511252.25,3963892.627398636,231761334.08333334,6,4,13,0,2,2022
2022-04-10,Tennessee,252377518,248168046.0,218613740.0,177280304.0,245398672.25,6008268.568441208,233425014.66666666,6,4,14,0,2,2022
2022-04-17,Tennessee,252796423,252377518.0,233514026.0,173504125.0,248837879.5,5009129.2492557345,236548912.5,6,4,15,0,2,2022
2022-04-24,Tennessee,247631530,252796423.0,241950510.0,164359614.0,250243379.25,2720376.5178706264,238914077.83333334,6,4,16,0,2,2022
2022-05-01,Tennessee,255580296,247631530.0,240827838.0,244244870.0,252096441.75,3298568.1226453264,241502754.91666666,6,5,17,0,2,2022
2022-05-08,Tennessee,254369211,255580296.0,239039594.0,239728177.0,252594365.0,3499353.3180224886,243906521.91666666,6,5,18,0,2,2022
2022-05-15,Tennessee,259908048,254369211.0,242009531.0,237896333.0,254372271.25,5084019.079004121,247347714.25,6,5,19,0,2,2022
2022-05-22,Tennessee,274411659,259908048.0,248168046.0,233290614.0,261067303.5,9208463.34390764,250755850.33333334,6,5,20,0,2,2022
2022-05-29,Tennessee,263543147,274411659.0,252377518.0,229313039.0,263058016.25,8456914.176925642,252555236.75,6,5,21,0,2,2022
2022-06-05,Tennessee,257824139,263543147.0,252796423.0,230197587.0,263921748.25,7381783.766181942,253971595.16666666,6,6,22,0,2,2022
2022-06-12,Tennessee,260960599,257824139.0,247631530.0,234007513.0,264184886.0,7207723.727456702,255798345.58333334,6,6,23,0,2,2022
2022-06-19,Tennessee,276362609,260960599.0,255580296.0,238791206.0,264672623.5,8136591.095981208,258661102.08333334,6,6,24,0,2,2022
2022-06-26,Tennessee,270841107,276362609.0,254369211.0,220939630.0,266497113.5,8603715.48566707,260550523.83333334,6,6,25,0,2,2022
2022-07-03,Tennessee,281650881,270841107.0,259908048.0,224771953.0,272453799.0,8842313.69905877,262989970.75,6,7,26,0,3,2022
2022-07-10,Tennessee,267019121,281650881.0,274411659.0,227632845.0,273968429.5,6398572.527661931,264175195.58333334,6,7,27,1,3,2022
2022-07-17,Tennessee,269218064,267019121.0,263543147.0,237893228.0,272182293.25,6503792.157051244,265974073.41666666,6,7,28,0,3,2022
2022-07-24,Tennessee,270085372,269218064.0,257824139.0,232430156.0,271993359.5,6566415.856216643,267182829.75,6,7,29,0,3,2022
2022-07-31,Tennessee,273364370,270085372.0,260960599.0,224767189.0,269921731.75,2633048.5322902766,268765759.6666667,6,7,30,0,3,2022
2022-08-07,Tennessee,279884067,273364370.0,276362609.0,221163584.0,273137968.25,4838908.2546870615,270430427.9166667,6,8,31,0,3,2022
2022-08-14,Tennessee,281964916,279884067.0,270841107.0,232413351.0,276324681.25,5542980.472826923,271059866.0,6,8,32,0,3,2022
2022-08-21,Tennessee,271716139,281964916.0,281650881.0,215309649.0,276732373.0,4960468.024533203,271740948.6666667,6,8,33,0,3,2022
2022-08-28,Tennessee,273613652,271716139.0,267019121.0,219249546.0,276794693.5,4905309.033968536,273056741.4166667,6,8,34,0,3,2022
2022-09-04,Tennessee,279000553,273613652.0,269218064.0,224516171.0,276573815.0,4736827.64517875,274560070.9166667,6,9,35,0,3,2022
2022-09-11,Tennessee,267382745,279000553.0,270085372.0,225524007.0,272928272.25,4815408.5463498505,273811748.9166667,6,9,36,0,3,2022
2022-09-18,Tennessee,267283151,267382745.0,273364370.0,218613740.0,271820025.25,5628787.899840947,273515252.5833333,6,9,37,0,3,2022
2022-09-25,Tennessee,262818392,267283151.0,279884067.0,233514026.0,269121210.25,6921648.510205204,271945878.5,6,9,38,0,3,2022
2022-10-02,Tennessee,268423833,262818392.0,281964916.0,241950510.0,266477030.25,2493045.304021954,272062937.8333333,6,10,39,1,4,2022
2022-10-09,Tennessee,258166827,268423833.0,271716139.0,240827838.0,264173050.75,4678022.992888478,271142001.4166667,6,10,40,1,4,2022
2022-10-16,Tennessee,257083138,258166827.0,273613652.0,239039594.0,261623047.5,5171581.650504353,270058481.9166667,6,10,41,0,4,2022
2022-10-23,Tennessee,249615671,257083138.0,279000553.0,242009531.0,258322367.25,7733176.401962561,268079423.66666666,6,10,42,0,4,2022
2022-10-30,Tennessee,244890147,249615671.0,267382745.0,248168046.0,252438945.75,6306937.665540751,265163263.66666666,6,10,43,0,4,2022
2022-11-06,Tennessee,247831243,244890147.0,267283151.0,252377518.0,249855049.75,5197711.516107894,262318790.91666666,6,11,44,0,4,2022
2022-11-13,Tennessee,248078955,247831243.0,262818392.0,252796423.0,247604004.0,1973916.5763239248,260349025.58333334,6,11,45,0,4,2022
2022-11-20,Tennessee,252021988,248078955.0,268423833.0,247631530.0,248205583.25,2927640.0097521,258549720.25,6,11,46,0,4,2022
2022-11-27,Tennessee,244384957,252021988.0,258166827.0,255580296.0,248079285.75,3122738.715745834,255665087.25,6,11,47,0,4,2022
2022-12-04,Tennessee,239754272,244384957.0,257083138.0,254369211.0,246060043.0,5234165.162933659,253362714.5,6,12,48,0,4,2022
2022-12-11,Tennessee,243035327,239754272.0,249615671.0,259908048.0,244799136.0,5193034.123545407,251342062.5,6,12,49,0,4,2022
2022-12-18,Tennessee,255439196,243035327.0,244890147.0,274411659.0,245653438.0,6807465.71507589,250727129.5,6,12,50,0,4,2022
2022-12-25,Tennessee,260271337,255439196.0,247831243.0,263543147.0,249625033.0,9798034.29497538,250047754.83333334,6,12,51,1,4,2022
2023-01-01,Tennessee,238471494,260271337.0,248078955.0,257824139.0,249304338.5,10239833.29604898,248406477.08333334,6,1,52,0,1,2023
2023-01-08,Tennessee,234174813,238471494.0,252021988.0,260960599.0,247089210.0,12708755.739969052,246497450.0,6,1,1,0,1,2023
2023-01-15,Tennessee,241146884,234174813.0,244384957.0,276362609.0,243516132.0,11533412.965356108,245791717.75,6,1,2,0,1,2023
2023-01-22,Tennessee,227700587,241146884.0,239754272.0,270841107.0,235373444.5,5866287.129372032,244359254.41666666,6,1,3,0,1,2023
2023-01-29,Tennessee,232326868,227700587.0,243035327.0,281650881.0,233837288.0,5582251.175187329,243067223.16666666,6,1,4,0,1,2023
2023-02-05,Tennessee,238263896,232326868.0,255439196.0,267019121.0,234859558.75,6021776.312225978,242249301.58333334,6,2,5,0,1,2023
2023-02-12,Tennessee,244895147,238263896.0,260271337.0,269218064.0,235796624.5,7448838.247414066,241655398.16666666,6,2,6,0,1,2023
2023-02-19,Tennessee,243855297,244895147.0,238471494.0,270085372.0,239835302.0,5791035.865117773,241611259.83333334,6,2,7,0,1,2023
2023-02-26,Tennessee,246705712,243855297.0,234174813.0,273364370.0,243430013.0,3639892.531147084,242190546.5,6,2,8,0,1,2023
2023-03-05,Tennessee,263365665,246705712.0,241146884.0,279884067.0,249705455.25,9182650.434197012,243884741.33333334,6,3,9,0,1,2023
2023-03-12,Tennessee,272208646,263365665.0,227700587.0,281964916.0,256533830.0,13536505.316551644,245282195.5,6,3,10,0,1,2023
2023-03-19,Tennessee,261497090,272208646.0,232326868.0,271716139.0,260944278.25,10579720.605745247,245384341.58333334,6,3,11,0,1,2023
2023-03-26,Tennessee,250826661,261497090.0,238263896.0,273613652.0,261974515.5,8778293.666455531,246413938.83333334,6,3,12,0,1,2023
2023-04-02,Tennessee,261110232,250826661.0,244895147.0,279000553.0,261410657.25,8731461.57326576,248658557.08333334,6,4,13,0,2,2023
2023-04-09,Tennessee,262632908,261110232.0,243855297.0,267382745.0,259016722.75,5498148.4733753055,250449059.08333334,6,4,14,0,2,2023
2023-04-16,Tennessee,263975661,262632908.0,246705712.0,267283151.0,259636365.5,5988653.945247015,253471981.91666666,6,4,15,0,2,2023
2023-04-23,Tennessee,264857799,263975661.0,263365665.0,262818392.0,263144150.0,1635664.4166422596,256182892.83333334,6,4,16,0,2,2023
2023-04-30,Tennessee,265892238,264857799.0,272208646.0,268423833.0,264339651.5,1381359.7323675957,258485254.66666666,6,4,17,0,2,2023
2023-05-07,Tennessee,273499573,265892238.0,261497090.0,258166827.0,267056317.75,4366331.4344513435,260868956.83333334,6,5,18,0,2,2023
2020-05-03,Texas,538277575,515487730.0,587593531.0,541078907.0,517021132.75,15172131.139458178,510089059.4166667,6,5,18,0,2,2020
2020-05-10,Texas,534010977,538277575.0,553455243.0,514652477.0,524878169.5,13214118.778967042,516348236.25,6,5,19,0,2,2020
2020-05-17,Texas,542776800,534010977.0,498719329.0,484212181.0,532638270.5,11980774.853118803,523476591.25,6,5,20,0,2,2020
2020-05-24,Texas,579200968,542776800.0,490671369.0,483599435.0,548566580.0,20734162.49547732,530708353.0833333,6,5,21,0,2,2020
2020-05-31,Texas,544491664,579200968.0,502582830.0,481478333.0,550120102.25,19923219.905080818,533250367.6666667,6,5,22,0,2,2020
2020-06-07,Texas,577567533,544491664.0,511736396.0,483320679.0,561009241.25,20086216.00309692,532414867.8333333,6,6,23,0,2,2020
2020-06-14,Texas,584731656,577567533.0,515487730.0,478104629.0,571497955.25,18263321.91497788,535021235.5833333,6,6,24,0,2,2020
2020-06-21,Texas,575978458,584731656.0,538277575.0,490235899.0,570692327.75,17877258.728166386,541459496.3333334,6,6,25,0,2,2020
2020-06-28,Texas,558015179,575978458.0,534010977.0,472848726.0,574073206.5,11362263.476110438,547071480.5,6,6,26,0,2,2020
2020-07-05,Texas,601072951,558015179.0,542776800.0,471710635.0,579949561.0,17943920.144342825,555278990.5833334,6,7,27,0,3,2020
2020-07-12,Texas,586230214,601072951.0,579200968.0,481564976.0,580324200.5,18092075.253520988,561486808.75,6,7,28,0,3,2020
2020-07-19,Texas,586136878,586230214.0,544491664.0,507804112.0,582863805.5,17991413.957364954,567374237.75,6,7,29,0,3,2020
2020-07-26,Texas,558759620,586136878.0,577567533.0,467525422.0,583049915.75,17649286.105837137,569081074.8333334,6,7,30,0,3,2020
2020-08-02,Texas,566934225,558759620.0,584731656.0,452390589.0,574515234.25,13880615.207766216,571824678.8333334,6,8,31,0,3,2020
2020-08-09,Texas,598101048,566934225.0,575978458.0,466671049.0,577482942.75,17905633.381528303,576435032.8333334,6,8,32,0,3,2020
2020-08-16,Texas,612342532,598101048.0,558015179.0,461142927.0,584034356.25,25366982.558414374,579196829.8333334,6,8,33,0,3,2020
2020-08-23,Texas,594962351,612342532.0,601072951.0,452238817.0,593085039.0,19003515.079593994,583402720.4166666,6,8,34,0,3,2020
2020-08-30,Texas,587830951,594962351.0,586230214.0,471958590.0,598309220.5,10295190.375614692,584258005.25,6,8,35,1,3,2020
2020-09-06,Texas,578186225,587830951.0,586136878.0,461755209.0,593330514.75,14418904.291859126,583712552.6666666,6,9,36,0,3,2020
2020-09-13,Texas,558426370,578186225.0,558759620.0,458900855.0,579851474.25,15851590.798670366,582249878.6666666,6,9,37,0,3,2020
2020-09-20,Texas,552604069,558426370.0,566934225.0,457236540.0,569261903.75,16526194.114714073,581798952.8333334,6,9,38,0,3,2020
2020-09-27,Texas,535440643,552604069.0,598101048.0,492419826.0,556164326.75,17627888.374340944,576329593.8333334,6,9,39,0,3,2020
2020-10-04,Texas,555993589,535440643.0,612342532.0,513987489.0,550616167.75,10394938.212153576,573809875.0833334,6,10,40,0,4,2020
2020-10-11,Texas,553150409,555993589.0,594962351.0,587593531.0,549297177.5,9356430.93835087,571061002.6666666,6,10,41,0,4,2020
2020-10-18,Texas,537675846,553150409.0,587830951.0,553455243.0,545565121.75,10504526.860169638,569304021.5,6,10,42,0,4,2020
2020-10-25,Texas,517086067,537675846.0,578186225.0,498719329.0,540976477.75,17845299.36358058,565150008.3333334,6,10,43,1,4,2020
2020-11-01,Texas,499850544,517086067.0,558426370.0,490671369.0,526940716.5,23332256.2787652,556962466.3333334,6,11,44,0,4,2020
2020-11-08,Texas,515400732,499850544.0,552604069.0,502582830.0,517503297.25,15525745.093108367,548883983.0,6,11,45,0,4,2020
2020-11-15,Texas,515212246,515400732.0,535440643.0,511736396.0,511887397.25,8068666.63101852,542238140.9166666,6,11,46,0,4,2020
2020-11-22,Texas,539488248,515212246.0,555993589.0,515487730.0,517487942.5,16377082.668295514,538209582.3333334,6,11,47,0,4,2020
2020-11-29,Texas,496499365,539488248.0,553150409.0,538277575.0,516650147.75,17618753.925157417,531402344.0,6,11,48,0,4,2020
2020-12-06,Texas,486652318,496499365.0,537675846.0,534010977.0,509463044.25,23259065.564065825,525421173.0,6,12,49,0,4,2020
2020-12-13,Texas,509601474,486652318.0,517086067.0,542776800.0,508060351.25,22964088.226076122,521837623.4166667,6,12,50,0,4,2020
2020-12-20,Texas,524094563,509601474.0,499850544.0,579200968.0,504211930.0,16250024.738549327,520892116.75,6,12,51,0,4,2020
2020-12-27,Texas,499021081,524094563.0,515400732.0,544491664.0,504842359.0,15896135.836273832,516144407.75,6,12,52,0,4,2020
2021-01-03,Texas,485954921,499021081.0,515212246.0,577567533.0,504668009.75,16163720.029272018,510544783.75,6,1,53,0,1,2021
2021-01-10,Texas,495592761,485954921.0,539488248.0,584731656.0,501165831.5,16255846.086288719,507037860.0,6,1,1,0,1,2021
2021-01-17,Texas,492394555,495592761.0,496499365.0,575978458.0,493240829.5,5560081.905381992,504980234.0,6,1,2,0,1,2021
2021-01-24,Texas,481922320,492394555.0,486652318.0,558015179.0,488966139.25,6173842.006083043,503486215.3333333,6,1,3,0,1,2021
2021-01-31,Texas,494403062,481922320.0,509601474.0,601072951.0,491078174.5,6244968.572101081,501736409.5,6,1,4,0,1,2021
2021-02-07,Texas,508609493,494403062.0,524094563.0,586230214.0,494332357.5,10978854.015668709,501186180.0833333,6,2,5,0,1,2021
2021-02-14,Texas,498618693,508609493.0,499021081.0,586136878.0,495888392.0,11053480.99802181,497780383.8333333,6,2,6,0,1,2021
2021-02-21,Texas,505144380,498618693.0,485954921.0,558759620.0,501693907.0,6386038.302603266,498500801.75,6,2,7,0,1,2021
2021-02-28,Texas,544512377,505144380.0,495592761.0,566934225.0,514221235.75,20614505.778630055,503322473.3333333,6,2,8,0,1,2021
2021-03-07,Texas,547202849,544512377.0,492394555.0,598101048.0,523869574.75,25552605.34359285,506455921.25,6,3,9,0,1,2021
2021-03-14,Texas,626790165,547202849.0,481922320.0,612342532.0,555912442.75,51012633.17104384,515013888.0833333,6,3,10,0,1,2021
2021-03-21,Texas,593057396,626790165.0,494403062.0,594962351.0,577890696.75,39484355.51005456,522850247.6666667,6,3,11,0,1,2021
2021-03-28,Texas,530931012,593057396.0,508609493.0,587830951.0,574495355.5,43673139.66197631,526598255.25,6,3,12,0,1,2021
2021-04-04,Texas,532237093,530931012.0,498618693.0,578186225.0,570753916.5,47282539.973746985,529651949.5833333,6,4,13,0,2,2021
2021-04-11,Texas,542908686,532237093.0,505144380.0,558426370.0,549783546.75,29343857.079716373,533861460.5,6,4,14,0,2,2021
2021-04-18,Texas,534217661,542908686.0,544512377.0,552604069.0,535073613.0,5395306.957508915,538219405.5833334,6,4,15,0,2,2021
2021-04-25,Texas,546096314,534217661.0,547202849.0,535440643.0,538864938.5,6687555.8464866,542527176.5833334,6,4,16,1,2,2021
2021-05-02,Texas,562123905,546096314.0,626790165.0,555993589.0,546336641.5,11660703.429253977,546986710.9166666,6,5,17,0,2,2021
2021-05-09,Texas,585712658,562123905.0,593057396.0,553150409.0,557037634.5,22275478.334925015,554244541.3333334,6,5,18,0,2,2021
2021-05-16,Texas,570427145,585712658.0,530931012.0,537675846.0,566090005.5,16526109.87852741,559684771.75,6,5,19,0,2,2021
2021-05-23,Texas,583267376,570427145.0,532237093.0,517086067.0,575382771.0,11093982.123905731,562914355.0,6,5,20,0,2,2021
2021-05-30,Texas,593132909,583267376.0,542908686.0,499850544.0,583135022.0,9453563.829613037,566741860.0,6,5,21,0,2,2021
2021-06-06,Texas,606902920,593132909.0,534217661.0,515400732.0,588432587.5,15428561.98013337,565084589.5833334,6,6,22,0,2,2021
2021-06-13,Texas,635379158,606902920.0,546096314.0,515212246.0,604670590.75,22651086.05363162,568611403.0833334,6,6,23,0,2,2021
2021-06-20,Texas,644970852,635379158.0,562123905.0,539488248.0,620096459.75,24175737.25721766,578114723.0833334,6,6,24,0,2,2021
2021-06-27,Texas,611761164,644970852.0,585712658.0,496499365.0,624753523.5,18340210.203229703,584741729.0,6,6,25,0,2,2021
2021-07-04,Texas,639236238,611761164.0,570427145.0,486652318.0,632836853.0,14592624.183104409,592769025.0,6,7,26,0,3,2021
2021-07-11,Texas,604727977,639236238.0,583267376.0,509601474.0,625174057.75,19896447.863413807,598644884.6666666,6,7,27,0,3,2021
2021-07-18,Texas,626723672,604727977.0,593132909.0,524094563.0,620612262.75,15436474.770312706,605363831.1666666,6,7,28,0,3,2021
2021-07-25,Texas,607071960,626723672.0,606902920.0,499021081.0,619439961.75,16475789.823702982,609109502.4166666,6,7,29,0,3,2021
2021-08-01,Texas,613570624,607071960.0,635379158.0,485954921.0,613023558.25,9869660.374138448,611430999.5833334,6,8,30,0,3,2021
2021-08-08,Texas,628737508,613570624.0,644970852.0,495592761.0,619025941.0,10427971.06284662,616290196.5,6,8,31,0,3,2021
2021-08-15,Texas,654731720,628737508.0,611761164.0,492394555.0,626027953.0,21179885.46332427,622245558.5,6,8,32,1,3,2021
2021-08-22,Texas,643350117,654731720.0,639236238.0,481922320.0,635097492.25,17864902.004734386,626430325.8333334,6,8,33,0,3,2021
2021-08-29,Texas,633347096,643350117.0,604727977.0,494403062.0,640041610.25,11537544.367610583,628634007.1666666,6,8,34,0,3,2021
2021-09-05,Texas,640916100,633347096.0,626723672.0,508609493.0,643086258.25,8855267.151485449,629095419.0,6,9,35,0,3,2021
2021-09-12,Texas,605811949,640916100.0,607071960.0,498618693.0,630856315.5,17230966.5137444,625832177.0833334,6,9,36,0,3,2021
2021-09-19,Texas,605126912,605811949.0,613570624.0,505144380.0,621300514.25,18541596.47405212,625279322.75,6,9,37,0,3,2021
2021-09-26,Texas,576513741,605126912.0,628737508.0,544512377.0,607092175.5,26360322.238598313,620052448.0,6,9,38,0,3,2021
2021-10-03,Texas,846360996,576513741.0,654731720.0,547202849.0,658453399.5,126013503.29407166,640188532.9166666,6,10,39,0,4,2021
2021-10-10,Texas,860378788,846360996.0,643350117.0,626790165.0,722095109.25,152140155.08498958,659659792.5833334,6,10,40,0,4,2021
2021-10-17,Texas,821470951,860378788.0,633347096.0,593057396.0,776181119.0,134080440.18517613,677526375.1666666,6,10,41,0,4,2021
2021-10-24,Texas,816123888,821470951.0,640916100.0,530931012.0,836083655.75,20879021.707636457,694405813.8333334,6,10,42,0,4,2021
2021-10-31,Texas,803785398,816123888.0,605811949.0,532237093.0,825439756.25,24441658.33988238,708993138.0,6,10,43,0,4,2021
2021-11-07,Texas,798078686,803785398.0,605126912.0,542908686.0,809864730.75,10797384.490482774,720938718.5,6,11,44,0,4,2021
2021-11-14,Texas,813596080,798078686.0,576513741.0,534217661.0,807896013.0,8435357.252329009,735125882.0833334,6,11,45,0,4,2021
2021-11-21,Texas,825496999,813596080.0,846360996.0,546096314.0,810239290.75,12022184.14189992,751138374.0,6,11,46,0,4,2021
2021-11-28,Texas,753648979,825496999.0,860378788.0,562123905.0,797705186.0,31443039.820300702,760532780.5833334,6,11,47,0,4,2021
2021-12-05,Texas,767109222,753648979.0,821470951.0,585712658.0,789962820.0,34938950.78156812,773974220.0,6,12,48,0,4,2021
2021-12-12,Texas,797449709,767109222.0,816123888.0,570427145.0,785926227.25,32117165.969326686,790001119.75,6,12,49,0,4,2021
2021-12-19,Texas,818184291,797449709.0,803785398.0,583267376.0,784098050.25,29188495.594091967,810140332.25,6,12,50,0,4,2021
2021-12-26,Texas,790855957,818184291.0,798078686.0,593132909.0,793399794.75,21042325.487930097,805514912.3333334,6,12,51,0,4,2021
2022-01-02,Texas,756947881,790855957.0,813596080.0,606902920.0,790859459.5,25430119.76380767,796895670.0833334,6,1,52,0,1,2022
2022-01-09,Texas,762413549,756947881.0,825496999.0,635379158.0,782100419.5,28277955.385895938,791974219.9166666,6,1,1,0,1,2022
2022-01-16,Texas,773239165,762413549.0,753648979.0,644970852.0,770864138.0,14948670.43715988,788400493.0,6,1,2,0,1,2022
2022-01-23,Texas,757025431,773239165.0,767109222.0,611761164.0,762406506.5,7661573.068684464,784503829.0833334,6,1,3,0,1,2022
2022-01-30,Texas,765830590,757025431.0,797449709.0,639236238.0,764627183.75,6789728.304122945,781816487.75,6,1,4,0,1,2022
2022-02-06,Texas,777748296,765830590.0,818184291.0,604727977.0,768460870.5,9069656.78905244,778829172.4166666,6,2,5,0,1,2022
2022-02-13,Texas,782679657,777748296.0,790855957.0,626723672.0,770820993.5,11602256.845357735,775261060.5833334,6,2,6,0,1,2022
2022-02-20,Texas,782777958,782679657.0,756947881.0,607071960.0,777259125.25,7972669.677474672,777688475.5,6,2,7,0,1,2022
2022-02-27,Texas,802452110,782777958.0,762413549.0,613570624.0,786414505.25,10946559.82845771,780633716.1666666,6,2,8,0,1,2022
2022-03-06,Texas,816625522,802452110.0,773239165.0,628737508.0,796133811.75,16524972.931639347,782231700.5833334,6,3,9,0,1,2022
2022-03-13,Texas,812675554,816625522.0,757025431.0,654731720.0,803632786.0,15131652.13048545,781772639.1666666,6,3,10,0,1,2022
2022-03-20,Texas,833042210,812675554.0,765830590.0,643350117.0,816198849.0,12718324.056473127,785288160.25,6,3,11,0,1,2022
2022-03-27,Texas,827095885,833042210.0,777748296.0,633347096.0,822359792.75,9366802.181194805,791133827.25,6,3,12,0,1,2022
2022-04-03,Texas,850032374,827095885.0,782679657.0,640916100.0,830711505.75,15460664.077705678,798435396.0,6,4,13,0,2,2022
2022-04-10,Texas,871634417,850032374.0,782777958.0,605811949.0,845451221.5,19978727.26389108,806635000.3333334,6,4,14,0,2,2022
2022-04-17,Texas,870295163,871634417.0,802452110.0,605126912.0,854764459.75,20926385.77886837,816074144.6666666,6,4,15,0,2,2022
2022-04-24,Texas,839737382,870295163.0,816625522.0,576513741.0,857924834.0,15642378.76950549,822233044.0,6,4,16,0,2,2022
2022-05-01,Texas,850167887,839737382.0,812675554.0,846360996.0,857958712.25,15619717.791645544,828268009.9166666,6,5,17,0,2,2022
2022-05-08,Texas,890296799,850167887.0,833042210.0,860378788.0,862624307.75,22387366.827706028,837236105.0833334,6,5,18,0,2,2022
2022-05-15,Texas,898767554,890296799.0,827095885.0,821470951.0,869742405.5,29145643.169790592,846901904.75,6,5,19,0,2,2022
2022-05-22,Texas,895583947,898767554.0,850032374.0,816123888.0,883704046.75,22628740.380528968,854662891.1666666,6,5,20,0,2,2022
2022-05-29,Texas,920017258,895583947.0,871634417.0,803785398.0,901166389.5,13043789.286653439,863278869.1666666,6,5,21,0,2,2022
2022-06-05,Texas,909654384,920017258.0,870295163.0,798078686.0,906005785.75,11115160.00184925,871360438.3333334,6,6,22,0,2,2022
2022-06-12,Texas,949870391,909654384.0,839737382.0,813596080.0,918781495.0,23017941.93746556,881096120.0833334,6,6,23,0,2,2022
2022-06-19,Texas,969023692,949870391.0,850167887.0,825496999.0,937141431.25,27247507.793483645,892923437.3333334,6,6,24,0,2,2022
2022-06-26,Texas,940907762,969023692.0,890296799.0,753648979.0,942364057.25,24759676.164728887,900496386.3333334,6,6,25,0,2,2022
2022-07-03,Texas,966249952,940907762.0,898767554.0,767109222.0,956512949.25,13403648.208881907,908381014.25,6,7,26,0,3,2022
2022-07-10,Texas,936276204,966249952.0,895583947.0,797449709.0,953114402.5,16913260.616878916,913879434.3333334,6,7,27,1,3,2022
2022-07-17,Texas,948093410,936276204.0,920017258.0,818184291.0,947881832.0,13175240.051244697,922909103.3333334,6,7,28,0,3,2022
2022-07-24,Texas,941450753,948093410.0,909654384.0,790855957.0,948017579.75,13081899.277966583,930516008.8333334,6,7,29,0,3,2022
2022-07-31,Texas,963109909,941450753.0,949870391.0,756947881.0,947232569.0,11637615.777783712,936583768.0,6,7,30,0,3,2022
2022-08-07,Texas,979016831,963109909.0,969023692.0,762413549.0,957917725.75,16731301.809852285,943271207.75,6,8,31,0,3,2022
2022-08-14,Texas,985374559,979016831.0,940907762.0,773239165.0,967238013.0,19576336.69535457,950753758.75,6,8,32,0,3,2022
2022-08-21,Texas,956650830,985374559.0,966249952.0,757025431.0,971038032.25,13404526.046527019,953806556.4166666,6,8,33,0,3,2022
2022-08-28,Texas,950231655,956650830.0,936276204.0,765830590.0,967818468.75,17006192.94135778,957187995.6666666,6,8,34,0,3,2022
2022-09-04,Texas,971086409,950231655.0,948093410.0,777748296.0,965835863.25,15675724.472326482,958955997.1666666,6,9,35,0,3,2022
2022-09-11,Texas,944672827,971086409.0,941450753.0,782679657.0,955660430.25,11389186.947197983,956926758.4166666,6,9,36,0,3,2022
2022-09-18,Texas,931076823,944672827.0,963109909.0,782777958.0,949266928.5,16623338.345060889,956107513.5,6,9,37,0,3,2022
2022-09-25,Texas,929950136,931076823.0,979016831.0,802452110.0,944196548.75,19134427.133960478,953082528.8333334,6,9,38,0,3,2022
2022-10-02,Texas,919216523,929950136.0,985374559.0,816625522.0,931229077.25,10435432.254701812,951660888.75,6,10,39,1,4,2022
2022-10-09,Texas,922684371,919216523.0,956650830.0,812675554.0,925731963.25,5718370.609115659,949543468.8333334,6,10,40,1,4,2022
2022-10-16,Texas,901641946,922684371.0,950231655.0,833042210.0,918373244.0,12017455.313368682,946226068.25,6,10,41,0,4,2022
2022-10-23,Texas,871009110,901641946.0,971086409.0,827095885.0,903637987.5,23622611.49360617,938551001.6666666,6,10,42,0,4,2022
2022-10-30,Texas,850515310,871009110.0,944672827.0,850032374.0,886462684.25,32007536.877325043,927842541.5833334,6,10,43,0,4,2022
2022-11-06,Texas,847475436,850515310.0,931076823.0,871634417.0,867660450.5,24948922.55518203,916350948.0,6,11,44,0,4,2022
2022-11-13,Texas,852211525,847475436.0,929950136.0,870295163.0,855302845.25,10652571.56155472,907647672.5833334,6,11,45,0,4,2022
2022-11-20,Texas,877944513,852211525.0,919216523.0,839737382.0,857036696.0,14075572.872099247,901623744.0833334,6,11,46,0,4,2022
2022-11-27,Texas,817175269,877944513.0,922684371.0,850167887.0,848701685.75,24919072.740093697,888797815.75,6,11,47,0,4,2022
2022-12-04,Texas,828531181,817175269.0,901641946.0,890296799.0,843965622.0,26947510.291443642,879119345.25,6,12,48,0,4,2022
2022-12-11,Texas,863198650,828531181.0,871009110.0,898767554.0,846712403.25,28578780.902062938,873462830.8333334,6,12,49,0,4,2022
2022-12-18,Texas,890163696,863198650.0,850515310.0,895583947.0,849767199.0,33294059.567524638,870147294.1666666,6,12,50,0,4,2022
2022-12-25,Texas,883142797,890163696.0,847475436.0,920017258.0,866259081.0,27623970.029563375,867141150.3333334,6,12,51,1,4,2022
2023-01-01,Texas,809153466,883142797.0,852211525.0,909654384.0,861414652.25,36665306.15829977,857680241.5833334,6,1,52,0,1,2023
2023-01-08,Texas,811576957,809153466.0,877944513.0,949870391.0,848509229.0,44149169.30082555,850174825.8333334,6,1,1,0,1,2023
2023-01-15,Texas,831013727,811576957.0,817175269.0,969023692.0,833721736.75,34369393.89855236,846841877.25,6,1,2,0,1,2023
2023-01-22,Texas,803963606,831013727.0,828531181.0,940907762.0,813926939.0,11825604.82608099,842962568.5833334,6,1,3,0,1,2023
2023-01-29,Texas,805963645,803963606.0,863198650.0,966249952.0,813129483.75,12350695.740909858,839503252.6666666,6,1,4,0,1,2023
2023-02-05,Texas,809824257,805963645.0,890163696.0,936276204.0,812691308.75,12454788.250448588,835970980.3333334,6,2,5,0,1,2023
2023-02-12,Texas,843860928,809824257.0,883142797.0,948093410.0,815903109.0,18796602.187354445,833130681.5833334,6,2,6,0,1,2023
2023-02-19,Texas,824199487,843860928.0,809153466.0,941450753.0,820962079.25,17164325.381823275,833716033.0833334,6,2,7,0,1,2023
2023-02-26,Texas,848193679,824199487.0,811576957.0,963109909.0,831519587.75,17838210.38783174,835354574.5833334,6,2,8,0,1,2023
2023-03-05,Texas,898283675,848193679.0,831013727.0,979016831.0,853634442.25,31544117.57771795,838278326.6666666,6,3,9,0,1,2023
2023-03-12,Texas,965979422,898283675.0,803963606.0,985374559.0,884164065.75,62670395.220541544,844596303.8333334,6,3,10,0,1,2023
2023-03-19,Texas,921704775,965979422.0,805963645.0,956650830.0,908540387.75,49055985.56966648,847809802.0,6,3,11,0,1,2023
2023-03-26,Texas,866642461,921704775.0,809824257.0,950231655.0,913152583.25,41825394.12169014,852600551.5833334,6,3,12,0,1,2023
2023-04-02,Texas,877605066,866642461.0,843860928.0,971086409.0,907982931.0,45400921.843991034,858102894.0,6,4,13,0,2,2023
2023-04-09,Texas,897717812,877605066.0,824199487.0,944672827.0,890917528.5,24225323.958450332,863661567.75,6,4,14,0,2,2023
2023-04-16,Texas,908098471,897717812.0,848193679.0,931076823.0,887515952.5,18811754.51392952,872339473.1666666,6,4,15,0,2,2023
2023-04-23,Texas,902732385,908098471.0,898283675.0,929950136.0,896538433.5,13314939.48818498,880403534.8333334,6,4,16,0,2,2023
2023-04-30,Texas,913290167,902732385.0,965979422.0,919216523.0,905459708.75,6724443.043652977,889025694.0,6,4,17,0,2,2023
2023-05-07,Texas,962022027,913290167.0,921704775.0,922684371.0,921535762.5,27332857.31238177,898872452.25,6,5,18,0,2,2023
2020-05-03,Utah,52677004,50139847.0,55451153.0,46002034.0,50057514.75,1928799.4216246484,48678460.833333336,6,5,18,0,2,2020
2020-05-10,Utah,53341435,52677004.0,50908406.0,43950311.0,51357906.5,1958187.0836125417,49469880.916666664,6,5,19,0,2,2020
2020-05-17,Utah,52220029,53341435.0,47066271.0,45862186.0,52094578.75,1382097.8812038754,50144964.5,6,5,20,0,2,2020
2020-05-24,Utah,53426620,52220029.0,46730367.0,45883522.0,52916272.0,572486.4331859677,50704772.5,6,5,21,0,2,2020
2020-05-31,Utah,52132627,53426620.0,48139868.0,43344284.0,52780177.75,699043.603602981,50958913.916666664,6,5,22,0,2,2020
2020-06-07,Utah,54771791,52132627.0,49273340.0,44258186.0,53137766.75,1239088.3670974567,50902300.416666664,6,6,23,0,2,2020
2020-06-14,Utah,54593470,54771791.0,50139847.0,46091047.0,53731127.0,1221275.8047214355,51209389.083333336,6,6,24,0,2,2020
2020-06-21,Utah,53991955,54593470.0,52677004.0,46655269.0,53872460.75,1206917.5048545115,51786529.416666664,6,6,25,0,2,2020
2020-06-28,Utah,57756300,53991955.0,53341435.0,42799316.0,55278379.0,1685300.2630631293,52705357.166666664,6,6,26,0,2,2020
2020-07-05,Utah,59980601,57756300.0,52220029.0,42990859.0,56580581.5,2804285.165097454,53692084.916666664,6,7,27,0,3,2020
2020-07-12,Utah,55434790,59980601.0,53426620.0,45535737.0,56790911.5,2631812.8779732147,54205539.083333336,6,7,28,0,3,2020
2020-07-19,Utah,58560317,55434790.0,52132627.0,50629211.0,57933002.0,1902495.9542465934,54907244.916666664,6,7,29,0,3,2020
2020-07-26,Utah,55499838,58560317.0,54771791.0,45035394.0,57368886.5,2271169.363456115,55142481.083333336,6,7,30,0,3,2020
2020-08-02,Utah,55710475,55499838.0,54593470.0,42867211.0,56301355.0,1510564.2314885703,55339901.083333336,6,8,31,0,3,2020
2020-08-09,Utah,55857710,55710475.0,53991955.0,42495523.0,56407085.0,1442981.121100569,55643041.166666664,6,8,32,0,3,2020
2020-08-16,Utah,56385234,55857710.0,57756300.0,42668745.0,55863314.25,377671.1328270999,55889592.333333336,6,8,33,0,3,2020
2020-08-23,Utah,55895035,56385234.0,59980601.0,43123445.0,55962113.5,293116.8755388454,56203126.333333336,6,8,34,0,3,2020
2020-08-30,Utah,55317886,55895035.0,55434790.0,46361419.0,55863966.25,436244.6234704847,56248634.25,6,8,35,1,3,2020
2020-09-06,Utah,54625584,55317886.0,58560317.0,42266559.0,55555934.75,758275.6646942924,56251310.416666664,6,9,36,0,3,2020
2020-09-13,Utah,50329967,54625584.0,55499838.0,43844394.0,54042118.0,2528595.3293393254,55946144.75,6,9,37,0,3,2020
2020-09-20,Utah,51048791,50329967.0,55710475.0,44119026.0,52830557.0,2505764.5481187277,55387185.666666664,6,9,38,0,3,2020
2020-09-27,Utah,50455450,51048791.0,55857710.0,46708924.0,51614948.0,2031425.9897512028,54593423.083333336,6,9,39,0,3,2020
2020-10-04,Utah,50477556,50455450.0,56385234.0,49082930.0,50577941.0,320557.8577427972,54180320.25,6,10,40,0,4,2020
2020-10-11,Utah,49615569,50477556.0,55895035.0,55451153.0,50399341.5,590296.4386896226,53434924.583333336,6,10,41,0,4,2020
2020-10-18,Utah,49473221,49615569.0,55317886.0,50908406.0,50005449.0,535617.7050328456,52932706.5,6,10,42,0,4,2020
2020-10-25,Utah,48951558,49473221.0,54625584.0,47066271.0,49629476.0,633356.5427671721,52369463.416666664,6,10,43,1,4,2020
2020-11-01,Utah,47922674,48951558.0,50329967.0,46730367.0,48990755.5,767137.4068837449,51708210.416666664,6,11,44,0,4,2020
2020-11-08,Utah,48714455,47922674.0,51048791.0,48139868.0,48765477.0,645096.336317285,51068978.833333336,6,11,45,0,4,2020
2020-11-15,Utah,47258153,48714455.0,50455450.0,49273340.0,48211710.0,773076.1841875515,50349238.666666664,6,11,46,0,4,2020
2020-11-22,Utah,49897854,47258153.0,50477556.0,50139847.0,48448284.0,1135015.1034827621,49897569.333333336,6,11,47,0,4,2020
2020-11-29,Utah,46779680,49897854.0,49615569.0,52677004.0,48162535.5,1419641.0897487383,49243744.0,6,11,48,0,4,2020
2020-12-06,Utah,45529948,46779680.0,49473221.0,53341435.0,47366408.75,1838185.0717054864,48843742.416666664,6,12,49,0,4,2020
2020-12-13,Utah,47701087,45529948.0,48951558.0,52220029.0,47477142.25,1842825.3367269791,48564767.083333336,6,12,50,0,4,2020
2020-12-20,Utah,51023830,47701087.0,47922674.0,53426620.0,47758636.25,2351610.001418653,48612132.083333336,6,12,51,0,4,2020
2020-12-27,Utah,49514486,51023830.0,48714455.0,52132627.0,48442337.75,2369604.1045618225,48531876.25,6,12,52,0,4,2020
2021-01-03,Utah,46487223,49514486.0,47258153.0,54771791.0,48681656.5,1996366.4168037022,48271180.75,6,1,53,0,1,2021
2021-01-10,Utah,45720490,46487223.0,49897854.0,54593470.0,48186507.25,2502181.4474383956,47958453.166666664,6,1,1,0,1,2021
2021-01-17,Utah,47076790,45720490.0,46779680.0,53991955.0,47199747.25,1640023.0470529688,47802222.5,6,1,2,0,1,2021
2021-01-24,Utah,46429621,47076790.0,45529948.0,57756300.0,46428531.0,555280.0277715607,47677801.416666664,6,1,3,0,1,2021
2021-01-31,Utah,47480594,46429621.0,47701087.0,59980601.0,46676873.75,770649.7360281358,47574979.666666664,6,1,4,0,1,2021
2021-02-07,Utah,47941986,47480594.0,51023830.0,55434790.0,47232247.75,641295.837933555,47631965.75,6,2,5,0,1,2021
2021-02-14,Utah,47015915,47941986.0,49514486.0,58560317.0,47217029.0,646912.5032372233,47391804.166666664,6,2,6,0,1,2021
2021-02-21,Utah,46635433,47015915.0,46487223.0,55499838.0,47268482.0,566609.8788555053,47379783.583333336,6,2,7,0,1,2021
2021-02-28,Utah,49120500,46635433.0,45720490.0,55710475.0,47678458.5,1106917.1173460325,47678996.25,6,2,8,0,1,2021
2021-03-07,Utah,53313224,49120500.0,47076790.0,55857710.0,49021268.0,3062917.0517440806,48146674.333333336,6,3,9,0,1,2021
2021-03-14,Utah,58770617,53313224.0,46429621.0,56385234.0,51959943.5,5311292.783293127,48792239.916666664,6,3,10,0,1,2021
2021-03-21,Utah,54636094,58770617.0,47480594.0,55895035.0,53960108.75,3976523.540916726,49219040.583333336,6,3,11,0,1,2021
2021-03-28,Utah,49923058,54636094.0,47941986.0,55317886.0,54160748.25,3658467.779619982,49505360.166666664,6,3,12,0,1,2021
2021-04-04,Utah,52632058,49923058.0,47015915.0,54625584.0,53990456.75,3726292.1351646907,50081324.166666664,6,4,13,0,2,2021
2021-04-11,Utah,52299183,52632058.0,46635433.0,50329967.0,52372598.25,1931870.389669097,50516523.583333336,6,4,14,0,2,2021
2021-04-18,Utah,50219773,52299183.0,49120500.0,51048791.0,51268518.0,1394231.013910527,50832369.583333336,6,4,15,0,2,2021
2021-04-25,Utah,52949842,50219773.0,53313224.0,50455450.0,52025214.0,1232595.202024565,51288140.25,6,4,16,1,2,2021
2021-05-02,Utah,56007115,52949842.0,58770617.0,50477556.0,52868978.25,2394256.7595055946,51960234.333333336,6,5,17,0,2,2021
2021-05-09,Utah,57583432,56007115.0,54636094.0,49615569.0,54190040.5,3272001.5256608576,52840860.75,6,5,18,0,2,2021
2021-05-16,Utah,56687106,57583432.0,49923058.0,49473221.0,55806873.75,2011110.3904968097,53678500.166666664,6,5,19,0,2,2021
2021-05-23,Utah,57644000,56687106.0,52632058.0,48951558.0,56980413.25,782584.9504436563,54388791.833333336,6,5,20,0,2,2021
2021-05-30,Utah,59459477,57644000.0,52299183.0,47922674.0,57843503.75,1162764.5738114403,54900979.583333336,6,5,21,0,2,2021
2021-06-06,Utah,60565270,59459477.0,50219773.0,48714455.0,58588963.25,1748675.603827336,55050534.0,6,6,22,0,2,2021
2021-06-13,Utah,58920404,60565270.0,52949842.0,47258153.0,59147287.75,1213738.8632437512,55407559.833333336,6,6,23,0,2,2021
2021-06-20,Utah,62263407,58920404.0,56007115.0,49897854.0,60302139.5,1475926.934444132,56435922.25,6,6,24,0,2,2021
2021-06-27,Utah,60996360,62263407.0,57583432.0,46779680.0,60686360.25,1380391.3240146444,57132947.416666664,6,6,25,0,2,2021
2021-07-04,Utah,64984991,60996360.0,56687106.0,45529948.0,61791290.5,2536173.013879046,58190098.083333336,6,7,26,0,3,2021
2021-07-11,Utah,60579076,64984991.0,57644000.0,47701087.0,62205958.5,1986302.860946854,59053373.333333336,6,7,27,0,3,2021
2021-07-18,Utah,61593658,60579076.0,59459477.0,51023830.0,62038521.25,2007956.4908645076,59773691.333333336,6,7,28,0,3,2021
2021-07-25,Utah,61069517,61593658.0,60565270.0,49514486.0,62056810.5,1995595.0646752773,60195558.166666664,6,7,29,0,3,2021
2021-08-01,Utah,59394248,61069517.0,58920404.0,46487223.0,60659124.75,939520.3012322712,60346459.5,6,8,30,0,3,2021
2021-08-08,Utah,59329981,59394248.0,62263407.0,45720490.0,60346851.0,1157331.8330415555,60566699.083333336,6,8,31,0,3,2021
2021-08-15,Utah,60656351,59329981.0,60996360.0,47076790.0,60112524.25,883152.9439084958,60817728.333333336,6,8,32,1,3,2021
2021-08-22,Utah,58497125,60656351.0,64984991.0,46429621.0,59469426.25,890553.541331593,60737532.333333336,6,8,33,0,3,2021
2021-08-29,Utah,57573623,58497125.0,60579076.0,47480594.0,59014270.0,1308817.0454926044,60488228.416666664,6,8,34,0,3,2021
2021-09-05,Utah,60165615,57573623.0,61593658.0,47941986.0,59223178.5,1436472.1837115365,60591996.0,6,9,35,0,3,2021
2021-09-12,Utah,56620332,60165615.0,61069517.0,47015915.0,58214173.75,1509836.7626387882,60121739.75,6,9,36,0,3,2021
2021-09-19,Utah,56998192,56620332.0,59394248.0,46635433.0,57839440.5,1599549.032413092,59788559.083333336,6,9,37,0,3,2021
2021-09-26,Utah,56100569,56998192.0,59329981.0,49120500.0,57471177.0,1833595.23430136,59048190.583333336,6,9,38,0,3,2021
2021-10-03,Utah,78244234,56100569.0,60656351.0,53313224.0,61990831.75,10841847.923707053,60520287.083333336,6,10,39,0,4,2021
2021-10-10,Utah,75874141,78244234.0,58497125.0,58770617.0,66804284.0,11886458.922048483,61710327.333333336,6,10,40,0,4,2021
2021-10-17,Utah,75271623,75874141.0,57573623.0,54636094.0,71372641.75,10261912.369163211,62893836.166666664,6,10,41,0,4,2021
2021-10-24,Utah,74602835,75271623.0,60165615.0,49923058.0,75998208.25,1584825.6459853507,64161218.416666664,6,10,42,0,4,2021
2021-10-31,Utah,74405507,74602835.0,56620332.0,52632058.0,75038526.5,669110.4396821455,65417512.25,6,10,43,0,4,2021
2021-11-07,Utah,73559787,74405507.0,56998192.0,52299183.0,74459938.0,705333.6440758358,66492798.583333336,6,11,44,0,4,2021
2021-11-14,Utah,74020918,73559787.0,56100569.0,50219773.0,74147261.75,460190.87355670106,67786448.0,6,11,45,0,4,2021
2021-11-21,Utah,76822262,74020918.0,78244234.0,52949842.0,74702118.5,1455099.3344805122,69390501.25,6,11,46,0,4,2021
2021-11-28,Utah,70963541,76822262.0,75874141.0,56007115.0,73841627.0,2399940.4905748456,70290328.41666667,6,11,47,0,4,2021
2021-12-05,Utah,70621212,70963541.0,75271623.0,57583432.0,73106983.25,2910439.6176448814,71457068.41666667,6,12,48,0,4,2021
2021-12-12,Utah,73375000,70621212.0,74602835.0,56687106.0,72945503.75,2860316.4183479566,72821802.41666667,6,12,49,0,4,2021
2021-12-19,Utah,79281415,73375000.0,74405507.0,57644000.0,73560292.0,4006115.6793413535,74753539.58333333,6,12,50,0,4,2021
2021-12-26,Utah,77692275,79281415.0,73559787.0,59459477.0,75242475.5,3964765.270664115,74707543.0,6,12,51,0,4,2021
2022-01-02,Utah,70611523,77692275.0,74020918.0,60565270.0,75240053.25,3968530.887118331,74268991.5,6,1,52,0,1,2022
2022-01-09,Utah,70280805,70611523.0,76822262.0,58920404.0,74466504.5,4689346.8312521195,73853090.0,6,1,1,0,1,2022
2022-01-16,Utah,72737608,70280805.0,70963541.0,62263407.0,72830552.75,3419078.26676102,73697654.41666667,6,1,2,0,1,2022
2022-01-23,Utah,70837611,72737608.0,70621212.0,60996360.0,71116886.75,1104408.9712355419,73400329.75,6,1,3,0,1,2022
2022-01-30,Utah,73468048,70837611.0,73375000.0,64984991.0,71831018.0,1515672.6187865576,73392684.83333333,6,1,4,0,1,2022
2022-02-06,Utah,73418460,73468048.0,79281415.0,60579076.0,72615431.75,1231175.9277558783,73342480.0,6,2,5,0,1,2022
2022-02-13,Utah,74270303,73418460.0,77692275.0,61593658.0,72998605.5,1492622.5044657583,73129816.75,6,2,6,0,1,2022
2022-02-20,Utah,72603084,74270303.0,70611523.0,61069517.0,73439973.75,680950.8357222882,73266445.33333333,6,2,7,0,1,2022
2022-02-27,Utah,73960836,72603084.0,70280805.0,59394248.0,73563170.75,730497.8755932255,73544747.33333333,6,2,8,0,1,2022
2022-03-06,Utah,77586798,73960836.0,72737608.0,59329981.0,74605255.25,2115479.1469825953,73895730.5,6,3,9,0,1,2022
2022-03-13,Utah,76383637,77586798.0,70837611.0,60656351.0,75133588.75,2262716.623443203,73654249.0,6,3,10,0,1,2022
2022-03-20,Utah,78357863,76383637.0,73468048.0,58497125.0,76572283.5,1921178.4030249857,73709714.66666667,6,3,11,0,1,2022
2022-03-27,Utah,79620270,78357863.0,73418460.0,57573623.0,77987142.0,1358435.9545185168,74460443.58333333,6,3,12,0,1,2022
2022-04-03,Utah,81837858,79620270.0,74270303.0,60165615.0,79049907.0,2286620.894173023,75423531.33333333,6,4,13,0,2,2022
2022-04-10,Utah,78038771,81837858.0,72603084.0,56620332.0,79463690.5,1723797.9869185074,75865294.91666667,6,4,14,0,2,2022
2022-04-17,Utah,80559640,78038771.0,73960836.0,56998192.0,80014134.75,1600076.4415567399,76675464.0,6,4,15,0,2,2022
2022-04-24,Utah,78729130,80559640.0,77586798.0,56100569.0,79791349.75,1729962.330784945,77113887.5,6,4,16,0,2,2022
2022-05-01,Utah,81528141,78729130.0,76383637.0,78244234.0,79713920.5,1610649.5244197692,77789694.25,6,5,17,0,2,2022
2022-05-08,Utah,84612637,81528141.0,78357863.0,75874141.0,81357387.0,2461025.8447155636,78651555.41666667,6,5,18,0,2,2022
2022-05-15,Utah,82901430,84612637.0,79620270.0,75271623.0,81942834.5,2486404.2332847416,79509750.91666667,6,5,19,0,2,2022
2022-05-22,Utah,84186908,82901430.0,81837858.0,74602835.0,83307279.0,1391372.4782446376,80361923.58333333,6,5,20,0,2,2022
2022-05-29,Utah,86852590,84186908.0,78038771.0,74405507.0,84638391.25,1645621.5537932392,81134072.91666667,6,5,21,0,2,2022
2022-06-05,Utah,87654632,86852590.0,80559640.0,73559787.0,85398890.0,2229186.883184679,82073322.5,6,6,22,0,2,2022
2022-06-12,Utah,90080446,87654632.0,78729130.0,74020918.0,87193644.0,2429191.561539205,83050204.41666667,6,6,23,0,2,2022
2022-06-19,Utah,90948762,90080446.0,81528141.0,76822262.0,88884107.5,1943596.0973462628,83994245.41666667,6,6,24,0,2,2022
2022-06-26,Utah,90996915,90948762.0,84612637.0,70963541.0,89920188.75,1567985.1319132056,84757500.16666667,6,6,25,0,2,2022
2022-07-03,Utah,97738996,90996915.0,82901430.0,70621212.0,92441279.75,3556830.6222328823,86399185.58333333,6,7,26,0,3,2022
2022-07-10,Utah,91505962,97738996.0,84186908.0,73375000.0,92797658.75,3303855.906741024,87311379.08333333,6,7,27,1,3,2022
2022-07-17,Utah,93370301,91505962.0,86852590.0,79281415.0,93403043.5,3065394.4134329003,88531476.66666667,6,7,28,0,3,2022
2022-07-24,Utah,92176631,93370301.0,87654632.0,77692275.0,93697972.5,2802179.480999085,89418850.83333333,6,7,29,0,3,2022
2022-07-31,Utah,88275946,92176631.0,90080446.0,70611523.0,91332210.0,2178516.40225804,89724126.58333333,6,7,30,0,3,2022
2022-08-07,Utah,87746234,88275946.0,90948762.0,70280805.0,90392278.0,2800770.5250102133,90127860.25,6,8,31,0,3,2022
2022-08-14,Utah,89318533,87746234.0,90996915.0,72737608.0,89379336.0,1975942.6405590125,90555495.66666667,6,8,32,0,3,2022
2022-08-21,Utah,87263410,89318533.0,97738996.0,70837611.0,88151030.75,881361.8870964602,90589730.66666667,6,8,33,0,3,2022
2022-08-28,Utah,88644859,87263410.0,91505962.0,73468048.0,88243259.0,917357.5545194927,90672249.58333333,6,8,34,0,3,2022
2022-09-04,Utah,90796250,88644859.0,93370301.0,73418460.0,89005763.0,1468526.9767007972,90731899.91666667,6,9,35,0,3,2022
2022-09-11,Utah,85704126,90796250.0,92176631.0,74270303.0,88102161.25,2160764.66097465,90294846.91666667,6,9,36,0,3,2022
2022-09-18,Utah,82578747,85704126.0,88275946.0,72603084.0,86930995.5,3574203.697897148,89593332.91666667,6,9,37,0,3,2022
2022-09-25,Utah,81583654,82578747.0,87746234.0,73960836.0,85165694.25,4143926.287559047,88247054.41666667,6,9,38,0,3,2022
2022-10-02,Utah,82461166,81583654.0,89318533.0,77586798.0,83081923.25,1803633.7312579744,87493321.41666667,6,10,39,1,4,2022
2022-10-09,Utah,80715550,82461166.0,87263410.0,76383637.0,81834779.25,868252.3402135095,86438758.83333333,6,10,40,1,4,2022
2022-10-16,Utah,79051882,80715550.0,88644859.0,78357863.0,80953063.0,1454065.7123871625,85345029.75,6,10,41,0,4,2022
2022-10-23,Utah,78997315,79051882.0,90796250.0,79620270.0,80306478.25,1642958.6282387746,84571810.5,6,10,42,0,4,2022
2022-10-30,Utah,76819843,78997315.0,85704126.0,81837858.0,78896147.5,1597472.3713075558,83661277.91666667,6,10,43,0,4,2022
2022-11-06,Utah,76788218,76819843.0,82578747.0,78038771.0,77914314.5,1282304.0580248453,82617085.0,6,11,44,0,4,2022
2022-11-13,Utah,77514267,76788218.0,81583654.0,80559640.0,77529910.75,1034057.4298726841,81804656.41666667,6,11,45,0,4,2022
2022-11-20,Utah,80800177,77514267.0,82461166.0,78729130.0,77980626.25,1909329.0767557332,81150932.91666667,6,11,46,0,4,2022
2022-11-27,Utah,78027638,80800177.0,80715550.0,81528141.0,78282575.0,1753730.5694514909,80086881.91666667,6,11,47,0,4,2022
2022-12-04,Utah,73883028,78027638.0,79051882.0,84612637.0,77556277.5,2842510.1265384527,79101790.41666667,6,12,48,0,4,2022
2022-12-11,Utah,76445233,73883028.0,78997315.0,82901430.0,77289019.0,2897501.109231997,78590664.25,6,12,49,0,4,2022
2022-12-18,Utah,82619797,76445233.0,76819843.0,84186908.0,77743924.0,3671863.622295993,78677009.5,6,12,50,0,4,2022
2022-12-25,Utah,85948631,82619797.0,76788218.0,86852590.0,79724172.25,5537717.284759208,78967631.58333333,6,12,51,1,4,2022
2023-01-01,Utah,72618035,85948631.0,77514267.0,87654632.0,79407924.0,5999364.044679512,78292838.66666667,6,1,52,0,1,2023
2023-01-08,Utah,72347102,72618035.0,80800177.0,90080446.0,78383391.25,6948767.438730717,77734107.0,6,1,1,0,1,2023
2023-01-15,Utah,74997968,72347102.0,78027638.0,90948762.0,76477934.0,6425132.795758387,77400828.08333333,6,1,2,0,1,2023
2023-01-22,Utah,74262694,74997968.0,73883028.0,90996915.0,73556449.75,1280611.8367390798,77187732.33333333,6,1,3,0,1,2023
2023-01-29,Utah,75155901,74262694.0,76445233.0,97738996.0,74190916.25,1289357.8671582623,77051705.91666667,6,1,4,0,1,2023
2023-02-05,Utah,76237505,75155901.0,82619797.0,91505962.0,75163517.0,814943.1015578038,76945309.08333333,6,2,5,0,1,2023
2023-02-12,Utah,80090616,76237505.0,85948631.0,93370301.0,76436679.0,2566289.7308341186,76886179.0,6,2,6,0,1,2023
2023-02-19,Utah,77638645,80090616.0,72618035.0,92176631.0,77280666.75,2131257.7776268404,76853762.91666667,6,2,7,0,1,2023
2023-02-26,Utah,77673269,77638645.0,72347102.0,88275946.0,77910008.75,1600208.3996114067,77169616.33333333,6,2,8,0,1,2023
2023-03-05,Utah,83904754,77673269.0,74997968.0,87746234.0,79826821.0,2950989.9908445384,77791243.08333333,6,3,9,0,1,2023
2023-03-12,Utah,88790245,83904754.0,74262694.0,89318533.0,82001728.25,5399923.5054932255,78305447.08333333,6,3,10,0,1,2023
2023-03-19,Utah,84876141,88790245.0,75155901.0,87263410.0,83811102.25,4604633.091389684,78216072.91666667,6,3,11,0,1,2023
2023-03-26,Utah,80341382,84876141.0,76237505.0,88644859.0,84478130.5,3473432.1442546803,78859685.16666667,6,3,12,0,1,2023
2023-04-02,Utah,80784702,80341382.0,80090616.0,90796250.0,83698117.5,3961193.630519678,79562818.5,6,4,13,0,2,2023
2023-04-09,Utah,83693796,80784702.0,77638645.0,85704126.0,82424005.25,2209824.505257885,80287470.83333333,6,4,14,0,2,2023
2023-04-16,Utah,82950875,83693796.0,77673269.0,82578747.0,81942688.75,1631761.0871348756,81011485.91666667,6,4,15,0,2,2023
2023-04-23,Utah,83207752,82950875.0,83904754.0,81583654.0,82659281.25,1287130.556851527,81682473.5,6,4,16,0,2,2023
2023-04-30,Utah,87151461,83207752.0,88790245.0,82461166.0,84250971.0,1958046.7913971494,82591969.83333333,6,4,17,0,2,2023
2023-05-07,Utah,90346612,87151461.0,84876141.0,80715550.0,85914175.0,3525301.251888223,83446636.16666667,6,5,18,0,2,2023
2020-05-03,Vermont,11244376,10511675.0,11435654.0,10654128.0,10659841.5,391802.55093137594,10763686.416666666,6,5,18,0,2,2020
2020-05-10,Vermont,11252154,11244376.0,11830941.0,10493866.0,10869722.75,437434.65715569095,10847061.5,6,5,19,0,2,2020
2020-05-17,Vermont,11248781,11252154.0,10444062.0,10034766.0,11064246.5,368394.7654482443,10898874.333333334,6,5,20,0,2,2020
2020-05-24,Vermont,12564025,11248781.0,10611241.0,9732839.0,11577334.0,657801.7090922362,11085742.833333334,6,5,21,0,2,2020
2020-05-31,Vermont,12529766,12564025.0,10412629.0,9998307.0,11898681.5,748624.9811685868,11212999.166666666,6,5,22,0,2,2020
2020-06-07,Vermont,12511161,12529766.0,10470686.0,9914387.0,12213433.25,643474.1021571242,11302624.75,6,6,23,0,2,2020
2020-06-14,Vermont,12200507,12511161.0,10511675.0,9824944.0,12451364.75,168665.63588033326,11333421.916666666,6,6,24,0,2,2020
2020-06-21,Vermont,12877303,12200507.0,11244376.0,10234926.0,12529684.25,276610.17982156243,11536192.0,6,6,25,0,2,2020
2020-06-28,Vermont,13067929,12877303.0,11252154.0,10140664.0,12664225.0,385937.00924719195,11740916.0,6,6,26,0,2,2020
2020-07-05,Vermont,14477900,13067929.0,11248781.0,10098783.0,13155909.75,956698.3100432359,12079688.583333334,6,7,27,0,3,2020
2020-07-12,Vermont,13581080,14477900.0,12564025.0,10100359.0,13501053.0,715843.2891850934,12338888.083333334,6,7,28,0,3,2020
2020-07-19,Vermont,13160168,13581080.0,12529766.0,10840313.0,13571769.25,644057.5058907783,12559595.833333334,6,7,29,0,3,2020
2020-07-26,Vermont,13076994,13160168.0,12511161.0,11284137.0,13574035.5,641705.337263919,12712314.0,6,7,30,0,3,2020
2020-08-02,Vermont,13621460,13076994.0,12200507.0,11286677.0,13359925.5,281225.23598176613,12909756.166666666,6,8,31,0,3,2020
2020-08-09,Vermont,12830791,13621460.0,12877303.0,10094297.0,13172353.25,330456.0033240686,13041590.333333334,6,8,32,0,3,2020
2020-08-16,Vermont,12847283,12830791.0,13067929.0,10459226.0,13094132.0,369076.0724250041,13065195.166666666,6,8,33,0,3,2020
2020-08-23,Vermont,12018681,12847283.0,14477900.0,10013202.0,12829553.75,654458.0410728534,13022604.75,6,8,34,0,3,2020
2020-08-30,Vermont,11781952,12018681.0,13581080.0,10422771.0,12369676.75,550561.0713544108,12961837.333333334,6,8,35,1,3,2020
2020-09-06,Vermont,11742211,11781952.0,13160168.0,10245583.0,12097531.75,514518.4776865809,12923646.0,6,9,36,0,3,2020
2020-09-13,Vermont,11410464,11742211.0,13076994.0,10251653.0,11738327.0,250340.2605561741,12801409.416666666,6,9,37,0,3,2020
2020-09-20,Vermont,10928516,11410464.0,13621460.0,10627027.0,11465785.75,395006.8762121949,12623125.0,6,9,38,0,3,2020
2020-09-27,Vermont,11274684,10928516.0,12830791.0,10321603.0,11338968.75,336808.48763194244,12356190.333333334,6,9,39,0,3,2020
2020-10-04,Vermont,11398364,11274684.0,12847283.0,11002690.0,11253007.0,224859.70863926003,12174297.333333334,6,10,40,0,4,2020
2020-10-11,Vermont,11173347,11398364.0,12018681.0,11435654.0,11193727.75,199317.6330523292,12008728.916666666,6,10,41,0,4,2020
2020-10-18,Vermont,10964926,11173347.0,11781952.0,11830941.0,11202830.25,183361.3036027948,11832723.25,6,10,42,0,4,2020
2020-10-25,Vermont,10672287,10964926.0,11742211.0,10444062.0,11052231.0,309007.4137762172,11586958.833333334,6,10,43,1,4,2020
2020-11-01,Vermont,10550546,10672287.0,11410464.0,10611241.0,10840276.5,282038.8215364446,11396938.416666666,6,11,44,0,4,2020
2020-11-08,Vermont,10915170,10550546.0,10928516.0,10412629.0,10775732.25,197185.97659802387,11235929.0,6,11,45,0,4,2020
2020-11-15,Vermont,10771670,10915170.0,11274684.0,10470686.0,10727418.25,154415.2243711191,11132011.416666666,6,11,46,0,4,2020
2020-11-22,Vermont,10874180,10771670.0,11398364.0,10511675.0,10777891.5,163137.51380047353,11056363.75,6,11,47,0,4,2020
2020-11-29,Vermont,10819020,10874180.0,11173347.0,11244376.0,10845010.0,62789.46355347356,10979431.166666666,6,11,48,0,4,2020
2020-12-06,Vermont,10650734,10819020.0,10964926.0,11252154.0,10778901.0,95160.72238061087,10916120.333333334,6,12,49,0,4,2020
2020-12-13,Vermont,10595475,10650734.0,10672287.0,11248781.0,10734852.25,132913.91933722762,10888366.916666666,6,12,50,0,4,2020
2020-12-20,Vermont,10830190,10595475.0,10550546.0,12564025.0,10723854.75,118591.19485407161,10851325.75,6,12,51,0,4,2020
2020-12-27,Vermont,11761644,10830190.0,10915170.0,12529766.0,10959510.75,544060.8776459822,10881599.083333334,6,12,52,0,4,2020
2021-01-03,Vermont,11494781,11761644.0,10771670.0,12511161.0,11170522.5,548049.2801433702,10908385.25,6,1,53,0,1,2021
2021-01-10,Vermont,10942796,11494781.0,10874180.0,12200507.0,11257352.75,444258.1091673131,10906541.083333334,6,1,1,0,1,2021
2021-01-17,Vermont,10703796,10942796.0,10819020.0,12877303.0,11225754.25,487188.87588447967,10909166.833333334,6,1,2,0,1,2021
2021-01-24,Vermont,10635883,10703796.0,10650734.0,13067929.0,10944314.0,389869.55617573735,10916278.25,6,1,3,0,1,2021
2021-01-31,Vermont,10799389,10635883.0,10595475.0,14477900.0,10770466.0,133030.8756366973,10906629.833333334,6,1,4,0,1,2021
2021-02-07,Vermont,10992666,10799389.0,10830190.0,13581080.0,10782933.5,155075.35640562978,10925046.166666666,6,2,5,0,1,2021
2021-02-14,Vermont,10792892,10992666.0,11761644.0,13160168.0,10805207.5,146055.92764987817,10918272.166666666,6,2,6,0,1,2021
2021-02-21,Vermont,11079750,10792892.0,11494781.0,13076994.0,10916174.25,143114.54804776644,10939999.666666666,6,2,7,0,1,2021
2021-02-28,Vermont,10854414,11079750.0,10942796.0,13621460.0,10929930.5,130209.98143383552,10956973.0,6,2,8,0,1,2021
2021-03-07,Vermont,11517988,10854414.0,10703796.0,12830791.0,11061261.0,328506.2136500108,11033849.083333334,6,3,9,0,1,2021
2021-03-14,Vermont,12010396,11517988.0,10635883.0,12847283.0,11365637.0,510556.9925026324,11132199.583333334,6,3,10,0,1,2021
2021-03-21,Vermont,12539026,12010396.0,10799389.0,12018681.0,11730456.0,717575.567516063,11196981.416666666,6,3,11,0,1,2021
2021-03-28,Vermont,11222143,12539026.0,10992666.0,11781952.0,11822388.25,577889.9696691836,11174261.583333334,6,3,12,0,1,2021
2021-04-04,Vermont,11275937,11222143.0,10792892.0,11742211.0,11761875.5,630653.8236647741,11202023.333333334,6,4,13,0,2,2021
2021-04-11,Vermont,11243964,11275937.0,11079750.0,11410464.0,11570267.5,646216.7118867065,11247037.333333334,6,4,14,0,2,2021
2021-04-18,Vermont,11028639,11243964.0,10854414.0,10928516.0,11192670.75,111563.5759148866,11279767.0,6,4,15,0,2,2021
2021-04-25,Vermont,11336823,11028639.0,11517988.0,11274684.0,11221340.75,134117.70511103305,11324553.166666666,6,4,16,1,2,2021
2021-05-02,Vermont,11912435,11336823.0,12010396.0,11398364.0,11380465.25,377408.1620477358,11401200.583333334,6,5,17,0,2,2021
2021-05-09,Vermont,11994926,11912435.0,12539026.0,11173347.0,11568205.75,463772.2871621195,11501370.083333334,6,5,18,0,2,2021
2021-05-16,Vermont,12174721,11994926.0,11222143.0,10964926.0,11854726.25,362218.4820034955,11592617.666666666,6,5,19,0,2,2021
2021-05-23,Vermont,13910948,12174721.0,11275937.0,10672287.0,12498257.5,948138.688171198,11847328.833333334,6,5,20,0,2,2021
2021-05-30,Vermont,13487132,13910948.0,11243964.0,10550546.0,12891931.75,950730.9522700155,12011424.166666666,6,5,21,0,2,2021
2021-06-06,Vermont,13043593,13487132.0,11028639.0,10915170.0,13154098.5,742770.5412415963,12097523.916666666,6,6,22,0,2,2021
2021-06-13,Vermont,13342857,13043593.0,11336823.0,10771670.0,13446132.5,360757.668433628,12164509.833333334,6,6,23,0,2,2021
2021-06-20,Vermont,13908880,13342857.0,11912435.0,10874180.0,13445615.5,359869.89156314183,12388404.583333334,6,6,24,0,2,2021
2021-06-27,Vermont,13628238,13908880.0,11994926.0,10819020.0,13480892.0,372007.4589243261,12584429.666666666,6,6,25,0,2,2021
2021-07-04,Vermont,14328350,13628238.0,12174721.0,10650734.0,13802081.25,420108.38188367215,12841461.833333334,6,7,26,0,3,2021
2021-07-11,Vermont,13843774,14328350.0,13910948.0,10595475.0,13927310.5,293027.3428533032,13076056.416666666,6,7,27,0,3,2021
2021-07-18,Vermont,13433531,13843774.0,13487132.0,10830190.0,13808473.25,384960.78342204844,13250782.083333334,6,7,28,0,3,2021
2021-07-25,Vermont,13661363,13433531.0,13043593.0,11761644.0,13816754.5,380116.9899846633,13396526.083333334,6,7,29,0,3,2021
2021-08-01,Vermont,13464126,13661363.0,13342857.0,11494781.0,13600698.5,190930.09285512636,13518959.416666666,6,8,30,0,3,2021
2021-08-08,Vermont,13735041,13464126.0,13908880.0,10942796.0,13573515.25,147613.67750172698,13648986.083333334,6,8,31,0,3,2021
2021-08-15,Vermont,14357893,13735041.0,13628238.0,10703796.0,13804605.75,386182.5911158054,13686231.5,6,8,32,1,3,2021
2021-08-22,Vermont,13064025,14357893.0,14328350.0,10635883.0,13655271.25,543491.542812076,13650972.583333334,6,8,33,0,3,2021
2021-08-29,Vermont,12916090,13064025.0,13843774.0,10799389.0,13518262.25,663555.0016777691,13640347.333333334,6,8,34,0,3,2021
2021-09-05,Vermont,12654207,12916090.0,13433531.0,10992666.0,13248053.75,759048.4471728955,13582959.833333334,6,9,35,0,3,2021
2021-09-12,Vermont,12307859,12654207.0,13661363.0,10792892.0,12735545.25,331675.9423818942,13449541.416666666,6,9,36,0,3,2021
2021-09-19,Vermont,11854055,12307859.0,13464126.0,11079750.0,12433052.75,459400.35434783634,13301692.833333334,6,9,37,0,3,2021
2021-09-26,Vermont,12191094,11854055.0,13735041.0,10854414.0,12251803.75,330131.4427793639,13123588.166666666,6,9,38,0,3,2021
2021-10-03,Vermont,17208123,12191094.0,14357893.0,11517988.0,13390282.75,2552488.635761888,13403950.583333334,6,10,39,0,4,2021
2021-10-10,Vermont,17238409,17208123.0,13064025.0,12010396.0,14622920.25,3005797.08468102,13721023.75,6,10,40,0,4,2021
2021-10-17,Vermont,16867636,17238409.0,12916090.0,12539026.0,15876315.5,2462558.544656418,13988213.166666666,6,10,41,0,4,2021
2021-10-24,Vermont,16095630,16867636.0,12654207.0,11222143.0,16852449.5,531812.8616988618,14207505.166666666,6,10,42,0,4,2021
2021-10-31,Vermont,15986865,16095630.0,12307859.0,11275937.0,16547135.0,605072.963093983,14395157.166666666,6,10,43,0,4,2021
2021-11-07,Vermont,16450799,15986865.0,11854055.0,11243964.0,16350232.5,397776.476511201,14569566.0,6,11,44,0,4,2021
2021-11-14,Vermont,16477180,16450799.0,12191094.0,11028639.0,16252618.5,248310.08152241018,14853995.583333334,6,11,45,0,4,2021
2021-11-21,Vermont,16714318,16477180.0,17208123.0,11336823.0,16407290.5,304303.0389754035,15170514.583333334,6,11,46,0,4,2021
2021-11-28,Vermont,16052504,16714318.0,17238409.0,11912435.0,16423700.25,274371.863560356,15453706.0,6,11,47,0,4,2021
2021-12-05,Vermont,16412109,16052504.0,16867636.0,11994926.0,16414027.75,273779.43941595755,15795726.833333334,6,12,48,0,4,2021
2021-12-12,Vermont,16128337,16412109.0,16095630.0,12174721.0,16326817.0,301149.84234541113,16151917.0,6,12,49,0,4,2021
2021-12-19,Vermont,17427392,16128337.0,15986865.0,13910948.0,16505085.5,634051.3533063912,16588275.166666666,6,12,50,0,4,2021
2021-12-26,Vermont,17740468,17427392.0,16450799.0,13487132.0,16927076.5,777838.3822553796,16632637.25,6,12,51,0,4,2021
2022-01-02,Vermont,17602152,17740468.0,16477180.0,13043593.0,17224587.25,741975.3962476898,16662949.166666666,6,1,52,0,1,2022
2022-01-09,Vermont,16658675,17602152.0,16714318.0,13342857.0,17357171.75,482963.05290872545,16645535.75,6,1,1,0,1,2022
2022-01-16,Vermont,16914502,16658675.0,16052504.0,13908880.0,17228949.25,524411.2627365247,16713775.083333334,6,1,2,0,1,2022
2022-01-23,Vermont,16263822,16914502.0,16412109.0,13628238.0,16859787.75,562648.4521785484,16736854.833333334,6,1,3,0,1,2022
2022-01-30,Vermont,16366358,16263822.0,16128337.0,14328350.0,16550839.25,294556.94306010904,16729818.083333334,6,1,4,0,1,2022
2022-02-06,Vermont,17004640,16366358.0,17427392.0,13843774.0,16637330.5,376242.388419575,16773773.083333334,6,2,5,0,1,2022
2022-02-13,Vermont,16689059,17004640.0,17740468.0,13433531.0,16580969.75,335569.4986480689,16771668.166666666,6,2,6,0,1,2022
2022-02-20,Vermont,16725384,16689059.0,17602152.0,13661363.0,16696360.25,261300.3224776357,16827741.5,6,2,7,0,1,2022
2022-02-27,Vermont,16700359,16725384.0,16658675.0,13464126.0,16779860.5,150619.73484794883,16851762.333333332,6,2,8,0,1,2022
2022-03-06,Vermont,17086731,16700359.0,16914502.0,13735041.0,16800383.25,191500.96662658497,16931628.5,6,3,9,0,1,2022
2022-03-13,Vermont,16804677,17086731.0,16263822.0,14357893.0,16829287.75,177295.7301861773,16879735.583333332,6,3,10,0,1,2022
2022-03-20,Vermont,17123995,16804677.0,16366358.0,13064025.0,16928940.5,208674.40302618154,16828362.833333332,6,3,11,0,1,2022
2022-03-27,Vermont,16939633,17123995.0,17004640.0,12916090.0,16988759.0,146272.38869087122,16773152.916666666,6,3,12,0,1,2022
2022-04-03,Vermont,17273732,16939633.0,16689059.0,12654207.0,17035509.25,205795.68308134304,16824407.666666668,6,4,13,0,2,2022
2022-04-10,Vermont,16901303,17273732.0,16725384.0,12307859.0,17059665.75,172674.2920981096,16823307.75,6,4,14,0,2,2022
2022-04-17,Vermont,17514824,16901303.0,16700359.0,11854055.0,17157373.0,291143.25613690563,16927557.916666668,6,4,15,0,2,2022
2022-04-24,Vermont,16530617,17514824.0,17086731.0,12191094.0,17055119.0,431231.5853668419,16941246.166666668,6,4,16,0,2,2022
2022-05-01,Vermont,17584378,16530617.0,16804677.0,17208123.0,17132780.5,505331.65730933566,16989557.666666668,6,5,17,0,2,2022
2022-05-08,Vermont,18223424,17584378.0,17123995.0,17238409.0,17463310.75,698808.6714933133,17117421.416666668,6,5,18,0,2,2022
2022-05-15,Vermont,19138994,18223424.0,16939633.0,16867636.0,17869353.25,1097083.9181276194,17318555.583333332,6,5,19,0,2,2022
2022-05-22,Vermont,20057254,19138994.0,17273732.0,16095630.0,18751012.5,1079534.1869817423,17598296.833333332,6,5,20,0,2,2022
2022-05-29,Vermont,19462028,20057254.0,16901303.0,15986865.0,19220425.0,765788.6537446199,17796238.25,6,5,21,0,2,2022
2022-06-05,Vermont,20243384,19462028.0,17514824.0,16450799.0,19725415.0,513702.6727242099,18082797.166666668,6,6,22,0,2,2022
2022-06-12,Vermont,19894380,20243384.0,16530617.0,16477180.0,19914261.5,333506.06572544255,18313662.583333332,6,6,23,0,2,2022
2022-06-19,Vermont,20105333,19894380.0,17584378.0,16714318.0,19926281.25,341156.0997171918,18577470.916666668,6,6,24,0,2,2022
2022-06-26,Vermont,20273985,20105333.0,18223424.0,16052504.0,20129270.5,172926.5048982663,18827492.0,6,6,25,0,2,2022
2022-07-03,Vermont,22844305,20273985.0,19138994.0,16412109.0,20779500.75,1385268.1643562422,19322742.166666668,6,7,26,0,3,2022
2022-07-10,Vermont,21109350,22844305.0,20057254.0,16128337.0,21083243.25,1253425.6289540727,19622286.0,6,7,27,1,3,2022
2022-07-17,Vermont,21496521,21109350.0,19462028.0,17427392.0,21431040.25,1071426.8447123428,20036111.333333332,6,7,28,0,3,2022
2022-07-24,Vermont,21507024,21496521.0,20243384.0,17740468.0,21739300.0,759553.999735369,20362998.5,6,7,29,0,3,2022
2022-07-31,Vermont,21055279,21507024.0,19894380.0,17602152.0,21292043.5,243215.9580763503,20598986.416666668,6,7,30,0,3,2022
2022-08-07,Vermont,21576116,21055279.0,20105333.0,16658675.0,21408735.0,238267.8131948665,20802079.916666668,6,8,31,0,3,2022
2022-08-14,Vermont,20866311,21576116.0,20273985.0,16914502.0,21251182.5,345225.00168681843,20869501.333333332,6,8,32,0,3,2022
2022-08-21,Vermont,19885724,20866311.0,22844305.0,16263822.0,20845857.5,706967.5911876468,20904809.333333332,6,8,33,0,3,2022
2022-08-28,Vermont,19708102,19885724.0,21109350.0,16366358.0,20509063.25,874893.9499075951,20860202.5,6,8,34,0,3,2022
2022-09-04,Vermont,19188721,19708102.0,21496521.0,17004640.0,19912214.5,701452.453865309,20801397.583333332,6,9,35,0,3,2022
2022-09-11,Vermont,18020623,19188721.0,21507024.0,16689059.0,19200792.5,840523.618213668,20627671.75,6,9,36,0,3,2022
2022-09-18,Vermont,18198310,18020623.0,21055279.0,16725384.0,18778939.0,804868.1795983711,20454698.833333332,6,9,37,0,3,2022
2022-09-25,Vermont,17772235,18198310.0,21576116.0,16700359.0,18294972.25,620927.3071288184,20032026.333333332,6,9,38,0,3,2022
2022-10-02,Vermont,17781060,17772235.0,20866311.0,17086731.0,17943057.0,205421.32480829698,19754668.833333332,6,10,39,1,4,2022
2022-10-09,Vermont,18224034,17781060.0,19885724.0,16804677.0,17993909.75,251118.39405662645,19481961.583333332,6,10,40,1,4,2022
2022-10-16,Vermont,17842758,18224034.0,19708102.0,17123995.0,17905021.75,214976.2984243744,19176606.083333332,6,10,41,0,4,2022
2022-10-23,Vermont,17253872,17842758.0,19188721.0,16939633.0,17775431.0,399096.08394470083,18859822.166666668,6,10,42,0,4,2022
2022-10-30,Vermont,17001670,17253872.0,18020623.0,17273732.0,17580583.5,555171.2225716158,18478618.333333332,6,10,43,0,4,2022
2022-11-06,Vermont,17483212,17001670.0,18198310.0,16901303.0,17395378.0,357255.09712061856,18196693.416666668,6,11,44,0,4,2022
2022-11-13,Vermont,16990549,17483212.0,17772235.0,17514824.0,17182325.75,234567.84603232742,17955428.833333332,6,11,45,0,4,2022
2022-11-20,Vermont,17076820,16990549.0,17781060.0,16530617.0,17138062.75,233268.0631767788,17736155.333333332,6,11,46,0,4,2022
2022-11-27,Vermont,17415651,17076820.0,18224034.0,17584378.0,17241558.0,244164.6678575663,17588399.5,6,11,47,0,4,2022
2022-12-04,Vermont,16973330,17415651.0,17842758.0,18223424.0,17114087.5,206077.53061812074,17501125.083333332,6,12,48,0,4,2022
2022-12-11,Vermont,17078050,16973330.0,17253872.0,19138994.0,17135962.75,192809.64710540936,17407770.083333332,6,12,49,0,4,2022
2022-12-18,Vermont,17867737,17078050.0,17001670.0,20057254.0,17333692.0,402961.9266192062,17415728.583333332,6,12,50,0,4,2022
2022-12-25,Vermont,19232544,17867737.0,17483212.0,19462028.0,17787915.25,1042557.9983506496,17536685.583333332,6,12,51,1,4,2022
2023-01-01,Vermont,18254415,19232544.0,16990549.0,20243384.0,18108186.5,895276.4438430899,17539217.333333332,6,1,52,0,1,2023
2023-01-08,Vermont,17426156,18254415.0,17076820.0,19894380.0,18195213.0,769902.5220095481,17504500.5,6,1,1,0,1,2023
2023-01-15,Vermont,17048539,17426156.0,17415651.0,20105333.0,17990413.5,969209.1399845872,17487389.416666668,6,1,2,0,1,2023
2023-01-22,Vermont,17196042,17048539.0,16973330.0,20273985.0,17481288.0,538331.3332480872,17503587.083333332,6,1,3,0,1,2023
2023-01-29,Vermont,17032340,17196042.0,17078050.0,22844305.0,17175769.25,182449.9887994326,17466014.416666668,6,1,4,0,1,2023
2023-02-05,Vermont,17520094,17032340.0,17867737.0,21109350.0,17199253.75,226218.1227375762,17510143.166666668,6,2,5,0,1,2023
2023-02-12,Vermont,17722087,17520094.0,19232544.0,21496521.0,17367640.75,311312.73746654356,17563915.416666668,6,2,6,0,1,2023
2023-02-19,Vermont,17621735,17722087.0,18254415.0,21507024.0,17474064.0,305810.9360623486,17581089.083333332,6,2,7,0,1,2023
2023-02-26,Vermont,17333835,17621735.0,17426156.0,21055279.0,17549437.75,165710.8499311777,17611131.166666668,6,2,8,0,1,2023
2023-03-05,Vermont,18343682,17333835.0,17048539.0,21576116.0,17755334.75,425350.3778897032,17716600.5,6,3,9,0,1,2023
2023-03-12,Vermont,18511581,18343682.0,17196042.0,20866311.0,17952708.25,565021.1251692986,17770254.166666668,6,3,10,0,1,2023
2023-03-19,Vermont,19111463,18511581.0,17032340.0,19885724.0,18325140.25,738487.9858193902,17760164.083333332,6,3,11,0,1,2023
2023-03-26,Vermont,17260096,19111463.0,17520094.0,19708102.0,18306705.5,771657.8065759868,17677304.166666668,6,3,12,0,1,2023
2023-04-02,Vermont,17377273,17260096.0,17722087.0,19188721.0,18065103.25,897284.464933453,17673230.583333332,6,4,13,0,2,2023
2023-04-09,Vermont,18173575,17377273.0,17621735.0,18020623.0,17980601.75,856197.0097134457,17766983.583333332,6,4,14,0,2,2023
2023-04-16,Vermont,18162049,18173575.0,17333835.0,18198310.0,17743248.25,492594.8843484332,17847484.166666668,6,4,15,0,2,2023
2023-04-23,Vermont,17623203,18162049.0,18343682.0,17772235.0,17834025.0,398314.0520845282,17896722.75,6,4,16,0,2,2023
2023-04-30,Vermont,18276857,17623203.0,18511581.0,17781060.0,18058921.0,295029.4898932353,17959786.333333332,6,4,17,0,2,2023
2023-05-07,Vermont,19494926,18276857.0,19111463.0,18224034.0,18389258.75,790274.193709318,18107522.916666668,6,5,18,0,2,2023
2020-05-03,Virginia,176705173,166146355.0,188754728.0,172066423.0,168596123.75,5421726.764133578,165585213.33333334,6,5,18,0,2,2020
2020-05-10,Virginia,175163330,176705173.0,176342493.0,161601645.0,171059022.0,5664594.535705042,167834890.41666666,6,5,19,0,2,2020
2020-05-17,Virginia,175645455,175163330.0,161690146.0,153893495.0,173415078.25,4888422.573707083,170071667.25,6,5,20,0,2,2020
2020-05-24,Virginia,181602899,175645455.0,166942310.0,150809622.0,177279214.25,2953523.806147664,171994592.08333334,6,5,21,0,2,2020
2020-05-31,Virginia,180652170,181602899.0,165311737.0,156968155.0,178265963.5,3332792.594091686,173431502.16666666,6,5,22,0,2,2020
2020-06-07,Virginia,185516072,180652170.0,166221230.0,155391291.0,180854149.0,4060600.9950296045,173161614.16666666,6,6,23,0,2,2020
2020-06-14,Virginia,182008194,185516072.0,166146355.0,151880467.0,182444833.75,2124904.3981133956,173633755.91666666,6,6,24,0,2,2020
2020-06-21,Virginia,177589601,182008194.0,176705173.0,154500701.0,181441509.25,3285495.7427851954,174958710.5,6,6,25,0,2,2020
2020-06-28,Virginia,190019012,177589601.0,175163330.0,153170304.0,183783219.75,5272555.090244983,176881769.0,6,6,26,0,2,2020
2020-07-05,Virginia,199524865,190019012.0,175645455.0,155885205.0,187285418.0,9645976.008441897,179732863.0,6,7,27,0,3,2020
2020-07-12,Virginia,187064332,199524865.0,181602899.0,151159938.0,188549452.5,9035913.760669496,181469788.16666666,6,7,28,0,3,2020
2020-07-19,Virginia,191619754,187064332.0,180652170.0,163692375.0,192056990.75,5324168.8105207775,183592571.41666666,6,7,29,0,3,2020
2020-07-26,Virginia,183961730,191619754.0,185516072.0,151352893.0,190542670.25,6763814.098739574,184197284.5,6,7,30,0,3,2020
2020-08-02,Virginia,187624235,183961730.0,182008194.0,152001837.0,187567512.75,3145300.0211540377,185235693.25,6,8,31,0,3,2020
2020-08-09,Virginia,184209933,187624235.0,177589601.0,152855580.0,186853913.0,3589892.7173781483,185949399.75,6,8,32,0,3,2020
2020-08-16,Virginia,179700730,184209933.0,190019012.0,145982252.0,183874157.0,3245560.6851471285,185790885.66666666,6,8,33,0,3,2020
2020-08-23,Virginia,178591806,179700730.0,199524865.0,144337569.0,182531676.0,4174826.72687726,185619188.66666666,6,8,34,0,3,2020
2020-08-30,Virginia,182383627,178591806.0,187064332.0,150953057.0,181221524.0,2550117.8328232947,185358151.58333334,6,8,35,1,3,2020
2020-09-06,Virginia,186222413,182383627.0,191619754.0,152055733.0,181724644.0,3394853.2803490516,185709336.5,6,9,36,0,3,2020
2020-09-13,Virginia,173220384,186222413.0,183961730.0,148167205.0,180104557.5,5546848.221695066,185345235.08333334,6,9,37,0,3,2020
2020-09-20,Virginia,168928097,173220384.0,187624235.0,148804133.0,177688630.25,7991257.929381392,183587658.83333334,6,9,38,0,3,2020
2020-09-27,Virginia,168797590,168928097.0,184209933.0,158527801.0,174292121.0,8214684.246010723,181027052.58333334,6,9,39,0,3,2020
2020-10-04,Virginia,176217089,168797590.0,179700730.0,163409249.0,171790790.0,3595836.4485650277,180123115.66666666,6,10,40,0,4,2020
2020-10-11,Virginia,169654399,176217089.0,178591806.0,188754728.0,170899293.75,3565178.094638704,178292669.41666666,6,10,41,0,4,2020
2020-10-18,Virginia,163050882,169654399.0,182383627.0,176342493.0,169429990.0,5391599.0476155365,176550098.75,6,10,42,0,4,2020
2020-10-25,Virginia,165623748,163050882.0,186222413.0,161690146.0,168636529.5,5738096.403659471,174716724.83333334,6,10,43,1,4,2020
2020-11-01,Virginia,165112481,165623748.0,173220384.0,166942310.0,165860377.5,2763042.2123669744,173125270.5,6,11,44,0,4,2020
2020-11-08,Virginia,167596233,165112481.0,168928097.0,165311737.0,165345836.0,1867510.8349078228,172116562.41666666,6,11,45,0,4,2020
2020-11-15,Virginia,163694977,167596233.0,168797590.0,166221230.0,165506859.75,1614269.4053351292,170875160.0,6,11,46,0,4,2020
2020-11-22,Virginia,168158835,163694977.0,176217089.0,166146355.0,166140631.5,2100019.085487506,169689760.66666666,6,11,47,0,4,2020
2020-11-29,Virginia,163619179,168158835.0,169654399.0,176705173.0,165767306.0,2447677.948692077,167806157.83333334,6,11,48,0,4,2020
2020-12-06,Virginia,159632428,163619179.0,163050882.0,175163330.0,163776354.75,3483752.220694857,166673828.16666666,6,12,49,0,4,2020
2020-12-13,Virginia,162737264,159632428.0,165623748.0,175645455.0,163536926.5,3523888.586327009,166157925.41666666,6,12,50,0,4,2020
2020-12-20,Virginia,168096273,162737264.0,165112481.0,181602899.0,163521286.0,3496569.5631702743,166099482.33333334,6,12,51,0,4,2020
2020-12-27,Virginia,160600536,168096273.0,167596233.0,180652170.0,162766625.25,3782465.785831382,164798102.91666666,6,12,52,0,4,2020
2021-01-03,Virginia,161285295,160600536.0,163694977.0,185516072.0,163179842.0,3396532.3905757326,164100677.58333334,6,1,53,0,1,2021
2021-01-10,Virginia,158932759,161285295.0,168158835.0,182008194.0,162228715.75,4034541.3200568845,163757500.66666666,6,1,1,0,1,2021
2021-01-17,Virginia,159488853,158932759.0,163619179.0,177589601.0,160076860.75,1062900.282630676,163246259.41666666,6,1,2,0,1,2021
2021-01-24,Virginia,156698362,159488853.0,159632428.0,190019012.0,159101317.25,1890550.941495551,162545082.83333334,6,1,3,0,1,2021
2021-01-31,Virginia,160272674,156698362.0,162737264.0,199524865.0,158848162.0,1534982.7456179417,161934786.25,6,1,4,0,1,2021
2021-02-07,Virginia,160563408,160272674.0,168096273.0,187064332.0,159255824.25,1764338.8030497557,161673822.16666666,6,2,5,0,1,2021
2021-02-14,Virginia,155848250,160563408.0,160600536.0,191619754.0,158345673.5,2420911.4368955744,160647940.08333334,6,2,6,0,1,2021
2021-02-21,Virginia,157894230,155848250.0,161285295.0,183961730.0,158644640.5,2214729.294457103,160170861.0,6,2,7,0,1,2021
2021-02-28,Virginia,163796229,157894230.0,158932759.0,187624235.0,159525529.25,3439941.306664168,160517844.41666666,6,2,8,0,1,2021
2021-03-07,Virginia,174612377,163796229.0,159488853.0,184209933.0,163037771.5,8420055.202137364,161507437.16666666,6,3,9,0,1,2021
2021-03-14,Virginia,200079906,174612377.0,156698362.0,179700730.0,174095685.5,18654871.12090446,164172739.91666666,6,3,10,0,1,2021
2021-03-21,Virginia,188758958,200079906.0,160272674.0,178591806.0,181811867.5,15899467.402766947,166519275.08333334,6,3,11,0,1,2021
2021-03-28,Virginia,173111525,188758958.0,160563408.0,182383627.0,184140691.5,12751708.842839666,167504794.25,6,3,12,0,1,2021
2021-04-04,Virginia,178524305,173111525.0,155848250.0,186222413.0,185118673.5,11898843.923883839,169137423.08333334,6,4,13,0,2,2021
2021-04-11,Virginia,180011223,178524305.0,157894230.0,173220384.0,180101502.75,6488631.687474994,170847620.58333334,6,4,14,0,2,2021
2021-04-18,Virginia,176271631,180011223.0,163796229.0,168928097.0,176979671.0,3002225.610086462,172478726.33333334,6,4,15,0,2,2021
2021-04-25,Virginia,175065614,176271631.0,174612377.0,168797590.0,177468193.25,2220099.1425707275,173711471.33333334,6,4,16,1,2,2021
2021-05-02,Virginia,187739403,175065614.0,200079906.0,176217089.0,179771967.75,5713708.384844757,175976137.58333334,6,5,17,0,2,2021
2021-05-09,Virginia,187731621,187739403.0,188758958.0,169654399.0,181702067.25,6984198.617525083,178633085.16666666,6,5,18,0,2,2021
2021-05-16,Virginia,184915271,187731621.0,173111525.0,163050882.0,183862977.25,6013706.659191648,180884838.58333334,6,5,19,0,2,2021
2021-05-23,Virginia,190347001,184915271.0,178524305.0,165623748.0,187683324.0,2218315.42884755,183097402.91666666,6,5,20,0,2,2021
2021-05-30,Virginia,191434284,190347001.0,180011223.0,165112481.0,188607044.25,2910686.6138369036,184499228.5,6,5,21,0,2,2021
2021-06-06,Virginia,197856116,191434284.0,176271631.0,167596233.0,191138168.0,5309391.123617951,184313912.66666666,6,6,22,0,2,2021
2021-06-13,Virginia,195582842,197856116.0,175065614.0,163694977.0,193805060.75,3519010.961634723,184882569.66666666,6,6,23,0,2,2021
2021-06-20,Virginia,191339932,195582842.0,187739403.0,168158835.0,194053293.5,3215717.595972023,186401603.58333334,6,6,24,0,2,2021
2021-06-27,Virginia,195554733,191339932.0,187731621.0,163619179.0,195083405.75,2718645.7285323786,187820805.91666666,6,6,25,0,2,2021
2021-07-04,Virginia,211924902,195554733.0,184915271.0,159632428.0,198600602.25,9103817.747180978,190480279.16666666,6,7,26,0,3,2021
2021-07-11,Virginia,199497004,211924902.0,190347001.0,162737264.0,199579142.75,8878907.324891279,192415726.91666666,6,7,27,0,3,2021
2021-07-18,Virginia,204653908,199497004.0,191434284.0,168096273.0,202907636.75,7072438.174104031,194881418.08333334,6,7,28,0,3,2021
2021-07-25,Virginia,199486535,204653908.0,197856116.0,160600536.0,203890587.25,5883086.550013802,195860345.75,6,7,29,0,3,2021
2021-08-01,Virginia,200020469,199486535.0,195582842.0,161285295.0,200914479.0,2505383.707731762,196884416.41666666,6,8,30,0,3,2021
2021-08-08,Virginia,194229805,200020469.0,191339932.0,158932759.0,199597679.25,4264998.138067353,197660627.58333334,6,8,31,0,3,2021
2021-08-15,Virginia,196460321,194229805.0,195554733.0,159488853.0,197549282.5,2711978.2440147605,198170070.91666666,6,8,32,1,3,2021
2021-08-22,Virginia,192954390,196460321.0,211924902.0,156698362.0,195916246.25,3096090.989757453,198296746.41666666,6,8,33,0,3,2021
2021-08-29,Virginia,200620478,192954390.0,199497004.0,160272674.0,196066248.5,3364148.6058457694,198527109.91666666,6,8,34,0,3,2021
2021-09-05,Virginia,199876305,200620478.0,204653908.0,160563408.0,197477873.5,3517847.48431206,198884898.5,6,9,35,0,3,2021
2021-09-12,Virginia,188586877,199876305.0,199486535.0,155848250.0,195509512.5,5763169.79725897,198655477.25,6,9,36,0,3,2021
2021-09-19,Virginia,187006075,188586877.0,200020469.0,157894230.0,194022433.75,7224416.096998376,197943089.08333334,6,9,37,0,3,2021
2021-09-26,Virginia,178228310,187006075.0,194229805.0,163796229.0,188424391.75,8890902.166409727,195135039.75,6,9,38,0,3,2021
2021-10-03,Virginia,271048031,178228310.0,196460321.0,174612377.0,206217323.25,43459982.452718705,201097625.33333334,6,10,39,0,4,2021
2021-10-10,Virginia,264267113,271048031.0,192954390.0,200079906.0,225137382.25,49306460.52720676,206065392.41666666,6,10,40,0,4,2021
2021-10-17,Virginia,257032021,264267113.0,200620478.0,188758958.0,242643868.75,43323374.21170919,210860849.58333334,6,10,41,0,4,2021
2021-10-24,Virginia,256856676,257032021.0,199876305.0,173111525.0,262300960.25,6776895.925540666,215597200.16666666,6,10,42,0,4,2021
2021-10-31,Virginia,255221502,256856676.0,188586877.0,178524305.0,258344328.0,4031818.5523762633,220679841.58333334,6,10,43,0,4,2021
2021-11-07,Virginia,254210851,255221502.0,187006075.0,180011223.0,255830262.5,1352877.3186557305,225492385.75,6,11,44,0,4,2021
2021-11-14,Virginia,257365910,254210851.0,178228310.0,176271631.0,255913734.75,1457960.9509920704,230860012.41666666,6,11,45,0,4,2021
2021-11-21,Virginia,260709600,257365910.0,271048031.0,175065614.0,256876965.75,2873840.62777874,235867439.25,6,11,46,0,4,2021
2021-11-28,Virginia,246183598,260709600.0,264267113.0,187739403.0,254617489.75,6217274.491084957,239726380.33333334,6,11,47,0,4,2021
2021-12-05,Virginia,252428302,246183598.0,257032021.0,187731621.0,254171852.5,6319185.706768591,245046499.08333334,6,12,48,0,4,2021
2021-12-12,Virginia,250214046,252428302.0,256856676.0,184915271.0,252383886.5,6122942.193079982,250313830.0,6,12,49,0,4,2021
2021-12-19,Virginia,262572653,250214046.0,255221502.0,190347001.0,252849649.75,6978466.383254396,257342525.25,6,12,50,0,4,2021
2021-12-26,Virginia,252987751,262572653.0,254210851.0,191434284.0,254550688.0,5480440.39277734,255837501.91666666,6,12,51,0,4,2021
2022-01-02,Virginia,247570917,252987751.0,257365910.0,197856116.0,253336341.75,6542675.658481145,254446152.25,6,1,52,0,1,2022
2022-01-09,Virginia,248898889,247570917.0,260709600.0,195582842.0,253007552.5,6780601.275958677,253768391.25,6,1,1,0,1,2022
2022-01-16,Virginia,250857872,248898889.0,246183598.0,191339932.0,250078857.25,2362951.275988496,253268490.91666666,6,1,2,0,1,2022
2022-01-23,Virginia,240630000,250857872.0,252428302.0,195554733.0,246989419.5,4449395.248633056,252052532.41666666,6,1,3,0,1,2022
2022-01-30,Virginia,246332113,240630000.0,250214046.0,211924902.0,246679718.5,4438528.580904082,251395970.91666666,6,1,4,0,1,2022
2022-02-06,Virginia,247718808,246332113.0,262572653.0,199497004.0,246384698.25,4278179.105640116,250592045.75,6,2,5,0,1,2022
2022-02-13,Virginia,247796846,247718808.0,252987751.0,204653908.0,245619441.75,3393663.566451405,249515982.91666666,6,2,6,0,1,2022
2022-02-20,Virginia,245704581,247796846.0,247570917.0,199486535.0,246888087.0,1036940.0240830804,249476064.83333334,6,2,7,0,1,2022
2022-02-27,Virginia,254539797,245704581.0,248898889.0,200020469.0,248940008.0,3856759.1539657717,249652022.75,6,2,8,0,1,2022
2022-03-06,Virginia,263806233,254539797.0,250857872.0,194229805.0,252961864.25,8153440.562998854,250784705.0,6,3,9,0,1,2022
2022-03-13,Virginia,266351669,263806233.0,240630000.0,196460321.0,257600570.0,9415853.167628562,251099623.0,6,3,10,0,1,2022
2022-03-20,Virginia,267757777,266351669.0,246332113.0,192954390.0,263113869.0,5945399.031243868,252330458.5,6,3,11,0,1,2022
2022-03-27,Virginia,269389622,267757777.0,247718808.0,200620478.0,266826325.25,2365329.3178269663,254148683.91666666,6,3,12,0,1,2022
2022-04-03,Virginia,272520470,269389622.0,247796846.0,199876305.0,269004884.5,2652181.1123247007,256117149.0,6,4,13,0,2,2022
2022-04-10,Virginia,277964646,272520470.0,245704581.0,188586877.0,271908128.75,4495355.340219697,258376046.83333334,6,4,14,0,2,2022
2022-04-17,Virginia,282253256,277964646.0,254539797.0,187006075.0,275531998.5,5712301.614779274,261844651.5,6,4,15,0,2,2022
2022-04-24,Virginia,274802222,282253256.0,263806233.0,178228310.0,276885148.5,4217854.675733853,264217160.58333334,6,4,16,0,2,2022
2022-05-01,Virginia,290727348,274802222.0,266351669.0,271048031.0,281436868.0,6905417.225134362,267801205.58333334,6,5,17,0,2,2022
2022-05-08,Virginia,284854597,290727348.0,267757777.0,264267113.0,283159355.75,6603308.535981638,270889351.5,6,5,18,0,2,2022
2022-05-15,Virginia,279296130,284854597.0,269389622.0,257032021.0,282420074.25,6897545.427122315,273688647.25,6,5,19,0,2,2022
2022-05-22,Virginia,302860488,279296130.0,272520470.0,256856676.0,289434640.75,10094398.898965675,277715371.5,6,5,20,0,2,2022
2022-05-29,Virginia,292593331,302860488.0,277964646.0,255221502.0,289901136.5,10216431.63921873,280114296.3333333,6,5,21,0,2,2022
2022-06-05,Virginia,295835576,292593331.0,282253256.0,254210851.0,292646381.25,9878106.475449946,282571288.5833333,6,6,22,0,2,2022
2022-06-12,Virginia,290185531,295835576.0,274802222.0,257365910.0,295368731.5,5504930.353815468,284440268.0833333,6,6,23,0,2,2022
2022-06-19,Virginia,299528811,290185531.0,290727348.0,260709600.0,294535812.25,4054528.442947975,286951867.1666667,6,6,24,0,2,2022
2022-06-26,Virginia,296107450,299528811.0,284854597.0,246183598.0,295414342.0,3869847.3875208413,288917448.8333333,6,6,25,0,2,2022
2022-07-03,Virginia,313281997,296107450.0,279296130.0,252428302.0,299775947.25,9796400.90538466,291860561.4166667,6,7,26,0,3,2022
2022-07-10,Virginia,294810632,313281997.0,302860488.0,250214046.0,300932222.5,8470316.67974762,292907009.4166667,6,7,27,1,3,2022
2022-07-17,Virginia,302418266,294810632.0,292593331.0,262572653.0,301654586.25,8433866.607551882,295208346.4166667,6,7,28,0,3,2022
2022-07-24,Virginia,298574850,302418266.0,295835576.0,252987751.0,302271436.25,7970411.0509942975,295862304.9166667,6,7,29,0,3,2022
2022-07-31,Virginia,298870973,298574850.0,290185531.0,247570917.0,298668680.25,3108786.26200279,297030336.25,6,7,30,0,3,2022
2022-08-07,Virginia,302468893,298870973.0,299528811.0,248898889.0,300583245.5,2151627.0067367004,298961399.8333333,6,8,31,0,3,2022
2022-08-14,Virginia,302020483,302468893.0,296107450.0,250857872.0,300483799.75,2045099.0110970135,298891399.4166667,6,8,32,0,3,2022
2022-08-21,Virginia,295293415,302020483.0,313281997.0,240630000.0,299663441.0,3324221.2464360804,299116406.4166667,6,8,33,0,3,2022
2022-08-28,Virginia,306222919,295293415.0,294810632.0,246332113.0,301501427.5,4547428.184901225,299982018.3333333,6,8,34,0,3,2022
2022-09-04,Virginia,309506677,306222919.0,302418266.0,247718808.0,303260873.5,6131958.318144869,301592113.8333333,6,9,35,0,3,2022
2022-09-11,Virginia,289237582,309506677.0,298574850.0,247796846.0,300065148.25,9435151.206241652,300734511.4166667,6,9,36,0,3,2022
2022-09-18,Virginia,291679545,289237582.0,298870973.0,245704581.0,299161680.75,10187412.566773435,300365519.3333333,6,9,37,0,3,2022
2022-09-25,Virginia,287218015,291679545.0,302468893.0,254539797.0,294410454.75,10228124.564635757,298193520.8333333,6,9,38,0,3,2022
2022-10-02,Virginia,288864320,287218015.0,302020483.0,263806233.0,289249865.5,1842150.477387476,297697994.8333333,6,10,39,1,4,2022
2022-10-09,Virginia,278024414,288864320.0,295293415.0,266351669.0,286446573.5,5909240.827986866,295665173.8333333,6,10,40,1,4,2022
2022-10-16,Virginia,276442480,278024414.0,306222919.0,267757777.0,282637307.25,6309073.890643927,293820809.6666667,6,10,41,0,4,2022
2022-10-23,Virginia,270821530,276442480.0,309506677.0,269389622.0,278538186.0,7546119.720640452,291483356.0833333,6,10,42,0,4,2022
2022-10-30,Virginia,270254957,270821530.0,289237582.0,272520470.0,273885845.25,3925876.1221226645,288798861.4166667,6,10,43,0,4,2022
2022-11-06,Virginia,273249495,270254957.0,291679545.0,277964646.0,272692115.5,2817489.2757451534,286401279.0833333,6,11,44,0,4,2022
2022-11-13,Virginia,272549134,273249495.0,287218015.0,282253256.0,271718779.0,1411903.149932725,284505922.3333333,6,11,45,0,4,2022
2022-11-20,Virginia,276320017,272549134.0,288864320.0,274802222.0,273093400.75,2502559.1605874575,282014013.8333333,6,11,46,0,4,2022
2022-11-27,Virginia,267855343,276320017.0,278024414.0,290727348.0,272493497.25,3499016.8280957933,278543069.3333333,6,11,47,0,4,2022
2022-12-04,Virginia,265354902,267855343.0,276442480.0,284854597.0,270519849.0,4883175.748639331,276552846.0,6,12,48,0,4,2022
2022-12-11,Virginia,269510630,265354902.0,270821530.0,279296130.0,269760223.0,4694983.66754454,274705436.4166667,6,12,49,0,4,2022
2022-12-18,Virginia,281170584,269510630.0,270254957.0,302860488.0,270972864.75,7009803.984136377,274201483.8333333,6,12,50,0,4,2022
2022-12-25,Virginia,279780285,281170584.0,273249495.0,292593331.0,273954100.25,7739782.616684367,273444480.9166667,6,12,51,1,4,2022
2023-01-01,Virginia,262853194,279780285.0,272549134.0,295835576.0,273328673.25,8706931.686109992,272180212.5833333,6,1,52,0,1,2023
2023-01-08,Virginia,263411853,262853194.0,276320017.0,290185531.0,271803979.0,10031601.36016455,271094327.0,6,1,1,0,1,2023
2023-01-15,Virginia,268174663,263411853.0,267855343.0,299528811.0,268554998.75,7855236.730785314,270873754.75,6,1,2,0,1,2023
2023-01-22,Virginia,255636483,268174663.0,265354902.0,296107450.0,262519048.25,5172505.399539443,269655548.5833333,6,1,3,0,1,2023
2023-01-29,Virginia,257988853,255636483.0,269510630.0,313281997.0,261302963.0,5620201.615737149,268383828.41666666,6,1,4,0,1,2023
2023-02-05,Virginia,264660031,257988853.0,281170584.0,294810632.0,261615007.5,5807839.53087567,267726403.16666666,6,2,5,0,1,2023
2023-02-12,Virginia,270253070,264660031.0,279780285.0,302418266.0,262134609.25,6625710.015035373,267220824.25,6,2,6,0,1,2023
2023-02-19,Virginia,271129890,270253070.0,262853194.0,298574850.0,266007961.0,6065699.066705316,267493703.16666666,6,2,7,0,1,2023
2023-02-26,Virginia,274063689,271129890.0,263411853.0,298870973.0,270026670.0,3931356.3346969387,268219435.41666666,6,2,8,0,1,2023
2023-03-05,Virginia,289520255,274063689.0,268174663.0,302468893.0,276241726.0,9001074.853491016,269886904.1666667,6,3,9,0,1,2023
2023-03-12,Virginia,307916269,289520255.0,255636483.0,302020483.0,285657525.75,16890249.44949558,272115711.25,6,3,10,0,1,2023
2023-03-19,Virginia,297202719,307916269.0,257988853.0,295293415.0,292175733.0,14237658.551390091,273567580.75,6,3,11,0,1,2023
2023-03-26,Virginia,279532595,297202719.0,264660031.0,306222919.0,293542959.5,12006364.013830515,274957530.8333333,6,3,12,0,1,2023
2023-04-02,Virginia,286229977,279532595.0,270253070.0,309506677.0,292720390.0,12477304.860151466,276859041.1666667,6,4,13,0,2,2023
2023-04-09,Virginia,293839744,286229977.0,271129890.0,289237582.0,289201258.75,7913079.583728175,278997797.9166667,6,4,14,0,2,2023
2023-04-16,Virginia,297359967,293839744.0,274063689.0,291679545.0,289240570.75,7966292.695647058,282474754.9166667,6,4,15,0,2,2023
2023-04-23,Virginia,294647609,297359967.0,289520255.0,287218015.0,293019324.25,4770073.911289173,285529651.25,6,4,16,0,2,2023
2023-04-30,Virginia,295973428,294647609.0,307916269.0,288864320.0,295455187.0,1544732.8673933686,288139101.0,6,4,17,0,2,2023
2023-05-07,Virginia,301772658,295973428.0,297202719.0,278024414.0,297438415.5,3094435.9481473095,290765733.3333333,6,5,18,0,2,2023
2020-05-03,Washington,118100977,109935675.0,121698993.0,105763908.0,112996587.0,3813671.09153748,110252006.58333333,6,5,18,0,2,2020
2020-05-10,Washington,127920488,118100977.0,119323649.0,104339594.0,117420332.0,7754528.236601417,112798542.0,6,5,19,0,2,2020
2020-05-17,Washington,117697089,127920488.0,105643796.0,102402217.0,118413557.25,7368112.668703088,114277432.0,6,5,20,0,2,2020
2020-05-24,Washington,120918669,117697089.0,108192713.0,99549903.0,121159305.75,4729757.253468821,115397523.33333333,6,5,21,0,2,2020
2020-05-31,Washington,119281232,120918669.0,110225508.0,101445077.0,121454369.5,4506933.430146971,116055248.08333333,6,5,22,0,2,2020
2020-06-07,Washington,120382319,119281232.0,113724188.0,102493531.0,119569827.25,1422433.675278254,115945525.25,6,6,23,0,2,2020
2020-06-14,Washington,123717766,120382319.0,109935675.0,103838635.0,121074996.5,1889096.9727935337,116311701.66666667,6,6,24,0,2,2020
2020-06-21,Washington,120673195,123717766.0,118100977.0,103657674.0,121013628.0,1899824.8958636583,117564151.58333333,6,6,25,0,2,2020
2020-06-28,Washington,124796648,120673195.0,127920488.0,100959342.0,122392482.0,2200991.8151559234,118947812.83333333,6,6,26,0,2,2020
2020-07-05,Washington,125649881,124796648.0,117697089.0,102506228.0,123709372.5,2173030.565348857,120233177.25,6,7,27,0,3,2020
2020-07-12,Washington,120901347,125649881.0,120918669.0,104798163.0,123005267.75,2586378.953655663,120831273.83333333,6,7,28,0,3,2020
2020-07-19,Washington,126359721,120901347.0,119281232.0,113080403.0,124426899.25,2435687.246186923,122199944.33333333,6,7,29,0,3,2020
2020-07-26,Washington,127771348,126359721.0,120382319.0,100706539.0,125170574.25,2979604.5802792297,123005808.58333333,6,7,30,0,3,2020
2020-08-02,Washington,133188125,127771348.0,123717766.0,101422957.0,127055135.25,5049067.068340742,123444778.33333333,6,8,31,0,3,2020
2020-08-09,Washington,125952535,133188125.0,120673195.0,103079612.0,128317932.25,3339023.171250085,124132732.16666667,6,8,32,0,3,2020
2020-08-16,Washington,126432915,125952535.0,124796648.0,99153199.0,128336230.75,3324885.291615182,124592252.66666667,6,8,33,0,3,2020
2020-08-23,Washington,122110122,126432915.0,125649881.0,99473246.0,126920924.25,4604257.243646251,124827993.5,6,8,34,0,3,2020
2020-08-30,Washington,124259318,122110122.0,120901347.0,104126832.0,124688722.5,1955590.1304919987,125151076.75,6,8,35,1,3,2020
2020-09-06,Washington,124581759,124259318.0,126359721.0,104104167.0,124346028.5,1771765.6654747115,125223076.16666667,6,9,36,0,3,2020
2020-09-13,Washington,117662826,124581759.0,127771348.0,97362063.0,122153506.25,3188465.976255087,124972212.08333333,6,9,37,0,3,2020
2020-09-20,Washington,111632322,117662826.0,133188125.0,99950409.0,119534056.25,6157551.149185552,123875184.91666667,6,9,38,0,3,2020
2020-09-27,Washington,108526971,111632322.0,125952535.0,107477573.0,115600969.5,7087487.801921572,122448275.75,6,9,39,0,3,2020
2020-10-04,Washington,112825238,108526971.0,126432915.0,111388535.0,112661839.25,3794452.4786448865,121775266.66666667,6,10,40,0,4,2020
2020-10-11,Washington,110684503,112825238.0,122110122.0,121698993.0,110917258.5,1818364.7449369854,120468998.5,6,10,41,0,4,2020
2020-10-18,Washington,106590824,110684503.0,124259318.0,119323649.0,109656884.0,2693937.340872788,118703954.83333333,6,10,42,0,4,2020
2020-10-25,Washington,104835484,106590824.0,124581759.0,105643796.0,108734012.25,3666711.5464352616,116341234.75,6,10,43,1,4,2020
2020-11-01,Washington,108548730,104835484.0,117662826.0,108192713.0,107664885.25,2520475.6099111517,114890917.66666667,6,11,44,0,4,2020
2020-11-08,Washington,108425959,108548730.0,111632322.0,110225508.0,107100249.25,1755399.1518845488,113390338.0,6,11,45,0,4,2020
2020-11-15,Washington,107706417,108425959.0,108526971.0,113724188.0,107379147.5,1735997.971168287,112190029.25,6,11,46,0,4,2020
2020-11-22,Washington,112227700,107706417.0,112825238.0,109935675.0,109227201.5,2034542.5254883266,111187394.41666667,6,11,47,0,4,2020
2020-11-29,Washington,105174025,112227700.0,110684503.0,118100977.0,108383525.25,2917695.869954293,109570083.25,6,11,48,0,4,2020
2020-12-06,Washington,107995295,105174025.0,106590824.0,127920488.0,108275859.25,2923548.175436657,108764455.66666667,6,12,49,0,4,2020
2020-12-13,Washington,109944087,107995295.0,104835484.0,117697089.0,108835276.75,2991561.9885970955,108623769.41666667,6,12,50,0,4,2020
2020-12-20,Washington,116309572,109944087.0,108548730.0,120918669.0,109855744.75,4727207.195790239,109272319.5,6,12,51,0,4,2020
2020-12-27,Washington,107114656,116309572.0,108425959.0,119281232.0,110340902.5,4151024.739510686,108796437.66666667,6,12,52,0,4,2020
2021-01-03,Washington,108217572,107114656.0,107706417.0,120382319.0,110396471.75,4110447.0667670295,108590860.08333333,6,1,53,0,1,2021
2021-01-10,Washington,109823465,108217572.0,112227700.0,123717766.0,110366316.25,4115311.75906407,108860246.83333333,6,1,1,0,1,2021
2021-01-17,Washington,106760567,109823465.0,105174025.0,120673195.0,107979065.0,1377272.3337977717,109020670.41666667,6,1,2,0,1,2021
2021-01-24,Washington,105331134,106760567.0,107995295.0,124796648.0,107533184.5,1928707.2721292945,108752537.41666667,6,1,3,0,1,2021
2021-01-31,Washington,106648446,105331134.0,109944087.0,125649881.0,107140903.0,1902504.672526042,108604411.33333333,6,1,4,0,1,2021
2021-02-07,Washington,109182532,106648446.0,116309572.0,120901347.0,106980669.75,1604990.487939105,108727420.91666667,6,2,5,0,1,2021
2021-02-14,Washington,106007769,109182532.0,107114656.0,126359721.0,106792470.25,1681705.2695321909,108209093.33333333,6,2,6,0,1,2021
2021-02-21,Washington,105673904,106007769.0,108217572.0,127771348.0,106878162.75,1588575.0263015612,108250749.91666667,6,2,7,0,1,2021
2021-02-28,Washington,111021561,105673904.0,109823465.0,133188125.0,107971441.5,2575827.207884441,108502938.75,6,2,8,0,1,2021
2021-03-07,Washington,116941150,111021561.0,106760567.0,125952535.0,109911096.0,5286604.123408972,109086027.33333333,6,3,9,0,1,2021
2021-03-14,Washington,127222360,116941150.0,105331134.0,126432915.0,115214743.75,9233521.019585487,109995426.33333333,6,3,10,0,1,2021
2021-03-21,Washington,123748906,127222360.0,106648446.0,122110122.0,119733494.25,7208828.131916332,111381613.83333333,6,3,11,0,1,2021
2021-03-28,Washington,109799217,123748906.0,109182532.0,124259318.0,119427908.25,7709737.596493431,111513417.58333333,6,3,12,0,1,2021
2021-04-04,Washington,116874861,109799217.0,106007769.0,124581759.0,119411336.0,7716932.605840704,112101033.91666667,6,4,13,0,2,2021
2021-04-11,Washington,118476152,116874861.0,105673904.0,117662826.0,117224784.0,5755912.355127441,113077332.66666667,6,4,14,0,2,2021
2021-04-18,Washington,124594636,118476152.0,111021561.0,111632322.0,117436216.5,6081757.33765938,114682624.5,6,4,15,0,2,2021
2021-04-25,Washington,120861513,124594636.0,116941150.0,108526971.0,120201790.5,3355523.480995137,115867046.75,6,4,16,1,2,2021
2021-05-02,Washington,124200173,120861513.0,127222360.0,112825238.0,122033118.5,2902996.5689800116,117118516.83333333,6,5,17,0,2,2021
2021-05-09,Washington,130700689,124200173.0,123748906.0,110684503.0,125089252.75,4098662.7377225086,119176260.16666667,6,5,18,0,2,2021
2021-05-16,Washington,130615127,130700689.0,109799217.0,106590824.0,126594375.5,4886245.0218256265,121254695.41666667,6,5,19,0,2,2021
2021-05-23,Washington,126138211,130615127.0,116874861.0,104835484.0,127913550.0,3266377.1675104178,122514416.25,6,5,20,0,2,2021
2021-05-30,Washington,128402100,126138211.0,118476152.0,108548730.0,128964031.75,2163571.4402609793,123469495.41666667,6,5,21,0,2,2021
2021-06-06,Washington,130216903,128402100.0,124594636.0,108425959.0,128843085.25,2044367.8626076493,123719040.66666667,6,6,22,0,2,2021
2021-06-13,Washington,125357944,130216903.0,120861513.0,107706417.0,127528789.5,2208687.7075030454,123853127.16666667,6,6,23,0,2,2021
2021-06-20,Washington,134192933,125357944.0,124200173.0,112227700.0,129542470.0,3691989.868505155,125885936.83333333,6,6,24,0,2,2021
2021-06-27,Washington,145342545,134192933.0,130700689.0,105174025.0,133777581.25,8514490.093103109,128258243.83333333,6,6,25,0,2,2021
2021-07-04,Washington,142870874,145342545.0,130615127.0,107995295.0,136941074.0,9082371.616793752,130291137.33333333,6,7,26,0,3,2021
2021-07-11,Washington,132607061,142870874.0,126138211.0,109944087.0,138753353.25,6296712.537082847,130958839.41666667,6,7,27,0,3,2021
2021-07-18,Washington,137489728,132607061.0,128402100.0,116309572.0,139577552.0,5687057.467671372,132344524.0,6,7,28,0,3,2021
2021-07-25,Washington,137360142,137489728.0,130216903.0,107114656.0,137581951.25,4194438.433856545,133441188.08333333,6,7,29,0,3,2021
2021-08-01,Washington,142523539,137360142.0,125357944.0,108217572.0,137495117.5,4049541.8078742805,134426425.58333334,6,8,30,0,3,2021
2021-08-08,Washington,136393049,142523539.0,134192933.0,109823465.0,138441614.5,2764923.0796189806,134907919.08333334,6,8,31,0,3,2021
2021-08-15,Washington,140790143,136393049.0,145342545.0,106760567.0,139266718.25,2876381.5417988203,136128913.41666666,6,8,32,1,3,2021
2021-08-22,Washington,131807622,140790143.0,142870874.0,105331134.0,137878588.25,4799867.241362092,136412706.91666666,6,8,33,0,3,2021
2021-08-29,Washington,128473713,131807622.0,132607061.0,106648446.0,134366131.75,5374101.0083756,136267441.08333334,6,8,34,0,3,2021
2021-09-05,Washington,135333469,128473713.0,137489728.0,109182532.0,134101236.75,5265914.144048209,137098734.83333334,6,9,35,0,3,2021
2021-09-12,Washington,129432392,135333469.0,137360142.0,106007769.0,131261799.0,3054863.49129134,136702023.08333334,6,9,36,0,3,2021
2021-09-19,Washington,121231207,129432392.0,142523539.0,105673904.0,128617695.25,5783490.5092384275,134692744.91666666,6,9,37,0,3,2021
2021-09-26,Washington,119610947,121231207.0,136393049.0,111021561.0,126402003.75,7344156.7537107775,132754417.66666667,6,9,38,0,3,2021
2021-10-03,Washington,173143477,119610947.0,140790143.0,116941150.0,135854505.75,25228323.957394388,136132452.33333334,6,10,39,0,4,2021
2021-10-10,Washington,170162893,173143477.0,131807622.0,127222360.0,146037131.0,29611278.548598066,138855216.08333334,6,10,40,0,4,2021
2021-10-17,Washington,167421377,170162893.0,128473713.0,123748906.0,157584673.5,25423431.52936877,141360319.0,6,10,41,0,4,2021
2021-10-24,Washington,163190223,167421377.0,135333469.0,109799217.0,168479492.5,4230152.436757249,143082542.66666666,6,10,42,0,4,2021
2021-10-31,Washington,165155956,163190223.0,129432392.0,116874861.0,166482612.25,3001421.298531838,145479451.58333334,6,10,43,0,4,2021
2021-11-07,Washington,164199928,165155956.0,121231207.0,118476152.0,164991871.0,1807625.746885758,147430267.0,6,11,44,0,4,2021
2021-11-14,Washington,168652230,164199928.0,119610947.0,124594636.0,165299584.25,2374834.124056923,150500651.0,6,11,45,0,4,2021
2021-11-21,Washington,170098808,168652230.0,173143477.0,120861513.0,167026730.5,2803005.4343128405,153969408.91666666,6,11,46,0,4,2021
2021-11-28,Washington,158370542,170098808.0,170162893.0,124200173.0,165330377.0,5275410.24389557,155889165.0,6,11,47,0,4,2021
2021-12-05,Washington,164503607,158370542.0,167421377.0,130700689.0,165406296.75,5255867.774266956,158811766.25,6,12,48,0,4,2021
2021-12-12,Washington,168854026,164503607.0,163190223.0,130615127.0,165456745.75,5298207.624382032,162780334.5,6,12,49,0,4,2021
2021-12-19,Washington,177080923,168854026.0,165155956.0,126138211.0,167202274.5,7865500.289903497,167569499.16666666,6,12,50,0,4,2021
2021-12-26,Washington,166593896,177080923.0,164199928.0,128402100.0,169258113.0,5509477.353518297,167023700.75,6,12,51,0,4,2021
2022-01-02,Washington,161762010,166593896.0,168652230.0,130216903.0,168572713.75,6397139.11270144,166323627.16666666,6,1,52,0,1,2022
2022-01-09,Washington,166032159,161762010.0,170098808.0,125357944.0,167867247.0,6510369.037058984,166207859.0,6,1,1,0,1,2022
2022-01-16,Washington,167157717,166032159.0,158370542.0,134192933.0,165386445.5,2459594.6857428835,166538483.5,6,1,2,0,1,2022
2022-01-23,Washington,164346106,167157717.0,164503607.0,145342545.0,164824498.0,2345921.826538479,166470996.0,6,1,3,0,1,2022
2022-01-30,Washington,164024827,164346106.0,168854026.0,142870874.0,165390202.25,1470895.80561344,166456404.25,6,1,4,0,1,2022
2022-02-06,Washington,170138891,164024827.0,177080923.0,132607061.0,166416885.25,2852614.4650398437,166580292.66666666,6,2,5,0,1,2022
2022-02-13,Washington,163459979,170138891.0,166593896.0,137489728.0,165492450.75,3119207.9212936787,166027056.91666666,6,2,6,0,1,2022
2022-02-20,Washington,160798545,163459979.0,161762010.0,137360142.0,164605560.5,3948025.743357217,166229390.5,6,2,7,0,1,2022
2022-02-27,Washington,165041501,160798545.0,166032159.0,142523539.0,164859729.0,3930865.3850682345,166274215.0,6,2,8,0,1,2022
2022-03-06,Washington,171832948,165041501.0,167157717.0,136393049.0,165283243.25,4704390.946994366,166522458.5,6,3,9,0,1,2022
2022-03-13,Washington,172443375,171832948.0,164346106.0,140790143.0,167529092.25,5602431.786742659,166135996.16666666,6,3,10,0,1,2022
2022-03-20,Washington,174739185,172443375.0,164024827.0,131807622.0,171014252.25,4173788.6886310563,166814770.25,6,3,11,0,1,2022
2022-03-27,Washington,172332060,174739185.0,170138891.0,128473713.0,172836892.0,1295676.5530662418,167695607.75,6,3,12,0,1,2022
2022-04-03,Washington,177811519,172332060.0,163459979.0,135333469.0,174331534.75,2571608.810581397,168677221.08333334,6,4,13,0,2,2022
2022-04-10,Washington,173850320,177811519.0,160798545.0,129432392.0,174683271.0,2310199.303077611,169234938.0,6,4,14,0,2,2022
2022-04-17,Washington,185583529,173850320.0,165041501.0,121231207.0,177394357.0,5928001.668730221,171004723.25,6,4,15,0,2,2022
2022-04-24,Washington,177382652,185583529.0,171832948.0,119610947.0,178657005.0,4947045.500653389,172117875.33333334,6,4,16,0,2,2022
2022-05-01,Washington,185282379,177382652.0,172443375.0,173143477.0,180524720.0,5849418.043286724,173379832.66666666,6,5,17,0,2,2022
2022-05-08,Washington,191812755,185282379.0,174739185.0,170162893.0,185015328.75,5912047.737580824,175742564.0,6,5,18,0,2,2022
2022-05-15,Washington,189038308,191812755.0,172332060.0,167421377.0,185879023.5,6264571.317906859,178095877.58333334,6,5,19,0,2,2022
2022-05-22,Washington,187445495,189038308.0,177811519.0,163190223.0,188394734.25,2749840.199906263,179962877.08333334,6,5,20,0,2,2022
2022-05-29,Washington,191419160,187445495.0,173850320.0,165155956.0,189928929.5,2059954.613547897,181595061.41666666,6,5,21,0,2,2022
2022-06-05,Washington,192140102,191419160.0,185583529.0,164199928.0,190010766.25,2163633.9281661883,183236455.33333334,6,6,22,0,2,2022
2022-06-12,Washington,195542842,192140102.0,177382652.0,168652230.0,191636899.75,3322894.4080821844,184970093.41666666,6,6,23,0,2,2022
2022-06-19,Washington,194298028,195542842.0,185282379.0,170098808.0,193350033.0,1906070.0754339937,186800590.75,6,6,24,0,2,2022
2022-06-26,Washington,213212072,194298028.0,191812755.0,158370542.0,198798261.0,9711485.961356115,189750636.83333334,6,6,25,0,2,2022
2022-07-03,Washington,213331560,213212072.0,189038308.0,164503607.0,204096125.5,10607467.562139569,193040740.16666666,6,7,26,0,3,2022
2022-07-10,Washington,199809591,213331560.0,187445495.0,168854026.0,205162812.75,9630152.938844347,194226245.33333334,6,7,27,1,3,2022
2022-07-17,Washington,202846648,199809591.0,191419160.0,177080923.0,207299967.75,7006446.612128179,196348245.0,6,7,28,0,3,2022
2022-07-24,Washington,205218551,202846648.0,192140102.0,166593896.0,205301587.5,5792987.338606326,198009592.66666666,6,7,29,0,3,2022
2022-07-31,Washington,216107723,205218551.0,195542842.0,161762010.0,205995628.25,7095572.393136473,200034173.33333334,6,7,30,0,3,2022
2022-08-07,Washington,206136814,216107723.0,194298028.0,166032159.0,207577434.0,5853371.723300587,201459048.83333334,6,8,31,0,3,2022
2022-08-14,Washington,207721411,206136814.0,213212072.0,167157717.0,208796124.75,4982818.687436374,203148708.5,6,8,32,0,3,2022
2022-08-21,Washington,197668602,207721411.0,213331560.0,164346106.0,206908637.5,7555522.094358619,203669495.33333334,6,8,33,0,3,2022
2022-08-28,Washington,198708266,197668602.0,199809591.0,164024827.0,202558773.25,5105401.880459995,204216842.33333334,6,8,34,0,3,2022
2022-09-04,Washington,201258179,198708266.0,202846648.0,170138891.0,201339114.5,4514210.341122044,204693120.41666666,6,9,35,0,3,2022
2022-09-11,Washington,191922359,201258179.0,205218551.0,163459979.0,197389351.5,3944335.580714524,204495148.0,6,9,36,0,3,2022
2022-09-18,Washington,183687055,191922359.0,216107723.0,160798545.0,193893964.75,7862938.041294986,202034729.91666666,6,9,37,0,3,2022
2022-09-25,Washington,181678982,183687055.0,206136814.0,165041501.0,189636643.75,8925741.100745518,199397015.08333334,6,9,38,0,3,2022
2022-10-02,Washington,181472967,181678982.0,207721411.0,171832948.0,184690340.75,4923699.342055566,197868963.08333334,6,10,39,1,4,2022
2022-10-09,Washington,181190007,181472967.0,197668602.0,172443375.0,182007252.75,1137665.6162152442,196064243.0,6,10,40,1,4,2022
2022-10-16,Washington,177515318,181190007.0,198708266.0,174739185.0,180464318.5,1976192.210862044,193755640.25,6,10,41,0,4,2022
2022-10-23,Washington,172848242,177515318.0,201258179.0,172332060.0,178256633.5,4031117.6515343473,190150683.5,6,10,42,0,4,2022
2022-10-30,Washington,171748533,172848242.0,191922359.0,177811519.0,175825525.0,4363452.201385369,187284993.41666666,6,10,43,0,4,2022
2022-11-06,Washington,172511051,171748533.0,183687055.0,173850320.0,173655786.0,2613818.8407763657,184350796.75,6,11,44,0,4,2022
2022-11-13,Washington,173273334,172511051.0,181678982.0,185583529.0,172595290.0,644934.6236657235,182317857.75,6,11,45,0,4,2022
2022-11-20,Washington,180770466,173273334.0,181472967.0,177382652.0,174575846.0,4176399.2324543805,180823041.08333334,6,11,46,0,4,2022
2022-11-27,Washington,172251421,180770466.0,181190007.0,185282379.0,174701568.0,4069109.6627336307,178405811.25,6,11,47,0,4,2022
2022-12-04,Washington,170942767,172251421.0,177515318.0,191812755.0,174309497.0,4411662.645617281,176657511.91666666,6,12,48,0,4,2022
2022-12-11,Washington,176451625,170942767.0,172848242.0,189038308.0,175104069.75,4448894.884569627,176054559.41666666,6,12,49,0,4,2022
2022-12-18,Washington,185957278,176451625.0,171748533.0,187445495.0,176400772.75,6790589.695965719,176411084.08333334,6,12,50,0,4,2022
2022-12-25,Washington,180973702,185957278.0,172511051.0,191419160.0,178581343.0,6403419.419247934,176369478.66666666,6,12,51,1,4,2022
2023-01-01,Washington,167220717,180973702.0,173273334.0,192140102.0,177650830.5,7963749.253751435,175205371.16666666,6,1,52,0,1,2023
2023-01-08,Washington,173888699,167220717.0,180770466.0,195542842.0,177010099.0,8192217.825505143,174903152.91666666,6,1,1,0,1,2023
2023-01-15,Washington,173124788,173888699.0,172251421.0,194298028.0,173801976.5,5633611.284372503,174926198.41666666,6,1,2,0,1,2023
2023-01-22,Washington,169139520,173124788.0,170942767.0,213212072.0,170843431.0,3188814.6373947333,174708780.66666666,6,1,3,0,1,2023
2023-01-29,Washington,170124244,169139520.0,176451625.0,213331560.0,171569312.75,2294280.7391591114,174509880.08333334,6,1,4,0,1,2023
2023-02-05,Washington,172039129,170124244.0,185957278.0,199809591.0,171106920.25,1805281.1199440602,174407029.66666666,6,2,5,0,1,2023
2023-02-12,Washington,178619260,172039129.0,180973702.0,202846648.0,172480538.25,4265882.964065918,174227762.5,6,2,6,0,1,2023
2023-02-19,Washington,171916008,178619260.0,167220717.0,205218551.0,173174660.25,3733735.504028081,174199811.41666666,6,2,7,0,1,2023
2023-02-26,Washington,174541337,171916008.0,173888699.0,216107723.0,174278933.5,3136209.54020315,174499692.25,6,2,8,0,1,2023
2023-03-05,Washington,183342555,174541337.0,173124788.0,206136814.0,177104790.0,4989925.901348862,175073936.41666666,6,3,9,0,1,2023
2023-03-12,Washington,193005316,183342555.0,169139520.0,207721411.0,180701304.0,9547976.005238822,175661272.91666666,6,3,10,0,1,2023
2023-03-19,Washington,190162701,193005316.0,170124244.0,197668602.0,185262977.25,8217718.527969094,176427022.83333334,6,3,11,0,1,2023
2023-03-26,Washington,177118420,190162701.0,172039129.0,198708266.0,185907248.0,7125367.765144124,177251831.41666666,6,3,12,0,1,2023
2023-04-02,Washington,180139569,177118420.0,178619260.0,201258179.0,185106501.5,7668904.493676783,177772737.25,6,4,13,0,2,2023
2023-04-09,Washington,189468341,180139569.0,171916008.0,191922359.0,184222257.75,6581365.453057636,179134700.0,6,4,14,0,2,2023
2023-04-16,Washington,186078146,189468341.0,174541337.0,183687055.0,183201119.0,5595464.57657488,180546252.16666666,6,4,15,0,2,2023
2023-04-23,Washington,183827308,186078146.0,183342555.0,181678982.0,184878341.0,3918684.408195214,181688174.16666666,6,4,16,0,2,2023
2023-04-30,Washington,195255996,183827308.0,193005316.0,181472967.0,188657447.75,4972639.620716402,183622913.08333334,6,4,17,0,2,2023
2023-05-07,Washington,201179479,195255996.0,190162701.0,181190007.0,191585232.25,8083676.24376178,185502931.33333334,6,5,18,0,2,2023
2020-05-03,West Virginia,45386372,41845671.0,46329093.0,45374729.0,43485812.0,1783890.5927182473,42295393.083333336,6,5,18,0,2,2020
2020-05-10,West Virginia,46665321,45386372.0,45742605.0,42164049.0,43996485.75,2402816.2389922603,43031562.75,6,5,19,0,2,2020
2020-05-17,West Virginia,45314230,46665321.0,39704240.0,38465749.0,44802898.5,2066858.589208672,43667750.916666664,6,5,20,0,2,2020
2020-05-24,West Virginia,47497210,45314230.0,42406844.0,37769050.0,46215783.25,1055913.5047440734,44178761.583333336,6,5,21,0,2,2020
2020-05-31,West Virginia,47049173,47497210.0,44622626.0,39411931.0,46631483.5,941673.8024887722,44554330.333333336,6,5,22,0,2,2020
2020-06-07,West Virginia,49346856,47049173.0,42088579.0,40368204.0,47301867.25,1656773.3700554557,44805810.583333336,6,6,23,0,2,2020
2020-06-14,West Virginia,48300537,49346856.0,41845671.0,38165784.0,48048444.0,1008600.6901626934,45018971.583333336,6,6,24,0,2,2020
2020-06-21,West Virginia,45134452,48300537.0,45386372.0,38850553.0,47457754.5,1811413.8279492238,45471489.25,6,6,25,0,2,2020
2020-06-28,West Virginia,46802342,45134452.0,46665321.0,38228550.0,47396046.75,1834035.2128236007,45837780.75,6,6,26,0,2,2020
2020-07-05,West Virginia,51979692,46802342.0,45314230.0,39876563.0,48054255.75,2919032.155976174,46450869.583333336,6,7,27,0,3,2020
2020-07-12,West Virginia,48877614,51979692.0,47497210.0,39020265.0,48198525.0,2949364.681341163,47016622.5,6,7,28,0,3,2020
2020-07-19,West Virginia,48445591,48877614.0,47049173.0,39733872.0,49026309.75,2162394.040589021,47566615.833333336,6,7,29,0,3,2020
2020-07-26,West Virginia,46086420,48445591.0,49346856.0,37371772.0,48847329.25,2421888.1801821995,47624953.166666664,6,7,30,0,3,2020
2020-08-02,West Virginia,46797382,46086420.0,48300537.0,39515530.0,47551751.75,1325786.5801212434,47635958.25,6,8,31,0,3,2020
2020-08-09,West Virginia,48388940,46797382.0,45134452.0,40469847.0,47429583.25,1177058.9136321577,47892184.083333336,6,8,32,0,3,2020
2020-08-16,West Virginia,47556679,48388940.0,46802342.0,37593550.0,47207355.25,990411.2789063518,47897139.833333336,6,8,33,0,3,2020
2020-08-23,West Virginia,45580542,47556679.0,51979692.0,37000483.0,47080885.75,1192866.4191932455,47774753.916666664,6,8,34,0,3,2020
2020-08-30,West Virginia,45367765,45580542.0,48877614.0,37965137.0,46723481.5,1484615.3282091848,47443163.0,6,8,35,1,3,2020
2020-09-06,West Virginia,47293907,45367765.0,48445591.0,40027527.0,46449723.25,1134916.580828263,47359277.166666664,6,9,36,0,3,2020
2020-09-13,West Virginia,47551030,47293907.0,46086420.0,37831285.0,46448311.0,1133082.0040423663,47560658.666666664,6,9,37,0,3,2020
2020-09-20,West Virginia,43912690,47551030.0,46797382.0,37679972.0,46031348.0,1715861.564779047,47319854.333333336,6,9,38,0,3,2020
2020-09-27,West Virginia,43194334,43912690.0,48388940.0,41365082.0,45487990.25,2255356.452893478,46587741.166666664,6,9,39,0,3,2020
2020-10-04,West Virginia,45261604,43194334.0,47556679.0,42542348.0,44979914.5,1916355.0248784802,46286407.0,6,10,40,0,4,2020
2020-10-11,West Virginia,44576952,45261604.0,45580542.0,46329093.0,44236395.0,886511.6315604667,45964020.416666664,6,10,41,0,4,2020
2020-10-18,West Virginia,41723665,44576952.0,45367765.0,45742605.0,43689138.75,1567245.7935174846,45600457.5,6,10,42,0,4,2020
2020-10-25,West Virginia,41389497,41723665.0,47293907.0,39704240.0,43237929.5,1966209.5022719048,45149800.416666664,6,10,43,1,4,2020
2020-11-01,West Virginia,40916621,41389497.0,47551030.0,42406844.0,42151683.75,1650397.4039730304,44527107.166666664,6,11,44,0,4,2020
2020-11-08,West Virginia,43413285,40916621.0,43912690.0,44622626.0,41860767.0,1086679.3732811294,44181824.333333336,6,11,45,0,4,2020
2020-11-15,West Virginia,42156657,43413285.0,43194334.0,42088579.0,41969015.0,1090030.5189342184,43896500.583333336,6,11,46,0,4,2020
2020-11-22,West Virginia,41861134,42156657.0,45261604.0,41845671.0,42086924.25,1030321.3785867585,43604281.333333336,6,11,47,0,4,2020
2020-11-29,West Virginia,40189419,41861134.0,44576952.0,45386372.0,41905123.75,1327076.639225577,43012240.666666664,6,11,48,0,4,2020
2020-12-06,West Virginia,40731935,40189419.0,41723665.0,46665321.0,41234786.25,928764.2777071696,42443982.75,6,12,49,0,4,2020
2020-12-13,West Virginia,41513427,40731935.0,41389497.0,45314230.0,41073978.75,755461.8962958492,42244044.166666664,6,12,50,0,4,2020
2020-12-20,West Virginia,40782924,41513427.0,40916621.0,47497210.0,40804426.25,543639.9878396118,42043093.333333336,6,12,51,0,4,2020
2020-12-27,West Virginia,39476417,40782924.0,43413285.0,47049173.0,40626175.75,845559.9715901801,41560994.416666664,6,12,52,0,4,2020
2021-01-03,West Virginia,40991525,39476417.0,42156657.0,49346856.0,40691073.25,866095.3200344557,41262208.833333336,6,1,53,0,1,2021
2021-01-10,West Virginia,43127643,40991525.0,41861134.0,48300537.0,41094627.25,1512122.8392526796,41379207.0,6,1,1,0,1,2021
2021-01-17,West Virginia,41657173,43127643.0,40189419.0,45134452.0,41313189.5,1515230.1716517091,41401513.333333336,6,1,2,0,1,2021
2021-01-24,West Virginia,38830025,41657173.0,40731935.0,46802342.0,41151591.5,1786587.4810318323,41227630.333333336,6,1,3,0,1,2021
2021-01-31,West Virginia,39954309,38830025.0,41513427.0,51979692.0,40892287.5,1889849.5817444487,40939382.333333336,6,1,4,0,1,2021
2021-02-07,West Virginia,42616214,39954309.0,40782924.0,48877614.0,40764430.25,1695514.944922904,40977678.75,6,2,5,0,1,2021
2021-02-14,West Virginia,40975558,42616214.0,39476417.0,48445591.0,40594026.5,1607871.091687909,40903880.75,6,2,6,0,1,2021
2021-02-21,West Virginia,39287973,40975558.0,40991525.0,46086420.0,40708513.5,1448837.8909366182,40828760.25,6,2,7,0,1,2021
2021-02-28,West Virginia,41951629,39287973.0,43127643.0,46797382.0,41207843.5,1446442.028514682,40930401.416666664,6,2,8,0,1,2021
2021-03-07,West Virginia,45879562,41951629.0,41657173.0,48388940.0,42023680.5,2796168.2031700104,41294246.0,6,3,9,0,1,2021
2021-03-14,West Virginia,49643332,45879562.0,38830025.0,47556679.0,44190624.0,4532608.577075458,42032613.333333336,6,3,10,0,1,2021
2021-03-21,West Virginia,49317077,49643332.0,39954309.0,45580542.0,46697900.0,3593161.250284491,42852668.333333336,6,3,11,0,1,2021
2021-03-28,West Virginia,43325118,49317077.0,42616214.0,45367765.0,47041272.25,3006070.265171279,43047134.416666664,6,3,12,0,1,2021
2021-04-04,West Virginia,45228378,43325118.0,40975558.0,47293907.0,46878476.25,3105928.7405275293,43222195.666666664,6,4,13,0,2,2021
2021-04-11,West Virginia,48967242,45228378.0,39287973.0,47551030.0,46709453.75,2918025.62484435,43831368.083333336,6,4,14,0,2,2021
2021-04-18,West Virginia,44790017,48967242.0,41951629.0,43912690.0,45577688.75,2401776.4955795235,44328034.083333336,6,4,15,0,2,2021
2021-04-25,West Virginia,45503832,44790017.0,45879562.0,43194334.0,46122367.25,1919224.8579804972,44790494.333333336,6,4,16,1,2,2021
2021-05-02,West Virginia,47731133,45503832.0,49643332.0,45261604.0,46748056.0,1938490.5621145912,45216737.583333336,6,5,17,0,2,2021
2021-05-09,West Virginia,49087005,47731133.0,49317077.0,44576952.0,46777996.75,1984569.399658675,45892691.5,6,5,18,0,2,2021
2021-05-16,West Virginia,48565502,49087005.0,43325118.0,41723665.0,47721868.0,1580620.8582121604,46665818.916666664,6,5,19,0,2,2021
2021-05-23,West Virginia,50637719,48565502.0,45228378.0,41389497.0,49005339.75,1223164.10958884,47389659.75,6,5,20,0,2,2021
2021-05-30,West Virginia,51141617,50637719.0,48967242.0,40916621.0,49857960.75,1227547.512388933,47828164.333333336,6,5,21,0,2,2021
2021-06-06,West Virginia,52005187,51141617.0,44790017.0,43413285.0,50587506.25,1461492.381034625,48024985.583333336,6,6,22,0,2,2021
2021-06-13,West Virginia,52441621,52005187.0,45503832.0,42156657.0,51556536.0,816709.991995533,48285364.25,6,6,23,0,2,2021
2021-06-20,West Virginia,49020132,52441621.0,47731133.0,41861134.0,51152139.25,1520528.3379098622,48759948.75,6,6,24,0,2,2021
2021-06-27,West Virginia,48647523,49020132.0,49087005.0,40189419.0,50528615.75,1970946.0419614722,49044877.5,6,6,25,0,2,2021
2021-07-04,West Virginia,53976213,48647523.0,48565502.0,40731935.0,51021372.25,2606933.9059313065,49462291.75,6,7,26,0,3,2021
2021-07-11,West Virginia,51681309,53976213.0,50637719.0,41513427.0,50831294.25,2494140.1048237565,50036566.083333336,6,7,27,0,3,2021
2021-07-18,West Virginia,51619195,51681309.0,51141617.0,40782924.0,51481060.0,2184330.6651393254,50546179.666666664,6,7,28,0,3,2021
2021-07-25,West Virginia,50587313,51619195.0,52005187.0,39476417.0,51966007.5,1430973.6571788017,50784194.666666664,6,7,29,0,3,2021
2021-08-01,West Virginia,50588393,50587313.0,52441621.0,40991525.0,51119052.5,613900.4514574613,50909310.333333336,6,8,30,0,3,2021
2021-08-08,West Virginia,51784540,50588393.0,49020132.0,43127643.0,51144860.25,646709.2015021833,51177563.5,6,8,31,0,3,2021
2021-08-15,West Virginia,51606383,51784540.0,48647523.0,41657173.0,51141657.25,643601.1007854618,51258285.5,6,8,32,1,3,2021
2021-08-22,West Virginia,48217705,51606383.0,53976213.0,38830025.0,50549255.25,1641250.1155270606,51014626.166666664,6,8,33,0,3,2021
2021-08-29,West Virginia,49288112,48217705.0,51681309.0,39954309.0,50224185.0,1755692.9960330024,50788203.25,6,8,34,0,3,2021
2021-09-05,West Virginia,49298765,49288112.0,51619195.0,42616214.0,49602741.25,1428787.224849192,50526298.583333336,6,9,35,0,3,2021
2021-09-12,West Virginia,49584877,49298765.0,50587313.0,40975558.0,49097364.75,602333.2532058874,50573360.666666664,6,9,36,0,3,2021
2021-09-19,West Virginia,48024040,49584877.0,50588393.0,39287973.0,49048948.5,696961.0830572519,50521403.75,6,9,37,0,3,2021
2021-09-26,West Virginia,45557693,48024040.0,51784540.0,41951629.0,48116343.75,1835749.03527568,49819860.416666664,6,9,38,0,3,2021
2021-10-03,West Virginia,67883113,45557693.0,51606383.0,45879562.0,52762430.75,10215877.715359962,51170010.75,6,10,39,0,4,2021
2021-10-10,West Virginia,70399280,67883113.0,48217705.0,49643332.0,57966031.5,12983890.442352645,52735017.833333336,6,10,40,0,4,2021
2021-10-17,West Virginia,66043678,70399280.0,49288112.0,49317077.0,62470941.0,11415962.10921617,54023048.25,6,10,41,0,4,2021
2021-10-24,West Virginia,63842049,66043678.0,49298765.0,43325118.0,67042030.0,2781793.983005336,55127519.583333336,6,10,42,0,4,2021
2021-10-31,West Virginia,63324231,63842049.0,49584877.0,45228378.0,65902309.5,3221484.6893259776,56089160.5,6,10,43,0,4,2021
2021-11-07,West Virginia,67251490,63324231.0,48024040.0,48967242.0,65115362.0,1848809.4983321996,57392919.416666664,6,11,44,0,4,2021
2021-11-14,West Virginia,66612660,67251490.0,45557693.0,44790017.0,65257607.5,1962437.7068021868,58925832.333333336,6,11,45,0,4,2021
2021-11-21,West Virginia,65121440,66612660.0,67883113.0,45503832.0,65577455.25,1747284.6216964598,60245276.333333336,6,11,46,0,4,2021
2021-11-28,West Virginia,60973907,65121440.0,70399280.0,47731133.0,64989874.25,2822152.95419985,61218204.833333336,6,11,47,0,4,2021
2021-12-05,West Virginia,64272871,60973907.0,66043678.0,49087005.0,64245219.5,2385706.531531004,62442204.333333336,6,12,48,0,4,2021
2021-12-12,West Virginia,65040774,64272871.0,63842049.0,48565502.0,63852248.0,1956630.8633251933,63860265.5,6,12,49,0,4,2021
2021-12-19,West Virginia,65395194,65040774.0,63324231.0,50637719.0,63920686.5,2019596.6362018164,65513390.583333336,6,12,50,0,4,2021
2021-12-26,West Virginia,62894154,65395194.0,67251490.0,51141617.0,64400748.25,1108262.0231029636,65097644.0,6,12,51,0,4,2021
2022-01-02,West Virginia,62574613,62894154.0,66612660.0,52005187.0,63976183.75,1447081.1353826274,64445588.416666664,6,1,52,0,1,2022
2022-01-09,West Virginia,65536847,62574613.0,65121440.0,52441621.0,64100202.0,1583553.6735787296,64403352.5,6,1,1,0,1,2022
2022-01-16,West Virginia,65977530,65536847.0,60973907.0,49020132.0,64245786.0,1759308.959659073,64581309.25,6,1,2,0,1,2022
2022-01-23,West Virginia,59321562,65977530.0,64272871.0,48647523.0,63352638.0,3083057.118388936,64247753.5,6,1,3,0,1,2022
2022-01-30,West Virginia,60682206,59321562.0,65040774.0,53976213.0,62879536.25,3373737.131052784,63700313.166666664,6,1,4,0,1,2022
2022-02-06,West Virginia,65299885,60682206.0,65395194.0,51681309.0,62820295.75,3313057.8317989367,63590915.25,6,2,5,0,1,2022
2022-02-13,West Virginia,65081501,65299885.0,62894154.0,51619195.0,62596288.5,3048128.424217997,63587587.0,6,2,6,0,1,2022
2022-02-20,West Virginia,61789071,65081501.0,62574613.0,50587313.0,63213165.75,2329440.3439317653,63655517.333333336,6,2,7,0,1,2022
2022-02-27,West Virginia,66154613,61789071.0,65536847.0,50588393.0,64581267.5,1918195.5081804593,63812329.166666664,6,2,8,0,1,2022
2022-03-06,West Virginia,69455420,66154613.0,65977530.0,51784540.0,65620151.25,3160287.735882331,64180216.333333336,6,3,9,0,1,2022
2022-03-13,West Virginia,69900352,69455420.0,59321562.0,51606383.0,66824864.0,3749973.2820883784,64555646.166666664,6,3,10,0,1,2022
2022-03-20,West Virginia,67501870,69900352.0,60682206.0,48217705.0,68253063.75,1744229.2214343832,64939622.5,6,3,11,0,1,2022
2022-03-27,West Virginia,67529122,67501870.0,65299885.0,49288112.0,68596691.0,1261650.253988011,65352498.25,6,3,12,0,1,2022
2022-04-03,West Virginia,69274026,67529122.0,65081501.0,49298765.0,68551342.5,1223168.7470308472,65663929.833333336,6,4,13,0,2,2022
2022-04-10,West Virginia,74097573,69274026.0,61789071.0,49584877.0,69600647.75,3110471.853190379,66340600.083333336,6,4,14,0,2,2022
2022-04-17,West Virginia,72078836,74097573.0,66154613.0,48024040.0,70744889.25,2916876.1809924208,67403706.25,6,4,15,0,2,2022
2022-04-24,West Virginia,68168618,72078836.0,69455420.0,45557693.0,70904763.25,2690618.00395515,68027573.91666667,6,4,16,0,2,2022
2022-05-01,West Virginia,72863254,68168618.0,69900352.0,67883113.0,71802070.25,2560860.4257114315,68657854.66666667,6,5,17,0,2,2022
2022-05-08,West Virginia,74749669,72863254.0,67501870.0,70399280.0,71965094.25,2768074.9374107635,69463535.33333333,6,5,18,0,2,2022
2022-05-15,West Virginia,73227904,74749669.0,67529122.0,66043678.0,72252361.25,2842439.0078012706,70416771.41666667,6,5,19,0,2,2022
2022-05-22,West Virginia,75824754,73227904.0,69274026.0,63842049.0,74166395.25,1374688.444086976,71222616.5,6,5,20,0,2,2022
2022-05-29,West Virginia,72996966,75824754.0,74097573.0,63324231.0,74199823.25,1333444.5224663846,71517745.33333333,6,5,21,0,2,2022
2022-06-05,West Virginia,75400185,72996966.0,72078836.0,67251490.0,74362452.25,1456819.3778448554,71976064.75,6,6,22,0,2,2022
2022-06-12,West Virginia,74937530,75400185.0,68168618.0,66612660.0,74789858.75,1248969.9116993458,72595703.08333333,6,6,23,0,2,2022
2022-06-19,West Virginia,73102634,74937530.0,72863254.0,65121440.0,74109328.75,1238683.760547303,73060162.41666667,6,6,24,0,2,2022
2022-06-26,West Virginia,72747321,73102634.0,74749669.0,60973907.0,74046917.5,1317212.4534912193,73349603.66666667,6,6,25,0,2,2022
2022-07-03,West Virginia,78622911,72747321.0,73227904.0,64272871.0,74852599.0,2690541.3836013307,73726715.16666667,6,7,26,0,3,2022
2022-07-10,West Virginia,76261142,78622911.0,75824754.0,65040774.0,75183502.0,2784231.2964901747,74075240.66666667,6,7,27,1,3,2022
2022-07-17,West Virginia,75992653,76261142.0,72996966.0,65395194.0,75906006.75,2414711.369180785,74727243.58333333,6,7,28,0,3,2022
2022-07-24,West Virginia,73511310,75992653.0,75400185.0,62894154.0,76097004.0,2089964.1183945455,74781248.25,6,7,29,0,3,2022
2022-07-31,West Virginia,74698082,73511310.0,74937530.0,62574613.0,75115796.75,1268799.4283514398,74776949.33333333,6,7,30,0,3,2022
2022-08-07,West Virginia,78282945,74698082.0,73102634.0,65536847.0,75621247.5,2043415.9652595676,75198202.75,6,8,31,0,3,2022
2022-08-14,West Virginia,77673203,78282945.0,72747321.0,65977530.0,76041385.0,2301677.915069646,75352240.16666667,6,8,32,0,3,2022
2022-08-21,West Virginia,73275469,77673203.0,78622911.0,59321562.0,75982424.75,2389439.979246798,75375448.75,6,8,33,0,3,2022
2022-08-28,West Virginia,76344248,73275469.0,76261142.0,60682206.0,76393966.25,2231007.5738062696,75454120.66666667,6,8,34,0,3,2022
2022-09-04,West Virginia,77349828,76344248.0,75992653.0,65299885.0,76160687.0,2004988.6546962527,75655145.5,6,9,35,0,3,2022
2022-09-11,West Virginia,76050201,77349828.0,73511310.0,65081501.0,75754936.5,1744124.1497593252,75900776.08333333,6,9,36,0,3,2022
2022-09-18,West Virginia,74104004,76050201.0,74698082.0,61789071.0,75962070.25,1357952.9476096013,76013833.0,6,9,37,0,3,2022
2022-09-25,West Virginia,70874506,74104004.0,78282945.0,66154613.0,74594634.75,2816016.063070121,75368132.58333333,6,9,38,0,3,2022
2022-10-02,West Virginia,71932125,70874506.0,77673203.0,69455420.0,73240209.0,2305777.618458618,75007381.16666667,6,10,39,1,4,2022
2022-10-09,West Virginia,74190182,71932125.0,73275469.0,69900352.0,72775204.25,1642285.7311207892,74857175.25,6,10,40,1,4,2022
2022-10-16,West Virginia,70746845,74190182.0,76344248.0,67501870.0,71935914.5,1593968.9040849246,74626803.16666667,6,10,41,0,4,2022
2022-10-23,West Virginia,67673967,70746845.0,77349828.0,67529122.0,71135779.75,2714096.327068663,74041460.25,6,10,42,0,4,2022
2022-10-30,West Virginia,67504383,67673967.0,76050201.0,69274026.0,70028844.25,3149106.1383560263,73143246.75,6,10,43,0,4,2022
2022-11-06,West Virginia,70416470,67504383.0,74104004.0,74097573.0,69085416.25,1734349.5129920058,72538519.0,6,11,44,0,4,2022
2022-11-13,West Virginia,70382175,70416470.0,70874506.0,72078836.0,68994248.75,1623976.2325638498,72297411.16666667,6,11,45,0,4,2022
2022-11-20,West Virginia,67479595,70382175.0,71932125.0,68168618.0,68945655.75,1678638.672278505,71558690.08333333,6,11,46,0,4,2022
2022-11-27,West Virginia,66490665,67479595.0,74190182.0,72863254.0,68692226.25,2012153.885186951,70653759.83333333,6,11,47,0,4,2022
2022-12-04,West Virginia,67049392,66490665.0,70746845.0,74749669.0,67850456.75,1735691.4157434795,69903692.41666667,6,12,48,0,4,2022
2022-12-11,West Virginia,70499335,67049392.0,67673967.0,73227904.0,67879746.75,1792707.5557748596,69603303.33333333,6,12,49,0,4,2022
2022-12-18,West Virginia,69850626,70499335.0,67504383.0,75824754.0,68472504.5,1996680.3897059618,69517980.0,6,12,50,0,4,2022
2022-12-25,West Virginia,70641050,69850626.0,70416470.0,72996966.0,69510100.75,1676173.7783478566,69410390.41666667,6,12,51,1,4,2022
2023-01-01,West Virginia,65687268,70641050.0,70382175.0,75400185.0,69169569.75,2346898.1542996126,68701814.25,6,1,52,0,1,2023
2023-01-08,West Virginia,69959953,65687268.0,67479595.0,74937530.0,69034724.25,2258870.637158961,68636239.91666667,6,1,1,0,1,2023
2023-01-15,West Virginia,69952896,69959953.0,66490665.0,73102634.0,69060291.75,2271726.1113432953,68826150.66666667,6,1,2,0,1,2023
2023-01-22,West Virginia,63364499,69952896.0,67049392.0,72747321.0,67241154.0,3275587.904839171,68481160.33333333,6,1,3,0,1,2023
2023-01-29,West Virginia,65045343,63364499.0,70499335.0,78622911.0,67080672.75,3390793.2054955694,68033566.41666667,6,1,4,0,1,2023
2023-02-05,West Virginia,69293480,65045343.0,69850626.0,76261142.0,66914054.5,3213909.8872445594,67942841.83333333,6,2,5,0,1,2023
2023-02-12,West Virginia,71515363,69293480.0,70641050.0,75992653.0,67304671.25,3755653.8160713,68279155.83333333,6,2,6,0,1,2023
2023-02-19,West Virginia,69092458,71515363.0,65687268.0,73511310.0,68736661.0,2694664.622663211,68495971.91666667,6,2,7,0,1,2023
2023-02-26,West Virginia,69679104,69092458.0,69959953.0,74698082.0,69895101.25,1107261.9782964292,68715114.58333333,6,2,8,0,1,2023
2023-03-05,West Virginia,75067825,69679104.0,69952896.0,78282945.0,71338687.5,2691805.161742395,69095822.08333333,6,3,9,0,1,2023
2023-03-12,West Virginia,78255741,75067825.0,63364499.0,77673203.0,73023782.0,4404304.185687374,69796248.33333333,6,3,10,0,1,2023
2023-03-19,West Virginia,75107018,78255741.0,65045343.0,73275469.0,74527422.0,3560642.12001665,70168412.33333333,6,3,11,0,1,2023
2023-03-26,West Virginia,69340958,75107018.0,69293480.0,76344248.0,74442885.5,3714797.1068576095,70472886.5,6,3,12,0,1,2023
2023-04-02,West Virginia,71158238,69340958.0,71515363.0,77349828.0,73465488.75,3999012.1625349233,70572743.58333333,6,4,13,0,2,2023
2023-04-09,West Virginia,78461254,71158238.0,69092458.0,76050201.0,73516867.0,4081539.3233636734,71281773.41666667,6,4,14,0,2,2023
2023-04-16,West Virginia,76094026,78461254.0,69679104.0,74104004.0,73763619.0,4236606.812649166,72342567.33333333,6,4,15,0,2,2023
2023-04-23,West Virginia,74040229,76094026.0,75067825.0,70874506.0,74938436.75,3100661.6306456667,73092141.16666667,6,4,16,0,2,2023
2023-04-30,West Virginia,75759703,74040229.0,78255741.0,71932125.0,76088803.0,1819662.3560985138,73630993.08333333,6,4,17,0,2,2023
2023-05-07,West Virginia,79297110,75759703.0,75107018.0,74190182.0,76297767.0,2192681.7306873323,74279472.0,6,5,18,0,2,2023
2020-05-03,Wisconsin,96537163,93598196.0,99213111.0,86707757.0,94047751.5,2138012.403939765,91455966.83333333,6,5,18,0,2,2020
2020-05-10,Wisconsin,99683246,96537163.0,99225509.0,87339997.0,96116017.0,2671107.0330928243,92759049.25,6,5,19,0,2,2020
2020-05-17,Wisconsin,100460331,99683246.0,85948011.0,86378292.0,97569734.0,3144402.484099739,94004699.5,6,5,20,0,2,2020
2020-05-24,Wisconsin,104290445,100460331.0,89055839.0,84847392.0,100242796.25,3187245.207417349,95442159.41666667,6,5,21,0,2,2020
2020-05-31,Wisconsin,102166025,104290445.0,91410184.0,84430400.0,101650011.75,2043009.6446317132,96352793.58333333,6,5,22,0,2,2020
2020-06-07,Wisconsin,108556200,102166025.0,94645463.0,84657735.0,103868250.25,3496026.5865555923,97131384.33333333,6,6,23,0,2,2020
2020-06-14,Wisconsin,103936089,108556200.0,93598196.0,86704220.0,104737189.75,2710293.387842642,97523932.66666667,6,6,24,0,2,2020
2020-06-21,Wisconsin,104650456,103936089.0,96537163.0,88143657.0,104827192.5,2696455.119612717,99082469.75,6,6,25,0,2,2020
2020-06-28,Wisconsin,105545957,104650456.0,99683246.0,84291416.0,105672175.5,2032357.866986431,100456646.25,6,6,26,0,2,2020
2020-07-05,Wisconsin,117400252,105545957.0,100460331.0,85157244.0,107883188.5,6378800.8963827705,102622485.25,6,7,27,0,3,2020
2020-07-12,Wisconsin,106306977,117400252.0,104290445.0,87736175.0,108475910.5,5987956.618073117,103594278.08333333,6,7,28,0,3,2020
2020-07-19,Wisconsin,106809376,106306977.0,102166025.0,94516988.0,109015640.5,5613818.504259435,104695209.75,6,7,29,0,3,2020
2020-07-26,Wisconsin,103471927,106809376.0,108556200.0,86541497.0,108497133.0,6114559.953258613,105273106.75,6,7,30,0,3,2020
2020-08-02,Wisconsin,103478200,103471927.0,103936089.0,83982215.0,105016620.0,1791815.4502844298,105589352.91666667,6,8,31,0,3,2020
2020-08-09,Wisconsin,102730958,103478200.0,104650456.0,83210541.0,104122615.25,1825199.4815488644,105778571.83333333,6,8,32,0,3,2020
2020-08-16,Wisconsin,103504572,102730958.0,105545957.0,82278527.0,103296414.25,377236.09047240746,105713082.41666667,6,8,33,0,3,2020
2020-08-23,Wisconsin,101400234,103504572.0,117400252.0,83227979.0,102778491.0,986346.4650550821,105649266.5,6,8,34,0,3,2020
2020-08-30,Wisconsin,101921350,101400234.0,106306977.0,83991230.0,102389278.5,923361.7160418003,105096362.33333333,6,8,35,1,3,2020
2020-09-06,Wisconsin,98563733,101921350.0,106809376.0,84231046.0,101347472.25,2060291.4856599548,104648666.0,6,9,36,0,3,2020
2020-09-13,Wisconsin,91732869,98563733.0,103471927.0,84046257.0,98404546.5,4686102.5547554605,103572200.41666667,6,9,37,0,3,2020
2020-09-20,Wisconsin,93763066,91732869.0,103478200.0,85512528.0,96495254.5,4613974.618129325,102590292.83333333,6,9,38,0,3,2020
2020-09-27,Wisconsin,93904749,93763066.0,102730958.0,87040926.0,94491104.25,2890675.7458153106,100632334.25,6,9,39,0,3,2020
2020-10-04,Wisconsin,90455369,93904749.0,103504572.0,91238415.0,92464013.25,1666581.4497524246,99311366.91666667,6,10,40,0,4,2020
2020-10-11,Wisconsin,93108850,90455369.0,101400234.0,99213111.0,92808008.5,1606278.5953593615,98169656.41666667,6,10,41,0,4,2020
2020-10-18,Wisconsin,91154751,93108850.0,101921350.0,99225509.0,92155929.75,1618712.6084147529,97143225.08333333,6,10,42,0,4,2020
2020-10-25,Wisconsin,87616975,91154751.0,98563733.0,85948011.0,90583986.25,2274526.1418978884,95821456.33333333,6,10,43,1,4,2020
2020-11-01,Wisconsin,88525014,87616975.0,91732869.0,89055839.0,90101397.5,2504107.5744528854,94637627.66666667,6,11,44,0,4,2020
2020-11-08,Wisconsin,92131295,88525014.0,93763066.0,91410184.0,89857008.75,2132953.6726912037,93689854.58333333,6,11,45,0,4,2020
2020-11-15,Wisconsin,91348926,92131295.0,93904749.0,94645463.0,89905552.5,2174145.829231711,92852245.58333333,6,11,46,0,4,2020
2020-11-22,Wisconsin,94058186,91348926.0,90455369.0,93598196.0,91515855.25,2296026.167496258,92196981.91666667,6,11,47,0,4,2020
2020-11-29,Wisconsin,90350458,94058186.0,93108850.0,96537163.0,91972216.25,1570049.5113004842,91512542.33333333,6,11,48,0,4,2020
2020-12-06,Wisconsin,88707905,90350458.0,91154751.0,99683246.0,91116368.75,2243188.840241697,91260462.0,6,12,49,0,4,2020
2020-12-13,Wisconsin,91542956,88707905.0,87616975.0,100460331.0,91164876.25,2251974.719815527,91075452.83333333,6,12,50,0,4,2020
2020-12-20,Wisconsin,96028971,91542956.0,88525014.0,104290445.0,91657572.5,3137480.330060037,91252471.33333333,6,12,51,0,4,2020
2020-12-27,Wisconsin,93388621,96028971.0,92131295.0,102166025.0,92417113.25,3082840.7059150646,91496909.0,6,12,52,0,4,2020
2021-01-03,Wisconsin,88536901,93388621.0,91348926.0,108556200.0,92374362.25,3151837.0899798884,91115913.25,6,1,53,0,1,2021
2021-01-10,Wisconsin,88958125,88536901.0,94058186.0,103936089.0,91728154.5,3610694.018995376,90932861.08333333,6,1,1,0,1,2021
2021-01-17,Wisconsin,88841230,88958125.0,90350458.0,104650456.0,89931219.25,2311762.6195672057,91034882.33333333,6,1,2,0,1,2021
2021-01-24,Wisconsin,87496019,88841230.0,88707905.0,105545957.0,88458068.75,665488.0519289803,90949132.75,6,1,3,0,1,2021
2021-01-31,Wisconsin,91152284,87496019.0,91542956.0,117400252.0,89111914.5,1513400.9462466699,90867548.5,6,1,4,0,1,2021
2021-02-07,Wisconsin,89954240,91152284.0,96028971.0,106306977.0,89360943.25,1560870.1672074557,90751324.66666667,6,2,5,0,1,2021
2021-02-14,Wisconsin,87410704,89954240.0,93388621.0,106809376.0,89003311.75,1855682.9064148408,90197367.83333333,6,2,6,0,1,2021
2021-02-21,Wisconsin,89602440,87410704.0,88536901.0,103471927.0,89529917.0,1560816.8818406102,90135033.0,6,2,7,0,1,2021
2021-02-28,Wisconsin,92603139,89602440.0,88958125.0,103478200.0,89892630.75,2128757.2068192502,90459635.83333333,6,2,8,0,1,2021
2021-03-07,Wisconsin,95380231,92603139.0,88841230.0,102730958.0,91249128.5,3480633.9440705795,90779408.75,6,3,9,0,1,2021
2021-03-14,Wisconsin,104992937,95380231.0,87496019.0,103504572.0,95644686.75,6663819.677526015,91526405.91666667,6,3,10,0,1,2021
2021-03-21,Wisconsin,104751735,104992937.0,91152284.0,101400234.0,99432010.5,6384193.380906602,92473332.08333333,6,3,11,0,1,2021
2021-03-28,Wisconsin,91098857,104751735.0,89954240.0,101921350.0,99055940.0,6940605.655166893,92686828.41666667,6,3,12,0,1,2021
2021-04-04,Wisconsin,97437647,91098857.0,87410704.0,98563733.0,99570294.0,6647451.040649792,93393455.25,6,4,13,0,2,2021
2021-04-11,Wisconsin,97690434,97437647.0,89602440.0,91732869.0,97744668.25,5578619.751975893,94130888.91666667,6,4,14,0,2,2021
2021-04-18,Wisconsin,96311141,97690434.0,92603139.0,93763066.0,95634519.75,3082645.1942411787,94865482.41666667,6,4,15,0,2,2021
2021-04-25,Wisconsin,98740462,96311141.0,95380231.0,93904749.0,97544921.0,997365.3819481905,95497830.58333333,6,4,16,1,2,2021
2021-05-02,Wisconsin,104492144,98740462.0,104992937.0,90455369.0,99308545.25,3596068.725484666,96709322.58333333,6,5,17,0,2,2021
2021-05-09,Wisconsin,106201021,104492144.0,104751735.0,93108850.0,101436192.0,4675309.116733921,98275182.33333333,6,5,18,0,2,2021
2021-05-16,Wisconsin,105651321,106201021.0,91098857.0,91154751.0,103771237.0,3428652.317212793,99612589.08333333,6,5,19,0,2,2021
2021-05-23,Wisconsin,110768074,105651321.0,97437647.0,87616975.0,106778140.0,2753672.6043167617,101126333.66666667,6,5,20,0,2,2021
2021-05-30,Wisconsin,111868990,110768074.0,97690434.0,88525014.0,108622351.5,3153550.9201982105,102500396.91666667,6,5,21,0,2,2021
2021-06-06,Wisconsin,116249339,111868990.0,96311141.0,92131295.0,111134431.0,4355095.616879684,103438430.41666667,6,6,22,0,2,2021
2021-06-13,Wisconsin,117237118,116249339.0,98740462.0,91348926.0,114030880.25,3189628.704257007,104478879.0,6,6,23,0,2,2021
2021-06-20,Wisconsin,116460896,117237118.0,104492144.0,94058186.0,115454085.75,2427495.9768142924,106592382.25,6,6,24,0,2,2021
2021-06-27,Wisconsin,108722468,116460896.0,106201021.0,90350458.0,114667455.25,3986009.9503837475,107532784.0,6,6,25,0,2,2021
2021-07-04,Wisconsin,124132664,108722468.0,105651321.0,88707905.0,116638286.5,6303859.748660101,109736303.16666667,6,7,26,0,3,2021
2021-07-11,Wisconsin,110894630,124132664.0,110768074.0,91542956.0,115052664.5,6874836.858898179,110951593.91666667,6,7,27,0,3,2021
2021-07-18,Wisconsin,110798379,110894630.0,111868990.0,96028971.0,113637035.25,7068473.431925045,111956420.33333333,6,7,28,0,3,2021
2021-07-25,Wisconsin,111772603,110798379.0,116249339.0,93388621.0,114399569.0,6503518.418364067,112563125.25,6,7,29,0,3,2021
2021-08-01,Wisconsin,110769411,111772603.0,117237118.0,88536901.0,111058755.75,478898.5955428308,112943824.41666667,6,8,30,0,3,2021
2021-08-08,Wisconsin,108184148,110769411.0,116460896.0,88958125.0,110381135.25,1537073.6136031002,113154893.33333333,6,8,31,0,3,2021
2021-08-15,Wisconsin,111276411,108184148.0,108722468.0,88841230.0,110500643.25,1597715.4058501448,113197254.75,6,8,32,1,3,2021
2021-08-22,Wisconsin,111059083,111276411.0,124132664.0,87496019.0,110322263.25,1440460.4825578844,113129762.5,6,8,33,0,3,2021
2021-08-29,Wisconsin,110814558,111059083.0,110894630.0,91152284.0,110333550.0,1445300.736072823,112676864.08333333,6,8,34,0,3,2021
2021-09-05,Wisconsin,111532492,110814558.0,110798379.0,89954240.0,111170636.0,306248.1179555468,112201478.58333333,6,9,35,0,3,2021
2021-09-12,Wisconsin,101391587,111532492.0,111772603.0,87410704.0,108699430.0,4881001.88982023,110945702.83333333,6,9,36,0,3,2021
2021-09-19,Wisconsin,102505710,101391587.0,110769411.0,89602440.0,106561086.75,5353400.666367586,110427639.66666667,6,9,37,0,3,2021
2021-09-26,Wisconsin,102265249,102505710.0,108184148.0,92603139.0,104423759.5,4763270.210313253,108605355.08333333,6,9,38,0,3,2021
2021-10-03,Wisconsin,145142676,102265249.0,111276411.0,95380231.0,112826305.5,21549564.538046744,111459358.91666667,6,10,39,0,4,2021
2021-10-10,Wisconsin,144063095,145142676.0,111059083.0,104992937.0,123494182.5,24378412.770884525,114231418.58333333,6,10,40,0,4,2021
2021-10-17,Wisconsin,141440058,144063095.0,110814558.0,104751735.0,133227769.5,20700150.029366493,116703706.5,6,10,41,0,4,2021
2021-10-24,Wisconsin,139449132,141440058.0,111532492.0,91098857.0,142523740.25,2572678.2814095416,119093683.25,6,10,42,0,4,2021
2021-10-31,Wisconsin,138373769,139449132.0,101391587.0,97437647.0,140831513.5,2500995.2711167643,121609485.0,6,10,43,0,4,2021
2021-11-07,Wisconsin,140427908,138373769.0,102505710.0,97690434.0,139922716.75,1314161.876849142,124038776.41666667,6,11,44,0,4,2021
2021-11-14,Wisconsin,144043738,140427908.0,102265249.0,96311141.0,140573636.75,2460810.7474360936,126787497.66666667,6,11,45,0,4,2021
2021-11-21,Wisconsin,144661079,144043738.0,145142676.0,98740462.0,141876623.5,2989890.9643274755,129608041.08333333,6,11,46,0,4,2021
2021-11-28,Wisconsin,137384512,144661079.0,144063095.0,104492144.0,141629309.25,3390317.716820013,131762376.08333333,6,11,47,0,4,2021
2021-12-05,Wisconsin,136574079,137384512.0,141440058.0,106201021.0,140665852.0,4277138.883632931,134694250.41666666,6,12,48,0,4,2021
2021-12-12,Wisconsin,141935220,136574079.0,139449132.0,105651321.0,140138722.5,3828466.6356563377,137980042.91666666,6,12,49,0,4,2021
2021-12-19,Wisconsin,148776921,141935220.0,138373769.0,110768074.0,141167683.0,5594735.516866733,141856015.58333334,6,12,50,0,4,2021
2021-12-26,Wisconsin,145243901,148776921.0,140427908.0,111868990.0,143132530.25,5188572.957825141,141864451.0,6,12,51,0,4,2021
2022-01-02,Wisconsin,137051597,145243901.0,144043738.0,116249339.0,143251909.75,4989032.255801085,141280159.5,6,1,52,0,1,2022
2022-01-09,Wisconsin,133988048,137051597.0,144661079.0,117237118.0,141265116.75,6903318.174960817,140659158.66666666,6,1,1,0,1,2022
2022-01-16,Wisconsin,138091774,133988048.0,137384512.0,116460896.0,138593830.0,4763304.699820294,140546045.5,6,1,2,0,1,2022
2022-01-23,Wisconsin,138088477,138091774.0,136574079.0,108722468.0,136804974.0,1940715.4337695725,140522271.16666666,6,1,3,0,1,2022
2022-01-30,Wisconsin,139017541,138088477.0,141935220.0,124132664.0,137296460.0,2248519.887777309,140404740.58333334,6,1,4,0,1,2022
2022-02-06,Wisconsin,138271158,139017541.0,148776921.0,110894630.0,138367237.5,441857.2426418764,139923692.25,6,2,5,0,1,2022
2022-02-13,Wisconsin,139412016,138271158.0,145243901.0,110798379.0,138697298.0,623333.968327909,139486270.33333334,6,2,6,0,1,2022
2022-02-20,Wisconsin,140249085,139412016.0,137051597.0,111772603.0,139237450.0,823803.953038634,139724984.75,6,2,7,0,1,2022
2022-02-27,Wisconsin,141695532,140249085.0,133988048.0,110769411.0,139906947.75,1441857.2583707203,140151772.5,6,2,8,0,1,2022
2022-03-06,Wisconsin,144612058,141695532.0,138091774.0,108184148.0,141492172.75,2283809.5525166565,140374842.33333334,6,3,9,0,1,2022
2022-03-13,Wisconsin,143274356,144612058.0,138088477.0,111276411.0,142457757.75,1894471.40205467,139916295.25,6,3,10,0,1,2022
2022-03-20,Wisconsin,144371738,143274356.0,139017541.0,111059083.0,143488421.0,1329546.767486852,139843615.0,6,3,11,0,1,2022
2022-03-27,Wisconsin,143698515,144371738.0,138271158.0,110814558.0,143989166.75,613673.9413149233,140397524.83333334,6,3,12,0,1,2022
2022-04-03,Wisconsin,148790635,143698515.0,139412016.0,111532492.0,145033811.0,2544979.6678261952,141631073.75,6,4,13,0,2,2022
2022-04-10,Wisconsin,147485688,148790635.0,140249085.0,101391587.0,146086644.0,2443559.8452185965,142413899.91666666,6,4,14,0,2,2022
2022-04-17,Wisconsin,154578677,147485688.0,141695532.0,102505710.0,148638378.75,4510775.06637595,143788083.25,6,4,15,0,2,2022
2022-04-24,Wisconsin,146967859,154578677.0,144612058.0,102265249.0,149455714.75,3500357.358771095,144450609.75,6,4,16,0,2,2022
2022-05-01,Wisconsin,152496195,146967859.0,143274356.0,145142676.0,150382104.75,3747305.7105823318,145636029.5,6,5,17,0,2,2022
2022-05-08,Wisconsin,156608949,152496195.0,144371738.0,144063095.0,152662920.0,4151416.897527723,147069107.25,6,5,18,0,2,2022
2022-05-15,Wisconsin,164745922,156608949.0,143698515.0,141440058.0,155204731.25,7487509.187477608,149110510.33333334,6,5,19,0,2,2022
2022-05-22,Wisconsin,165614107,164745922.0,148790635.0,139449132.0,159866293.25,6371205.522248167,151103724.91666666,6,5,20,0,2,2022
2022-05-29,Wisconsin,165984431,165614107.0,147485688.0,138373769.0,163238352.25,4449978.020004695,152884756.0,6,5,21,0,2,2022
2022-06-05,Wisconsin,170291439,165984431.0,154578677.0,140427908.0,166658974.75,2476645.93334511,155136179.58333334,6,6,22,0,2,2022
2022-06-12,Wisconsin,169388310,170291439.0,146967859.0,144043738.0,167819571.75,2366635.004560879,157220893.91666666,6,6,23,0,2,2022
2022-06-19,Wisconsin,173919687,169388310.0,152496195.0,144661079.0,169895966.75,3261111.786396815,159739324.91666666,6,6,24,0,2,2022
2022-06-26,Wisconsin,170159445,173919687.0,156608949.0,137384512.0,170939720.25,2026176.5010132326,161520059.08333334,6,6,25,0,2,2022
2022-07-03,Wisconsin,181212901,170159445.0,164745922.0,136574079.0,173670085.75,5404151.6364267785,164330660.16666666,6,7,26,0,3,2022
2022-07-10,Wisconsin,167227740,181212901.0,165614107.0,141935220.0,173129943.25,6044770.859635974,165384748.75,6,7,27,1,3,2022
2022-07-17,Wisconsin,169197846,167227740.0,165984431.0,148776921.0,171949483.0,6295011.57589579,167237247.66666666,6,7,28,0,3,2022
2022-07-24,Wisconsin,171737769,169197846.0,170291439.0,145243901.0,172344064.0,6194064.964035976,168840712.16666666,6,7,29,0,3,2022
2022-07-31,Wisconsin,168619060,171737769.0,169388310.0,137051597.0,169195603.75,1885691.7051151933,169841554.75,6,7,30,0,3,2022
2022-08-07,Wisconsin,167300996,168619060.0,173919687.0,133988048.0,169213917.75,1860395.0116066511,170054477.58333334,6,8,31,0,3,2022
2022-08-14,Wisconsin,163347700,167300996.0,170159445.0,138091774.0,167751381.25,3475601.1053998866,169865610.33333334,6,8,32,0,3,2022
2022-08-21,Wisconsin,163579799,163347700.0,181212901.0,138088477.0,165711888.75,2652803.6537790727,169665224.33333334,6,8,33,0,3,2022
2022-08-28,Wisconsin,164951299,163579799.0,167227740.0,139017541.0,164794948.5,1814371.8912440029,169220212.66666666,6,8,34,0,3,2022
2022-09-04,Wisconsin,168076195,164951299.0,169197846.0,138271158.0,164988748.25,2176534.495347651,169110869.75,6,9,35,0,3,2022
2022-09-11,Wisconsin,156684671,168076195.0,171737769.0,139412016.0,163322991.0,4808935.3631111905,167674618.41666666,6,9,36,0,3,2022
2022-09-18,Wisconsin,156284474,156684671.0,168619060.0,140249085.0,161499159.75,5931467.144989309,166518370.83333334,6,9,37,0,3,2022
2022-09-25,Wisconsin,153506964,156284474.0,167300996.0,141695532.0,158638076.0,6448814.725284382,164209542.75,6,9,38,0,3,2022
2022-10-02,Wisconsin,151968250,153506964.0,163347700.0,144612058.0,154611089.75,2258587.2918333197,162937918.58333334,6,10,39,1,4,2022
2022-10-09,Wisconsin,152510846,151968250.0,163579799.0,143274356.0,153567633.5,1920046.049005002,161547335.25,6,10,40,1,4,2022
2022-10-16,Wisconsin,149052272,152510846.0,164951299.0,144371738.0,151759583.0,1914054.2679471548,159656877.16666666,6,10,41,0,4,2022
2022-10-23,Wisconsin,149625338,149052272.0,168076195.0,143698515.0,150789176.5,1705453.7501630005,158074067.0,6,10,42,0,4,2022
2022-10-30,Wisconsin,146529936,149625338.0,156684671.0,148790635.0,149429598.0,2455118.327740649,156343145.33333334,6,10,43,0,4,2022
2022-11-06,Wisconsin,145964568,146529936.0,156284474.0,147485688.0,147793028.5,1814912.5561763,154894551.0,6,11,44,0,4,2022
2022-11-13,Wisconsin,148390555,145964568.0,153506964.0,154578677.0,147627599.25,1687562.2594526617,153628780.66666666,6,11,45,0,4,2022
2022-11-20,Wisconsin,152474912,148390555.0,151968250.0,146967859.0,148339992.75,2944999.2601175583,152589081.75,6,11,46,0,4,2022
2022-11-27,Wisconsin,150635816,152474912.0,152510846.0,152496195.0,149366462.75,2816558.0791513897,151135716.83333334,6,11,47,0,4,2022
2022-12-04,Wisconsin,142193070,150635816.0,149052272.0,156608949.0,148423588.25,4476889.716621458,149928083.41666666,6,12,48,0,4,2022
2022-12-11,Wisconsin,147823738,142193070.0,149625338.0,164745922.0,148281884.0,4487242.410557591,149223022.08333334,6,12,49,0,4,2022
2022-12-18,Wisconsin,155791297,147823738.0,146529936.0,165614107.0,149110980.25,5670574.068000784,149413383.16666666,6,12,50,0,4,2022
2022-12-25,Wisconsin,161068988,155791297.0,145964568.0,165984431.0,151719273.25,8365052.033534817,150171778.0,6,12,51,1,4,2022
2023-01-01,Wisconsin,142641458,161068988.0,148390555.0,170291439.0,151831370.25,8196141.469708392,149349329.0,6,1,52,0,1,2023
2023-01-08,Wisconsin,140556535,142641458.0,152474912.0,169388310.0,150014569.5,9989793.771261767,148641350.91666666,6,1,1,0,1,2023
2023-01-15,Wisconsin,142879650,140556535.0,150635816.0,173919687.0,146786657.75,9578565.956970328,148079210.25,6,1,2,0,1,2023
2023-01-22,Wisconsin,141574072,142879650.0,142193070.0,170159445.0,141912928.75,1067697.3268623122,147666221.58333334,6,1,3,0,1,2023
2023-01-29,Wisconsin,144952624,141574072.0,147823738.0,181212901.0,142490720.25,1896800.202116255,147581892.91666666,6,1,4,0,1,2023
2023-02-05,Wisconsin,145493912,144952624.0,155791297.0,167227740.0,143725064.5,1823660.9897093524,147340506.0,6,2,5,0,1,2023
2023-02-12,Wisconsin,150103507,145493912.0,161068988.0,169197846.0,145531028.75,3507182.8094187304,147142888.91666666,6,2,6,0,1,2023
2023-02-19,Wisconsin,149355707,150103507.0,142641458.0,171737769.0,147476437.5,2628890.130352413,147036213.16666666,6,2,7,0,1,2023
2023-02-26,Wisconsin,147986205,149355707.0,140556535.0,168619060.0,148234832.75,2026718.6001660211,147518974.41666666,6,2,8,0,1,2023
2023-03-05,Wisconsin,153305059,147986205.0,142879650.0,167300996.0,150187619.5,2255645.3738182485,147975751.16666666,6,3,9,0,1,2023
2023-03-12,Wisconsin,161762846,153305059.0,141574072.0,163347700.0,153102454.25,6198321.151508117,148473380.25,6,3,10,0,1,2023
2023-03-19,Wisconsin,160997581,161762846.0,144952624.0,163579799.0,156012922.75,6574424.161778042,148467429.66666666,6,3,11,0,1,2023
2023-03-26,Wisconsin,146433104,160997581.0,145493912.0,164951299.0,155624647.5,7220592.264317127,148783400.16666666,6,3,12,0,1,2023
2023-04-02,Wisconsin,148877959,146433104.0,150103507.0,168076195.0,154517872.5,7992671.002169195,149476852.16666666,6,4,13,0,2,2023
2023-04-09,Wisconsin,158992907,148877959.0,149355707.0,156684671.0,153825387.75,7240315.865377393,150819623.58333334,6,4,14,0,2,2023
2023-04-16,Wisconsin,162525239,158992907.0,147986205.0,156284474.0,154207302.25,7765954.384509495,152565554.16666666,6,4,15,0,2,2023
2023-04-23,Wisconsin,155482743,162525239.0,153305059.0,153506964.0,156469712.0,5820788.654346994,153443064.08333334,6,4,16,0,2,2023
2023-04-30,Wisconsin,162200446,155482743.0,161762846.0,151968250.0,159800333.75,3290348.2731153113,154835275.25,6,4,17,0,2,2023
2023-05-07,Wisconsin,167233104,162200446.0,160997581.0,152510846.0,161860383.0,4833842.476337914,156262741.66666666,6,5,18,0,2,2023
2020-05-03,Wyoming,13831896,13110749.0,13765269.0,12906407.0,13064395.25,569378.6875254902,12787435.916666666,6,5,18,0,2,2020
2020-05-10,Wyoming,13542037,13831896.0,13280268.0,12182099.0,13325141.25,450611.4901141743,12935110.416666666,6,5,19,0,2,2020
2020-05-17,Wyoming,13754300,13542037.0,12158058.0,12461447.0,13559745.5,323434.0716462423,13093248.5,6,5,20,0,2,2020
2020-05-24,Wyoming,14021484,13754300.0,12759776.0,12136073.0,13787429.25,198388.35770507448,13213751.666666666,6,5,21,0,2,2020
2020-05-31,Wyoming,14228464,14021484.0,12499053.0,11816719.0,13886571.25,300716.7191975142,13313936.416666666,6,5,22,0,2,2020
2020-06-07,Wyoming,15536011,14228464.0,12815883.0,12021378.0,14385064.75,791466.1915084665,13461498.25,6,6,23,0,2,2020
2020-06-14,Wyoming,15317087,15536011.0,13110749.0,12048604.0,14775761.5,761463.8752020131,13631233.166666666,6,6,24,0,2,2020
2020-06-21,Wyoming,14818330,15317087.0,13831896.0,11965099.0,14974973.0,581268.2521779423,13852922.5,6,6,25,0,2,2020
2020-06-28,Wyoming,16040050,14818330.0,13542037.0,11479225.0,15427869.5,506711.8553211477,14126278.666666666,6,6,26,0,2,2020
2020-07-05,Wyoming,16803920,16040050.0,13754300.0,11820203.0,15744846.75,866062.5072565969,14485017.583333334,6,7,27,0,3,2020
2020-07-12,Wyoming,16021548,16803920.0,14021484.0,12078295.0,15920962.0,820510.3396317845,14752156.333333334,6,7,28,0,3,2020
2020-07-19,Wyoming,16371053,16021548.0,14228464.0,12814748.0,16309142.75,366860.1252533672,15023848.333333334,6,7,29,0,3,2020
2020-07-26,Wyoming,16038079,16371053.0,15536011.0,11653245.0,16308650.0,367343.04210732813,15207696.916666666,6,7,30,0,3,2020
2020-08-02,Wyoming,15876121,16038079.0,15317087.0,11764975.0,16076700.25,209291.6215831782,15402203.916666666,6,8,31,0,3,2020
2020-08-09,Wyoming,16228537,15876121.0,14818330.0,11771635.0,16128447.5,216572.1319676185,15608390.333333334,6,8,32,0,3,2020
2020-08-16,Wyoming,15832146,16228537.0,16040050.0,11686723.0,15993720.75,179854.03956611472,15759278.833333334,6,8,33,0,3,2020
2020-08-23,Wyoming,15464859,15832146.0,16803920.0,11777732.0,15850415.75,312316.2023840307,15862311.75,6,8,34,0,3,2020
2020-08-30,Wyoming,14990103,15464859.0,16021548.0,12232547.0,15628911.25,527839.7877730037,15816819.416666666,6,8,35,1,3,2020
2020-09-06,Wyoming,15331993,14990103.0,16371053.0,11651381.0,15404775.25,348092.969288737,15818061.583333334,6,9,36,0,3,2020
2020-09-13,Wyoming,13782139,15331993.0,16038079.0,11769943.0,14892273.5,766632.5961960744,15731712.333333334,6,9,37,0,3,2020
2020-09-20,Wyoming,14227153,13782139.0,15876121.0,11856643.0,14582847.0,705863.2307919146,15580637.583333334,6,9,38,0,3,2020
2020-09-27,Wyoming,13709820,14227153.0,16228537.0,12575446.0,14262776.25,748613.4416200725,15322795.916666666,6,9,39,0,3,2020
2020-10-04,Wyoming,13837191,13709820.0,15832146.0,13026247.0,13889075.75,231341.2678697486,15140766.166666666,6,10,40,0,4,2020
2020-10-11,Wyoming,13688789,13837191.0,15464859.0,13765269.0,13865738.25,249704.56193853595,14917244.166666666,6,10,41,0,4,2020
2020-10-18,Wyoming,13060879,13688789.0,14990103.0,13280268.0,13574169.75,348418.3954112009,14669144.166666666,6,10,42,0,4,2020
2020-10-25,Wyoming,12396055,13060879.0,15331993.0,12158058.0,13245728.5,658848.7155179601,14379138.666666666,6,10,43,1,4,2020
2020-11-01,Wyoming,12429956,12396055.0,13782139.0,12759776.0,12893919.75,611779.9676252753,14062590.25,6,11,44,0,4,2020
2020-11-08,Wyoming,13085742,12429956.0,14227153.0,12499053.0,12743158.0,381613.4240781714,13833723.25,6,11,45,0,4,2020
2020-11-15,Wyoming,12346349,13085742.0,13709820.0,12815883.0,12564525.5,349169.9131392427,13573847.416666666,6,11,46,0,4,2020
2020-11-22,Wyoming,12776668,12346349.0,13837191.0,13110749.0,12659678.75,339688.31385980325,13389394.5,6,11,47,0,4,2020
2020-11-29,Wyoming,11916096,12776668.0,13688789.0,13831896.0,12531213.75,509998.10164638475,13104736.416666666,6,11,48,0,4,2020
2020-12-06,Wyoming,12267039,11916096.0,13060879.0,13542037.0,12326538.0,353559.16948746523,12978478.083333334,6,12,49,0,4,2020
2020-12-13,Wyoming,12499163,12267039.0,12396055.0,13754300.0,12364741.5,364500.18026561546,12834478.916666666,6,12,50,0,4,2020
2020-12-20,Wyoming,12978665,12499163.0,12429956.0,14021484.0,12415240.75,445570.4469885574,12773549.333333334,6,12,51,0,4,2020
2020-12-27,Wyoming,12368154,12978665.0,13085742.0,14228464.0,12528255.25,314950.60005274287,12651129.583333334,6,12,52,0,4,2020
2021-01-03,Wyoming,12255352,12368154.0,12346349.0,15536011.0,12525333.5,318218.87097038433,12531676.5,6,1,53,0,1,2021
2021-01-10,Wyoming,12464569,12255352.0,12776668.0,15317087.0,12516685.0,319634.1620801289,12481984.0,6,1,1,0,1,2021
2021-01-17,Wyoming,12324836,12464569.0,11916096.0,14818330.0,12353227.75,87569.82127945687,12476049.083333334,6,1,2,0,1,2021
2021-01-24,Wyoming,12243267,12324836.0,12267039.0,16040050.0,12322006.0,101611.68519745176,12460491.666666666,6,1,3,0,1,2021
2021-01-31,Wyoming,12380809,12243267.0,12499163.0,16803920.0,12353370.25,93193.30463566595,12401747.25,6,1,4,0,1,2021
2021-02-07,Wyoming,12460755,12380809.0,12978665.0,16021548.0,12352416.75,91683.62625308859,12411281.083333334,6,2,5,0,1,2021
2021-02-14,Wyoming,11857725,12460755.0,12368154.0,16371053.0,12235639.0,267475.0581119657,12334702.5,6,2,6,0,1,2021
2021-02-21,Wyoming,12206507,11857725.0,12255352.0,16038079.0,12226449.0,267756.96864631947,12358903.416666666,6,2,7,0,1,2021
2021-02-28,Wyoming,12722268,12206507.0,12464569.0,15876121.0,12311813.75,368755.6967997234,12396839.166666666,6,2,8,0,1,2021
2021-03-07,Wyoming,13776276,12722268.0,12324836.0,16228537.0,12640694.0,836213.6094981949,12503265.25,6,3,9,0,1,2021
2021-03-14,Wyoming,14429850,13776276.0,12243267.0,15832146.0,13283725.25,1005292.9234139918,12624197.333333334,6,3,10,0,1,2021
2021-03-21,Wyoming,13373539,14429850.0,12380809.0,15464859.0,13575483.25,716244.3751725035,12707979.416666666,6,3,11,0,1,2021
2021-03-28,Wyoming,12786513,13373539.0,12460755.0,14990103.0,13591544.5,691009.8775089977,12752242.833333334,6,3,12,0,1,2021
2021-04-04,Wyoming,13424499,12786513.0,11857725.0,15331993.0,13503600.25,681988.6753680372,12832237.0,6,4,13,0,2,2021
2021-04-11,Wyoming,13322350,13424499.0,12206507.0,13782139.0,13226725.25,296422.92491233465,12915363.166666666,6,4,14,0,2,2021
2021-04-18,Wyoming,13013595,13322350.0,12722268.0,14227153.0,13136739.25,291593.29938160494,12979557.166666666,6,4,15,0,2,2021
2021-04-25,Wyoming,13628281,13013595.0,13776276.0,13709820.0,13347181.25,256184.49151653092,13083513.166666666,6,4,16,1,2,2021
2021-05-02,Wyoming,14533147,13628281.0,14429850.0,13837191.0,13624343.25,655782.7663214782,13256212.5,6,5,17,0,2,2021
2021-05-09,Wyoming,14375411,14533147.0,13373539.0,13688789.0,13887608.5,703756.9619376189,13466019.666666666,6,5,18,0,2,2021
2021-05-16,Wyoming,14116462,14375411.0,12786513.0,13060879.0,14163325.25,395902.7682755582,13625182.583333334,6,5,19,0,2,2021
2021-05-23,Wyoming,14893983,14116462.0,13424499.0,12396055.0,14479750.75,325220.4461391024,13806158.833333334,6,5,20,0,2,2021
2021-05-30,Wyoming,15279759,14893983.0,13322350.0,12429956.0,14666403.75,521251.59845598246,13931449.083333334,6,5,21,0,2,2021
2021-06-06,Wyoming,16692900,15279759.0,13013595.0,13085742.0,15245776.0,1079263.8140742048,14120036.583333334,6,6,22,0,2,2021
2021-06-13,Wyoming,16682966,16692900.0,13628281.0,12346349.0,15887402.0,937702.9435647517,14395822.166666666,6,6,23,0,2,2021
2021-06-20,Wyoming,16736238,16682966.0,14533147.0,12776668.0,16347965.75,712513.3461179868,14724965.916666666,6,6,24,0,2,2021
2021-06-27,Wyoming,16368765,16736238.0,14375411.0,11916096.0,16620217.25,169222.9655757463,14970321.416666666,6,6,25,0,2,2021
2021-07-04,Wyoming,17873033,16368765.0,14116462.0,12267039.0,16915250.5,658785.5703522457,15349545.0,6,7,26,0,3,2021
2021-07-11,Wyoming,16955935,17873033.0,14893983.0,12499163.0,16983492.75,640589.9374724184,15678073.333333334,6,7,27,0,3,2021
2021-07-18,Wyoming,17100529,16955935.0,15279759.0,12978665.0,17074565.5,619260.847898256,15967427.333333334,6,7,28,0,3,2021
2021-07-25,Wyoming,17069849,17100529.0,16692900.0,12368154.0,17249836.5,420095.3062607744,16178819.166666666,6,7,29,0,3,2021
2021-08-01,Wyoming,16465111,17069849.0,16682966.0,12255352.0,16897856.0,295126.7198137099,16352960.833333334,6,8,30,0,3,2021
2021-08-08,Wyoming,17021149,16465111.0,16736238.0,12464569.0,16914159.5,301144.5496783896,16595018.083333334,6,8,31,0,3,2021
2021-08-15,Wyoming,16898618,17021149.0,16368765.0,12324836.0,16863681.75,275305.9232410072,16762071.0,6,8,32,1,3,2021
2021-08-22,Wyoming,16109259,16898618.0,17873033.0,12243267.0,16623534.25,417670.3316551421,16831196.0,6,8,33,0,3,2021
2021-08-29,Wyoming,15228529,16109259.0,16955935.0,12380809.0,16314388.75,829056.3870129199,16709165.083333334,6,8,34,0,3,2021
2021-09-05,Wyoming,15998475,15228529.0,17100529.0,12460755.0,16058720.25,683332.3733564189,16652124.166666666,6,9,35,0,3,2021
2021-09-12,Wyoming,14814966,15998475.0,17069849.0,11857725.0,15537807.25,621000.3722738418,16492018.166666666,6,9,36,0,3,2021
2021-09-19,Wyoming,14998006,14814966.0,16465111.0,12206507.0,15259994.0,520586.8056062634,16377788.25,6,9,37,0,3,2021
2021-09-26,Wyoming,14524620,14998006.0,17021149.0,12722268.0,15084016.75,640037.6994351585,16098753.833333334,6,9,38,0,3,2021
2021-10-03,Wyoming,21168304,14524620.0,16898618.0,13776276.0,16376474.0,3200493.672716966,16449784.583333334,6,10,39,0,4,2021
2021-10-10,Wyoming,20630874,21168304.0,16109259.0,14429850.0,17830451.0,3555975.9516961486,16743980.0,6,10,40,0,4,2021
2021-10-17,Wyoming,19626614,20630874.0,15228529.0,13373539.0,18987603.0,3043153.4492612537,16957043.75,6,10,41,0,4,2021
2021-10-24,Wyoming,19280840,19626614.0,15998475.0,12786513.0,20176658.0,874587.9515581419,17191687.833333332,6,10,42,0,4,2021
2021-10-31,Wyoming,19126432,19280840.0,14814966.0,13424499.0,19666190.0,676267.895806585,17367128.083333332,6,10,43,0,4,2021
2021-11-07,Wyoming,19442598,19126432.0,14998006.0,13322350.0,19369121.0,214781.28430258168,17579126.416666668,6,11,44,0,4,2021
2021-11-14,Wyoming,18964164,19442598.0,14524620.0,13013595.0,19203508.5,205240.12476040455,17817035.166666668,6,11,45,0,4,2021
2021-11-21,Wyoming,19314003,18964164.0,21168304.0,13628281.0,19211799.25,210019.40698480644,18157491.333333332,6,11,46,0,4,2021
2021-11-28,Wyoming,18555036,19314003.0,20630874.0,14533147.0,19068950.25,397807.1165379646,18370538.083333332,6,11,47,0,4,2021
2021-12-05,Wyoming,18970923,18555036.0,19626614.0,14375411.0,18951031.5,310445.3146481676,18716867.833333332,6,12,48,0,4,2021
2021-12-12,Wyoming,19117619,18970923.0,19280840.0,14116462.0,18989395.25,321880.259053347,19060168.916666668,6,12,49,0,4,2021
2021-12-19,Wyoming,19943649,19117619.0,19126432.0,14893983.0,19146806.75,582219.0911231352,19511754.666666668,6,12,50,0,4,2021
2021-12-26,Wyoming,19421555,19943649.0,19442598.0,15279759.0,19363436.5,429929.2175025241,19366192.25,6,12,51,0,4,2021
2022-01-02,Wyoming,18558114,19421555.0,18964164.0,16692900.0,19260234.25,579192.5586224175,19193462.25,6,1,52,0,1,2022
2022-01-09,Wyoming,19060213,18558114.0,19314003.0,16682966.0,19245882.75,584590.3376441626,19146262.166666668,6,1,1,0,1,2022
2022-01-16,Wyoming,19293884,19060213.0,18555036.0,16736238.0,19083441.5,380839.1305862174,19147349.166666668,6,1,2,0,1,2022
2022-01-23,Wyoming,18742366,19293884.0,18970923.0,16368765.0,18913644.25,327517.2583466647,19115343.666666668,6,1,3,0,1,2022
2022-01-30,Wyoming,19087435,18742366.0,19117619.0,17873033.0,19045974.5,227712.50105121464,19085746.75,6,1,4,0,1,2022
2022-02-06,Wyoming,19332637,19087435.0,19943649.0,16955935.0,19114080.5,270171.4853477315,19116452.833333332,6,2,5,0,1,2022
2022-02-13,Wyoming,18750807,19332637.0,19421555.0,17100529.0,18978311.25,285705.6029626467,19069519.833333332,6,2,6,0,1,2022
2022-02-20,Wyoming,18726525,18750807.0,18558114.0,17069849.0,18974351.0,290141.6292456718,19083810.583333332,6,2,7,0,1,2022
2022-02-27,Wyoming,19316739,18726525.0,19060213.0,16465111.0,19031677.0,338547.37012122775,19112628.583333332,6,2,8,0,1,2022
2022-03-06,Wyoming,20806984,19316739.0,19293884.0,17021149.0,19400263.75,976653.507134567,19253409.0,6,3,9,0,1,2022
2022-03-13,Wyoming,19684154,20806984.0,18742366.0,16898618.0,19633600.5,876084.4075234227,19231784.416666668,6,3,10,0,1,2022
2022-03-20,Wyoming,19868982,19684154.0,19087435.0,16109259.0,19919214.75,634793.4456568662,19269070.0,6,3,11,0,1,2022
2022-03-27,Wyoming,19955137,19868982.0,19332637.0,15228529.0,20078814.25,498435.3963663863,19385488.583333332,6,3,12,0,1,2022
2022-04-03,Wyoming,20758233,19955137.0,18750807.0,15998475.0,20066626.5,474727.29754003685,19526990.25,6,4,13,0,2,2022
2022-04-10,Wyoming,20264842,20758233.0,18726525.0,14814966.0,20211798.5,401996.08370273147,19607903.416666668,6,4,14,0,2,2022
2022-04-17,Wyoming,20243209,20264842.0,19316739.0,14998006.0,20305355.25,333293.9437857371,19732973.666666668,6,4,15,0,2,2022
2022-04-24,Wyoming,20089693,20243209.0,20806984.0,14524620.0,20338994.25,290164.0990030469,19816495.166666668,6,4,16,0,2,2022
2022-05-01,Wyoming,21096833,20089693.0,19684154.0,21168304.0,20423644.25,455514.93372912594,19963511.5,6,5,17,0,2,2022
2022-05-08,Wyoming,21531689,21096833.0,19868982.0,20630874.0,20740356.0,688912.4878134623,20195251.666666668,6,5,18,0,2,2022
2022-05-15,Wyoming,21616613,21531689.0,19955137.0,19626614.0,21083707.0,700693.1808887539,20436092.333333332,6,5,19,0,2,2022
2022-05-22,Wyoming,21585248,21616613.0,20758233.0,19280840.0,21457595.75,243050.85490540863,20625134.75,6,5,20,0,2,2022
2022-05-29,Wyoming,22541744,21585248.0,20264842.0,19126432.0,21818823.5,483220.74697492033,20769698.083333332,6,5,21,0,2,2022
2022-06-05,Wyoming,24100158,22541744.0,20243209.0,19442598.0,22460940.75,1179447.5401264145,21137698.416666668,6,6,22,0,2,2022
2022-06-12,Wyoming,24664630,24100158.0,20089693.0,18964164.0,23222945.0,1413511.531942583,21537335.75,6,6,23,0,2,2022
2022-06-19,Wyoming,24740091,24664630.0,21096833.0,19314003.0,24011655.75,1020696.9001044912,21936081.916666668,6,6,24,0,2,2022
2022-06-26,Wyoming,24498523,24740091.0,21531689.0,18555036.0,24500850.5,285551.88569563837,22247772.75,6,6,25,0,2,2022
2022-07-03,Wyoming,26235911,24498523.0,21616613.0,18970923.0,25034788.75,807081.135558822,22745361.833333332,6,7,26,0,3,2022
2022-07-10,Wyoming,25544968,26235911.0,21585248.0,19117619.0,25254873.25,792392.2632326224,23187175.083333332,6,7,27,1,3,2022
2022-07-17,Wyoming,25693764,25544968.0,22541744.0,19943649.0,25493291.5,726614.931097392,23654181.0,6,7,28,0,3,2022
2022-07-24,Wyoming,26000871,25693764.0,24100158.0,19421555.0,25868878.5,309686.9259069033,24062850.833333332,6,7,29,0,3,2022
2022-07-31,Wyoming,25244641,26000871.0,24664630.0,18558114.0,25621061.0,314655.11456090165,24372263.5,6,7,30,0,3,2022
2022-08-07,Wyoming,25201050,25244641.0,24740091.0,19060213.0,25535081.5,382131.1821652359,24670966.583333332,6,8,31,0,3,2022
2022-08-14,Wyoming,24566757,25201050.0,24498523.0,19293884.0,25253329.75,586801.7064650122,24919425.666666668,6,8,32,0,3,2022
2022-08-21,Wyoming,23638624,24566757.0,26235911.0,18742366.0,24662768.0,749758.3487386672,25010832.333333332,6,8,33,0,3,2022
2022-08-28,Wyoming,22936352,23638624.0,25544968.0,19087435.0,24085695.75,999383.0154244745,24913848.5,6,8,34,0,3,2022
2022-09-04,Wyoming,24172878,22936352.0,25693764.0,19332637.0,23828652.75,706069.0383814571,24872869.166666668,6,9,35,0,3,2022
2022-09-11,Wyoming,22719550,24172878.0,26000871.0,18750807.0,23366851.0,665298.945803062,24704490.75,6,9,36,0,3,2022
2022-09-18,Wyoming,22254099,22719550.0,25244641.0,18726525.0,23020719.75,819145.3153396627,24517455.416666668,6,9,37,0,3,2022
2022-09-25,Wyoming,21497707,22254099.0,25201050.0,19316739.0,22661058.5,1126650.2271993433,24122605.083333332,6,9,38,0,3,2022
2022-10-02,Wyoming,21704018,21497707.0,24566757.0,20806984.0,22043843.5,552127.1280254809,23802525.916666668,6,10,39,1,4,2022
2022-10-09,Wyoming,21604743,21704018.0,23638624.0,19684154.0,21765141.75,336682.0506307335,23461774.166666668,6,10,40,1,4,2022
2022-10-16,Wyoming,20696539,21604743.0,22936352.0,19868982.0,21375751.75,460578.8988619819,23019746.5,6,10,41,0,4,2022
2022-10-23,Wyoming,20298615,20696539.0,24172878.0,19955137.0,21075978.75,688547.7120511808,22607577.666666668,6,10,42,0,4,2022
2022-10-30,Wyoming,19606306,20298615.0,22719550.0,20758233.0,20551550.75,834206.1374202314,22141349.0,6,10,43,0,4,2022
2022-11-06,Wyoming,20495111,19606306.0,22254099.0,20264842.0,20274142.75,473937.5399046962,21802045.166666668,6,11,44,0,4,2022
2022-11-13,Wyoming,19780659,20495111.0,21497707.0,20243209.0,20045172.75,420019.42458762013,21480548.083333332,6,11,45,0,4,2022
2022-11-20,Wyoming,20184986,19780659.0,21704018.0,20089693.0,20016765.5,400556.21098375885,21251267.583333332,6,11,46,0,4,2022
2022-11-27,Wyoming,19548922,20184986.0,21604743.0,21096833.0,20002419.5,420679.269341461,20865937.916666668,6,11,47,0,4,2022
2022-12-04,Wyoming,19550615,19548922.0,20696539.0,21531689.0,19766295.5,299598.2651846728,20601860.0,6,12,48,0,4,2022
2022-12-11,Wyoming,20143294,19550615.0,20298615.0,21616613.0,19856954.25,355116.3586623152,20425959.583333332,6,12,49,0,4,2022
2022-12-18,Wyoming,20651204,20143294.0,19606306.0,21585248.0,19973508.75,531416.6334916345,20355417.666666668,6,12,50,0,4,2022
2022-12-25,Wyoming,21015453,20651204.0,20495111.0,22541744.0,20340141.5,636371.6244975612,20298037.25,6,12,51,1,4,2022
2023-01-01,Wyoming,19128635,21015453.0,19780659.0,24100158.0,20234646.5,819509.1332899623,20091694.916666668,6,1,52,0,1,2023
2023-01-08,Wyoming,19531016,19128635.0,20184986.0,24664630.0,20081577.0,895882.2788346682,19994568.0,6,1,1,0,1,2023
2023-01-15,Wyoming,19876354,19531016.0,19548922.0,24740091.0,19887864.5,811451.0875719279,19959379.583333332,6,1,2,0,1,2023
2023-01-22,Wyoming,19709727,19876354.0,19550615.0,24498523.0,19561433.0,321146.7210741299,19967998.0,6,1,3,0,1,2023
2023-01-29,Wyoming,19594505,19709727.0,20143294.0,26235911.0,19677900.5,151576.8050912309,19892947.5,6,1,4,0,1,2023
2023-02-05,Wyoming,20212000,19594505.0,20651204.0,25544968.0,19848146.5,268749.57427624887,19928892.583333332,6,2,5,0,1,2023
2023-02-12,Wyoming,20510614,20212000.0,21015453.0,25693764.0,20006711.5,429796.4982101006,19956028.25,6,2,6,0,1,2023
2023-02-19,Wyoming,20096421,20510614.0,19128635.0,26000871.0,20103385.0,381505.80090041243,20001653.166666668,6,2,7,0,1,2023
2023-02-26,Wyoming,19972751,20096421.0,19531016.0,25244641.0,20197946.5,230202.01764898805,20036831.166666668,6,2,8,0,1,2023
2023-03-05,Wyoming,21887585,19972751.0,19876354.0,25201050.0,20616842.75,877831.3037542664,20182188.75,6,3,9,0,1,2023
2023-03-12,Wyoming,21955065,21887585.0,19709727.0,24566757.0,20977955.5,1090826.5923556925,20290843.833333332,6,3,10,0,1,2023
2023-03-19,Wyoming,21499314,21955065.0,19594505.0,23638624.0,21328678.75,925993.5892939985,20331165.583333332,6,3,11,0,1,2023
2023-03-26,Wyoming,20230807,21499314.0,20212000.0,22936352.0,21393192.75,800526.1756463157,20423013.25,6,3,12,0,1,2023
2023-04-02,Wyoming,20543373,20230807.0,20510614.0,24172878.0,21057139.75,805930.0856936963,20507376.333333332,6,4,13,0,2,2023
2023-04-09,Wyoming,21188736,20543373.0,20096421.0,22719550.0,20865557.5,581034.3344545127,20616741.5,6,4,14,0,2,2023
2023-04-16,Wyoming,20958790,21188736.0,19972751.0,22254099.0,20730426.5,426929.4018784975,20720830.083333332,6,4,15,0,2,2023
2023-04-23,Wyoming,21367217,20958790.0,21887585.0,21497707.0,21014529.0,355823.79377532547,20868556.083333332,6,4,16,0,2,2023
2023-04-30,Wyoming,22511772,21367217.0,21955065.0,21704018.0,21506628.75,690635.3802991238,21060203.75,6,4,17,0,2,2023
2023-05-07,Wyoming,23276821,22511772.0,21499314.0,21604743.0,22028650.0,1060413.7156811324,21290721.0,6,5,18,0,2,2023
